2026-05-08 12:00:33 | INFO | No hay sesion activa en Magneto. Abriendo inicio de sesion.
2026-05-08 12:01:18 | INFO | No hay sesion activa en Magneto. Abriendo inicio de sesion.
2026-05-08 12:01:30 | INFO | No se encontro boton de Google. Esperando inicio manual.
2026-05-08 12:01:30 | INFO | Sesion iniciada correctamente.
2026-05-08 12:01:30 | INFO | Buscando en Magneto: https://www.magneto365.com/co/trabajos/ofertas-empleo-de-full-stack-developer
2026-05-08 12:01:52 | INFO | No se encontraron resultados visibles en la búsqueda actual.
2026-05-08 12:01:52 | INFO | Ofertas extraídas de Magneto: 0
2026-05-08 12:01:52 | INFO | Busqueda por URL sin resultados. Usando pagina de ciudad para: Full Stack Developer
2026-05-08 12:01:53 | INFO | Ofertas extraídas de Magneto: 0
2026-05-08 12:01:53 | INFO | Buscando en Magneto: https://www.magneto365.com/co/trabajos/ofertas-empleo-de-frontend-developer
2026-05-08 12:02:14 | INFO | No se encontraron resultados visibles en la búsqueda actual.
2026-05-08 12:02:14 | INFO | Ofertas extraídas de Magneto: 0
2026-05-08 12:02:14 | INFO | Busqueda por URL sin resultados. Usando pagina de ciudad para: Frontend Developer
2026-05-08 12:02:16 | INFO | Ofertas extraídas de Magneto: 0
2026-05-08 12:02:16 | INFO | Buscando en Magneto: https://www.magneto365.com/co/trabajos/ofertas-empleo-de-backend-developer
2026-05-08 12:02:37 | INFO | No se encontraron resultados visibles en la búsqueda actual.
2026-05-08 12:02:37 | INFO | Ofertas extraídas de Magneto: 0
2026-05-08 12:02:37 | INFO | Busqueda por URL sin resultados. Usando pagina de ciudad para: Backend Developer
2026-05-08 12:02:39 | INFO | Ofertas extraídas de Magneto: 0
2026-05-08 12:02:39 | INFO | Buscando en Magneto: https://www.magneto365.com/co/trabajos/ofertas-empleo-de-react-developer
2026-05-08 12:03:00 | INFO | No se encontraron resultados visibles en la búsqueda actual.
2026-05-08 12:03:00 | INFO | Ofertas extraídas de Magneto: 0
2026-05-08 12:03:00 | INFO | Busqueda por URL sin resultados. Usando pagina de ciudad para: React Developer
2026-05-08 12:03:02 | INFO | Ofertas extraídas de Magneto: 0
2026-05-08 12:03:02 | INFO | Buscando en Magneto: https://www.magneto365.com/co/trabajos/ofertas-empleo-de-node-js-developer
2026-05-08 12:08:30 | INFO | No hay sesion activa en Magneto. Abriendo inicio de sesion.
2026-05-08 12:08:42 | INFO | No se encontro boton de Google. Esperando inicio manual.
2026-05-08 12:08:42 | INFO | Sesion iniciada correctamente.
2026-05-08 12:08:42 | INFO | Buscando en Magneto: https://www.magneto365.com/co/trabajos/buscar/full-stack-developer
2026-05-08 12:08:44 | INFO | Ofertas extraídas de Magneto: 2
2026-05-08 12:08:44 | INFO | Buscando en Magneto: https://www.magneto365.com/co/trabajos/buscar/frontend-developer
2026-05-08 12:08:46 | INFO | Ofertas extraídas de Magneto: 1
2026-05-08 12:08:46 | INFO | Buscando en Magneto: https://www.magneto365.com/co/trabajos/buscar/backend-developer
2026-05-08 12:08:48 | INFO | Ofertas extraídas de Magneto: 4
2026-05-08 12:08:48 | INFO | Buscando en Magneto: https://www.magneto365.com/co/trabajos/buscar/react-developer
2026-05-08 12:08:49 | INFO | Ofertas extraídas de Magneto: 3
2026-05-08 12:08:49 | INFO | Buscando en Magneto: https://www.magneto365.com/co/trabajos/buscar/node-js-developer
2026-05-08 12:09:11 | INFO | No se encontraron resultados visibles en la búsqueda actual.
2026-05-08 12:09:11 | INFO | Ofertas extraídas de Magneto: 0
2026-05-08 12:09:11 | INFO | Busqueda por URL sin resultados. Usando pagina de ciudad para: Node.js Developer
2026-05-08 12:09:13 | INFO | Ofertas extraídas de Magneto: 0
2026-05-08 12:09:13 | INFO | Buscando en Magneto: https://www.magneto365.com/co/trabajos/buscar/javascript-developer
2026-05-08 12:09:14 | INFO | Ofertas extraídas de Magneto: 2
2026-05-08 12:09:14 | INFO | Buscando en Magneto: https://www.magneto365.com/co/trabajos/buscar/typescript-developer
2026-05-08 12:09:35 | INFO | No se encontraron resultados visibles en la búsqueda actual.
2026-05-08 12:09:35 | INFO | Ofertas extraídas de Magneto: 0
2026-05-08 12:09:35 | INFO | Busqueda por URL sin resultados. Usando pagina de ciudad para: TypeScript Developer
2026-05-08 12:09:37 | INFO | Ofertas extraídas de Magneto: 0
2026-05-08 12:09:37 | INFO | Buscando en Magneto: https://www.magneto365.com/co/trabajos/buscar/software-engineer
2026-05-08 12:09:38 | INFO | Ofertas extraídas de Magneto: 2
2026-05-08 12:09:38 | INFO | Abriendo oferta: https://www.magneto365.com/co/empleos/desarrollador-fullstack-senior-net-react-teletrabajo-colombia-889531
2026-05-08 12:09:57 | INFO | Resumen ciclo | revisadas=8 | aplicadas=0 | errores=0 | omitidas=8
2026-05-08 12:09:57 | INFO | Esperando 300 segundos para el siguiente ciclo.
2026-05-08 12:12:10 | INFO | No hay sesion activa en Magneto. Abriendo inicio de sesion.
2026-05-08 12:12:23 | INFO | No se encontro boton de Google. Esperando inicio manual.
2026-05-08 12:12:23 | INFO | Sesion iniciada correctamente.
2026-05-08 12:12:23 | INFO | Buscando en Magneto: https://www.magneto365.com/co/trabajos/buscar/full-stack-developer
2026-05-08 12:12:24 | INFO | Ofertas extraídas de Magneto: 2
2026-05-08 12:12:24 | INFO | Buscando en Magneto: https://www.magneto365.com/co/trabajos/buscar/frontend-developer
2026-05-08 12:12:25 | INFO | Ofertas extraídas de Magneto: 1
2026-05-08 12:12:25 | INFO | Buscando en Magneto: https://www.magneto365.com/co/trabajos/buscar/backend-developer
2026-05-08 12:12:26 | INFO | Ofertas extraídas de Magneto: 4
2026-05-08 12:12:26 | INFO | Buscando en Magneto: https://www.magneto365.com/co/trabajos/buscar/react-developer
2026-05-08 12:12:31 | INFO | Ofertas extraídas de Magneto: 3
2026-05-08 12:12:31 | INFO | Buscando en Magneto: https://www.magneto365.com/co/trabajos/buscar/node-js-developer
2026-05-08 12:12:53 | INFO | No se encontraron resultados visibles en la búsqueda actual.
2026-05-08 12:12:53 | INFO | Ofertas extraídas de Magneto: 0
2026-05-08 12:12:53 | INFO | Busqueda por URL sin resultados. Usando pagina de ciudad para: Node.js Developer
2026-05-08 12:12:54 | INFO | Ofertas extraídas de Magneto: 0
2026-05-08 12:12:54 | INFO | Buscando en Magneto: https://www.magneto365.com/co/trabajos/buscar/javascript-developer
2026-05-08 12:12:55 | INFO | Ofertas extraídas de Magneto: 2
2026-05-08 12:12:55 | INFO | Buscando en Magneto: https://www.magneto365.com/co/trabajos/buscar/typescript-developer
2026-05-08 12:13:16 | INFO | No se encontraron resultados visibles en la búsqueda actual.
2026-05-08 12:13:16 | INFO | Ofertas extraídas de Magneto: 0
2026-05-08 12:13:16 | INFO | Busqueda por URL sin resultados. Usando pagina de ciudad para: TypeScript Developer
2026-05-08 12:13:18 | INFO | Ofertas extraídas de Magneto: 0
2026-05-08 12:13:18 | INFO | Buscando en Magneto: https://www.magneto365.com/co/trabajos/buscar/software-engineer
2026-05-08 12:13:19 | INFO | Ofertas extraídas de Magneto: 2
2026-05-08 12:13:19 | INFO | Oferta duplicada omitida: https://www.magneto365.com/co/empleos/desarrollador-de-software-con-enfoque-en-inteligencia-artificial-899657
2026-05-08 12:13:19 | INFO | Oferta duplicada omitida: https://www.magneto365.com/co/empleos/desarrollador-python-bogota-909596
2026-05-08 12:13:19 | INFO | Oferta duplicada omitida: https://www.magneto365.com/co/empleos/desarrolladora-fullstack-896069
2026-05-08 12:13:19 | INFO | Oferta duplicada omitida: https://www.magneto365.com/co/empleos/desarrollador-backend-senior-python-897964
2026-05-08 12:13:19 | INFO | Abriendo oferta: https://www.magneto365.com/co/empleos/desarrollador-fullstack-senior-net-react-teletrabajo-colombia-889531
2026-05-08 12:13:28 | INFO | Oferta duplicada omitida: https://www.magneto365.com/co/empleos/desarrollador-a-mobile-react-native-bogota-913246
2026-05-08 12:13:28 | INFO | Oferta duplicada omitida: https://www.magneto365.com/co/empleos/desarrollador-de-software-909610
2026-05-08 12:13:28 | INFO | Oferta duplicada omitida: https://www.magneto365.com/co/empleos/ingeniero-fullstack-senior-net-flutter-angular-teletrabajo-en-colombia-882683
2026-05-08 12:13:28 | INFO | Resumen ciclo | revisadas=8 | aplicadas=1 | errores=0 | omitidas=7
2026-05-08 12:13:28 | INFO | Esperando 300 segundos para el siguiente ciclo.
2026-05-08 12:16:29 | INFO | No hay sesion activa en Magneto. Abriendo inicio de sesion.
2026-05-08 12:16:40 | INFO | No se encontro boton de Google. Esperando inicio manual.
2026-05-08 12:16:40 | INFO | Sesion iniciada correctamente.
2026-05-08 12:16:40 | INFO | Buscando en Magneto: https://www.magneto365.com/co/trabajos/buscar/full-stack-developer
2026-05-08 12:16:42 | INFO | Ofertas extraídas de Magneto: 7
2026-05-08 12:16:42 | INFO | Buscando en Magneto: https://www.magneto365.com/co/trabajos/buscar/fullstack-developer
2026-05-08 12:16:44 | INFO | Ofertas extraídas de Magneto: 6
2026-05-08 12:16:44 | INFO | Buscando en Magneto: https://www.magneto365.com/co/trabajos/buscar/frontend-developer
2026-05-08 12:16:46 | INFO | Ofertas extraídas de Magneto: 1
2026-05-08 12:16:46 | INFO | Buscando en Magneto: https://www.magneto365.com/co/trabajos/buscar/backend-developer
2026-05-08 12:16:47 | INFO | Ofertas extraídas de Magneto: 4
2026-05-08 12:16:47 | INFO | Buscando en Magneto: https://www.magneto365.com/co/trabajos/buscar/react-developer
2026-05-08 12:16:49 | INFO | Ofertas extraídas de Magneto: 6
2026-05-08 12:16:49 | INFO | Buscando en Magneto: https://www.magneto365.com/co/trabajos/buscar/react-native
2026-05-08 12:16:51 | INFO | Ofertas extraídas de Magneto: 3
2026-05-08 12:16:51 | INFO | Buscando en Magneto: https://www.magneto365.com/co/trabajos/buscar/node-js-developer
2026-05-08 12:17:12 | INFO | No se encontraron resultados visibles en la búsqueda actual.
2026-05-08 12:17:12 | INFO | Ofertas extraídas de Magneto: 0
2026-05-08 12:17:12 | INFO | Busqueda por URL sin resultados. Usando pagina de ciudad para: Node.js Developer
2026-05-08 12:17:13 | INFO | Ofertas extraídas de Magneto: 0
2026-05-08 12:17:13 | INFO | Buscando en Magneto: https://www.magneto365.com/co/trabajos/buscar/javascript-developer
2026-05-08 12:17:14 | INFO | Ofertas extraídas de Magneto: 6
2026-05-08 12:17:14 | INFO | Buscando en Magneto: https://www.magneto365.com/co/trabajos/buscar/typescript-developer
2026-05-08 12:17:35 | INFO | No se encontraron resultados visibles en la búsqueda actual.
2026-05-08 12:17:35 | INFO | Ofertas extraídas de Magneto: 0
2026-05-08 12:17:35 | INFO | Busqueda por URL sin resultados. Usando pagina de ciudad para: TypeScript Developer
2026-05-08 12:17:37 | INFO | Ofertas extraídas de Magneto: 0
2026-05-08 12:17:37 | INFO | Buscando en Magneto: https://www.magneto365.com/co/trabajos/buscar/software-engineer
2026-05-08 12:17:38 | INFO | Ofertas extraídas de Magneto: 6
2026-05-08 12:17:38 | INFO | Buscando en Magneto: https://www.magneto365.com/co/trabajos/buscar/desarrollador-fullstack
2026-05-08 12:17:39 | INFO | Ofertas extraídas de Magneto: 12
2026-05-08 12:17:39 | INFO | Buscando en Magneto: https://www.magneto365.com/co/trabajos/buscar/desarrollador-frontend
2026-05-08 12:17:40 | INFO | Ofertas extraídas de Magneto: 5
2026-05-08 12:17:40 | INFO | Buscando en Magneto: https://www.magneto365.com/co/trabajos/buscar/desarrollador-backend
2026-05-08 12:17:41 | INFO | Ofertas extraídas de Magneto: 10
2026-05-08 12:17:41 | INFO | Buscando en Magneto: https://www.magneto365.com/co/trabajos/buscar/desarrollador-react
2026-05-08 12:17:44 | INFO | Ofertas extraídas de Magneto: 13
2026-05-08 12:17:44 | INFO | Buscando en Magneto: https://www.magneto365.com/co/trabajos/buscar/desarrollador-javascript
2026-05-08 12:17:45 | INFO | Ofertas extraídas de Magneto: 11
2026-05-08 12:17:45 | INFO | Buscando en Magneto: https://www.magneto365.com/co/trabajos/buscar/desarrollador-typescript
2026-05-08 12:17:48 | INFO | Ofertas extraídas de Magneto: 1
2026-05-08 12:17:48 | INFO | Buscando en Magneto: https://www.magneto365.com/co/trabajos/buscar/desarrollador-node
2026-05-08 12:17:49 | INFO | Ofertas extraídas de Magneto: 2
2026-05-08 12:17:49 | INFO | Buscando en Magneto: https://www.magneto365.com/co/trabajos/buscar/ingeniero-software
2026-05-08 12:17:52 | INFO | Ofertas extraídas de Magneto: 17
2026-05-08 12:17:52 | INFO | Buscando en Magneto: https://www.magneto365.com/co/trabajos/buscar/analista-desarrollo
2026-05-08 12:17:53 | INFO | Ofertas extraídas de Magneto: 13
2026-05-08 12:17:53 | INFO | Buscando en Magneto: https://www.magneto365.com/co/trabajos/buscar/desarrollador-software
2026-05-08 12:17:55 | INFO | Ofertas extraídas de Magneto: 19
2026-05-08 12:17:55 | INFO | Buscando en Magneto: https://www.magneto365.com/co/trabajos/buscar/programador
2026-05-08 12:18:16 | INFO | No se encontraron resultados visibles en la búsqueda actual.
2026-05-08 12:18:16 | INFO | Ofertas extraídas de Magneto: 0
2026-05-08 12:18:16 | INFO | Busqueda por URL sin resultados. Usando pagina de ciudad para: Programador
2026-05-08 12:18:18 | INFO | Ofertas extraídas de Magneto: 0
2026-05-08 12:18:18 | INFO | Buscando en Magneto: https://www.magneto365.com/co/trabajos/buscar/web-developer
2026-05-08 12:18:19 | INFO | Ofertas extraídas de Magneto: 2
2026-05-08 12:18:19 | INFO | Buscando en Magneto: https://www.magneto365.com/co/trabajos/buscar/developer
2026-05-08 12:18:20 | INFO | Ofertas extraídas de Magneto: 20
2026-05-08 12:18:20 | INFO | Abriendo oferta: https://www.magneto365.com/co/empleos/full-stack-developer-1626494698-9-912135
2026-05-08 12:18:38 | INFO | Abriendo oferta: https://www.magneto365.com/co/empleos/desarrollador-full-stack-895702
2026-05-08 12:18:55 | INFO | Abriendo oferta: https://www.magneto365.com/co/empleos/desarrollador-full-896787
2026-05-08 12:19:02 | INFO | Oferta descartada | score=0 | minimo=45 | cargo=Desarrollador Fullstack (JavaScript/Node.js) - Colombia | salario=$ 1.750.905, | notas=Skills: Node.js, JavaScript, IA, Fullstack | Salario menor a 2500000
2026-05-08 12:19:02 | INFO | Oferta duplicada omitida: https://www.magneto365.com/co/empleos/desarrollador-de-software-con-enfoque-en-inteligencia-artificial-899657
2026-05-08 12:19:02 | INFO | Abriendo oferta: https://www.magneto365.com/co/empleos/desarrollador-de-software-ia-javascript-react-bucaramanga-913803
2026-05-08 12:19:20 | INFO | Oferta duplicada omitida: https://www.magneto365.com/co/empleos/desarrollador-python-bogota-909596
2026-05-08 12:19:20 | INFO | Oferta duplicada omitida: https://www.magneto365.com/co/empleos/desarrolladora-fullstack-896069
2026-05-08 12:19:20 | INFO | Abriendo oferta: https://www.magneto365.com/co/empleos/desarrollador-fullstack-884799
2026-05-08 12:19:24 | INFO | Oferta duplicada omitida: https://www.magneto365.com/co/empleos/ingeniero-fullstack-senior-net-flutter-angular-teletrabajo-en-colombia-882683
2026-05-08 12:19:24 | INFO | Oferta duplicada omitida: https://www.magneto365.com/co/empleos/desarrollador-fullstack-senior-net-react-teletrabajo-colombia-889531
2026-05-08 12:19:24 | INFO | Abriendo oferta: https://www.magneto365.com/co/empleos/desarrollador-fullstack-medellin-846369
2026-05-08 12:19:42 | INFO | Oferta duplicada omitida: https://www.magneto365.com/co/empleos/desarrollador-backend-senior-python-897964
2026-05-08 12:19:42 | INFO | Oferta duplicada omitida: https://www.magneto365.com/co/empleos/desarrollador-a-mobile-react-native-bogota-913246
2026-05-08 12:19:42 | INFO | Abriendo oferta: https://www.magneto365.com/co/empleos/analista-tecnico-senior-bilingue-b2c1-java-react-react-native-remoto-bogota-887625
2026-05-08 12:19:59 | INFO | Abriendo oferta: https://www.magneto365.com/co/empleos/desarrollador-senior-full-stack-bilingue-java-react-remoto-bogota-892791
2026-05-08 12:20:17 | INFO | Oferta duplicada omitida: https://www.magneto365.com/co/empleos/desarrollador-de-software-909610
2026-05-08 12:20:17 | INFO | Abriendo oferta: https://www.magneto365.com/co/empleos/senior-data-engineer-1626494698-8-892405
2026-05-08 12:20:35 | INFO | Oferta descartada | score=43 | minimo=45 | cargo=Ingeniero DevOps Mid Junior | salario=Salario a convenir, | notas=Skills: IA
2026-05-08 12:20:35 | INFO | Oferta descartada | score=43 | minimo=45 | cargo=Analista QA | salario=Salario a convenir, | notas=Skills: IA
2026-05-08 12:20:35 | INFO | Abriendo oferta: https://www.magneto365.com/co/empleos/desarrollador-fullstack-senior-hibrido-en-cali-895467
2026-05-08 12:20:52 | INFO | Abriendo oferta: https://www.magneto365.com/co/empleos/desarrollador-fullstack-en-hidrocarburos-python-java-891227
2026-05-08 12:20:57 | INFO | Abriendo oferta: https://www.magneto365.com/co/empleos/desarrollador-fullstack-senior-hibrido-en-cali-848809
2026-05-08 12:21:15 | INFO | Abriendo oferta: https://www.magneto365.com/co/empleos/desarrollador-fullstack-senior-829393
2026-05-08 12:21:21 | INFO | Abriendo oferta: https://www.magneto365.com/co/empleos/desarrollador-php-freelance-884817
2026-05-08 12:21:25 | INFO | Abriendo oferta: https://www.magneto365.com/co/empleos/desarrollador-a-de-software-891058
2026-05-08 12:21:33 | INFO | Abriendo oferta: https://www.magneto365.com/co/empleos/desarrollador-frontend-y-gestion-de-contenido-medellin-884727
2026-05-08 12:21:40 | INFO | Abriendo oferta: https://www.magneto365.com/co/empleos/desarrollador-frontend-webmaster-847312
2026-05-08 12:21:47 | INFO | Abriendo oferta: https://www.magneto365.com/co/empleos/senior-frontend-engineer-907809
2026-05-08 12:22:05 | INFO | Abriendo oferta: https://www.magneto365.com/co/empleos/desarrollador-front-end-ecommerce-897233
2026-05-08 12:22:08 | INFO | Abriendo oferta: https://www.magneto365.com/co/empleos/desarrollador-backend-912569
2026-05-08 12:24:22 | INFO | Sesion de Magneto detectada.
2026-05-08 12:24:22 | INFO | Buscando en Magneto: https://www.magneto365.com/co/trabajos/buscar/full-stack-developer
2026-05-08 12:24:23 | INFO | Ofertas extraídas de Magneto: 7
2026-05-08 12:24:23 | INFO | Buscando en Magneto: https://www.magneto365.com/co/trabajos/buscar/fullstack-developer
2026-05-08 12:24:25 | INFO | Ofertas extraídas de Magneto: 6
2026-05-08 12:24:25 | INFO | Buscando en Magneto: https://www.magneto365.com/co/trabajos/buscar/frontend-developer
2026-05-08 12:24:26 | INFO | Ofertas extraídas de Magneto: 1
2026-05-08 12:24:26 | INFO | Buscando en Magneto: https://www.magneto365.com/co/trabajos/buscar/backend-developer
2026-05-08 12:24:27 | INFO | Ofertas extraídas de Magneto: 4
2026-05-08 12:24:27 | INFO | Buscando en Magneto: https://www.magneto365.com/co/trabajos/buscar/react-developer
2026-05-08 12:24:28 | INFO | Ofertas extraídas de Magneto: 6
2026-05-08 12:24:28 | INFO | Buscando en Magneto: https://www.magneto365.com/co/trabajos/buscar/react-native
2026-05-08 12:24:29 | INFO | Ofertas extraídas de Magneto: 3
2026-05-08 12:24:29 | INFO | Buscando en Magneto: https://www.magneto365.com/co/trabajos/buscar/node-js-developer
2026-05-08 12:24:50 | INFO | No se encontraron resultados visibles en la búsqueda actual.
2026-05-08 12:24:50 | INFO | Ofertas extraídas de Magneto: 0
2026-05-08 12:24:50 | INFO | Busqueda por URL sin resultados. Usando pagina de ciudad para: Node.js Developer
2026-05-08 12:24:52 | INFO | Ofertas extraídas de Magneto: 0
2026-05-08 12:24:52 | INFO | Buscando en Magneto: https://www.magneto365.com/co/trabajos/buscar/javascript-developer
2026-05-08 12:24:53 | INFO | Ofertas extraídas de Magneto: 6
2026-05-08 12:24:53 | INFO | Buscando en Magneto: https://www.magneto365.com/co/trabajos/buscar/typescript-developer
2026-05-08 12:25:15 | INFO | No se encontraron resultados visibles en la búsqueda actual.
2026-05-08 12:25:15 | INFO | Ofertas extraídas de Magneto: 0
2026-05-08 12:25:15 | INFO | Busqueda por URL sin resultados. Usando pagina de ciudad para: TypeScript Developer
2026-05-08 12:25:16 | WARNING | Retrying (Retry(total=2, connect=None, read=None, redirect=None, status=None)) after connection broken by 'ConnectionResetError(10054, 'Se ha forzado la interrupción de una conexión existente por el host remoto', None, 10054, None)': /session/97a436cbc5055bef55cfd2ea174c833b
2026-05-08 12:25:49 | INFO | No hay sesion activa en Magneto. Abriendo inicio de sesion.
2026-05-08 12:26:01 | INFO | No se encontro boton de Google. Esperando inicio manual.
2026-05-08 12:26:01 | INFO | Sesion iniciada correctamente.
2026-05-08 12:26:01 | INFO | Buscando en Magneto: https://www.magneto365.com/co/trabajos/buscar/full-stack-developer
2026-05-08 12:26:02 | INFO | Ofertas extraídas de Magneto: 7
2026-05-08 12:26:02 | INFO | Buscando en Magneto: https://www.magneto365.com/co/trabajos/buscar/fullstack-developer
2026-05-08 12:26:03 | INFO | Ofertas extraídas de Magneto: 6
2026-05-08 12:26:03 | INFO | Buscando en Magneto: https://www.magneto365.com/co/trabajos/buscar/frontend-developer
2026-05-08 12:26:05 | INFO | Ofertas extraídas de Magneto: 1
2026-05-08 12:26:05 | INFO | Buscando en Magneto: https://www.magneto365.com/co/trabajos/buscar/backend-developer
2026-05-08 12:26:06 | INFO | Ofertas extraídas de Magneto: 4
2026-05-08 12:26:06 | INFO | Buscando en Magneto: https://www.magneto365.com/co/trabajos/buscar/react-developer
2026-05-08 12:26:07 | INFO | Ofertas extraídas de Magneto: 6
2026-05-08 12:26:07 | INFO | Buscando en Magneto: https://www.magneto365.com/co/trabajos/buscar/react-native
2026-05-08 12:26:07 | INFO | Ofertas extraídas de Magneto: 3
2026-05-08 12:26:07 | INFO | Buscando en Magneto: https://www.magneto365.com/co/trabajos/buscar/node-js-developer
2026-05-08 12:26:28 | INFO | No se encontraron resultados visibles en la búsqueda actual.
2026-05-08 12:26:28 | INFO | Ofertas extraídas de Magneto: 0
2026-05-08 12:26:28 | INFO | Busqueda por URL sin resultados. Usando pagina de ciudad para: Node.js Developer
2026-05-08 12:26:31 | INFO | Ofertas extraídas de Magneto: 0
2026-05-08 12:26:31 | INFO | Buscando en Magneto: https://www.magneto365.com/co/trabajos/buscar/javascript-developer
2026-05-08 12:26:32 | INFO | Ofertas extraídas de Magneto: 6
2026-05-08 12:26:32 | INFO | Buscando en Magneto: https://www.magneto365.com/co/trabajos/buscar/typescript-developer
2026-05-08 12:26:53 | INFO | No se encontraron resultados visibles en la búsqueda actual.
2026-05-08 12:26:53 | INFO | Ofertas extraídas de Magneto: 0
2026-05-08 12:26:53 | INFO | Busqueda por URL sin resultados. Usando pagina de ciudad para: TypeScript Developer
2026-05-08 12:26:54 | INFO | Ofertas extraídas de Magneto: 0
2026-05-08 12:26:54 | INFO | Buscando en Magneto: https://www.magneto365.com/co/trabajos/buscar/software-engineer
2026-05-08 12:26:56 | INFO | Ofertas extraídas de Magneto: 6
2026-05-08 12:26:56 | INFO | Buscando en Magneto: https://www.magneto365.com/co/trabajos/buscar/desarrollador-fullstack
2026-05-08 12:26:57 | INFO | Ofertas extraídas de Magneto: 12
2026-05-08 12:26:57 | INFO | Buscando en Magneto: https://www.magneto365.com/co/trabajos/buscar/desarrollador-frontend
2026-05-08 12:26:58 | INFO | Ofertas extraídas de Magneto: 5
2026-05-08 12:26:58 | INFO | Buscando en Magneto: https://www.magneto365.com/co/trabajos/buscar/desarrollador-backend
2026-05-08 12:27:00 | INFO | Ofertas extraídas de Magneto: 10
2026-05-08 12:27:00 | INFO | Buscando en Magneto: https://www.magneto365.com/co/trabajos/buscar/desarrollador-react
2026-05-08 12:27:01 | INFO | Ofertas extraídas de Magneto: 13
2026-05-08 12:27:01 | INFO | Buscando en Magneto: https://www.magneto365.com/co/trabajos/buscar/desarrollador-javascript
2026-05-08 12:27:03 | INFO | Ofertas extraídas de Magneto: 11
2026-05-08 12:27:03 | INFO | Buscando en Magneto: https://www.magneto365.com/co/trabajos/buscar/desarrollador-typescript
2026-05-08 12:27:05 | INFO | Ofertas extraídas de Magneto: 1
2026-05-08 12:27:05 | INFO | Buscando en Magneto: https://www.magneto365.com/co/trabajos/buscar/desarrollador-node
2026-05-08 12:27:05 | INFO | Ofertas extraídas de Magneto: 2
2026-05-08 12:27:05 | INFO | Buscando en Magneto: https://www.magneto365.com/co/trabajos/buscar/ingeniero-software
2026-05-08 12:27:08 | INFO | Ofertas extraídas de Magneto: 17
2026-05-08 12:27:08 | INFO | Buscando en Magneto: https://www.magneto365.com/co/trabajos/buscar/analista-desarrollo
2026-05-08 12:27:09 | INFO | Ofertas extraídas de Magneto: 13
2026-05-08 12:27:09 | INFO | Buscando en Magneto: https://www.magneto365.com/co/trabajos/buscar/desarrollador-software
2026-05-08 12:27:10 | INFO | Ofertas extraídas de Magneto: 19
2026-05-08 12:27:10 | INFO | Buscando en Magneto: https://www.magneto365.com/co/trabajos/buscar/programador
2026-05-08 12:27:12 | INFO | Ofertas extraídas de Magneto: 17
2026-05-08 12:27:12 | INFO | Oferta duplicada omitida: https://www.magneto365.com/co/empleos/full-stack-developer-1626494698-9-912135
2026-05-08 12:27:12 | INFO | Oferta duplicada omitida: https://www.magneto365.com/co/empleos/desarrollador-full-stack-895702
2026-05-08 12:27:12 | INFO | Oferta duplicada omitida: https://www.magneto365.com/co/empleos/desarrollador-full-896787
2026-05-08 12:27:12 | INFO | Oferta duplicada omitida: https://www.magneto365.com/co/empleos/desarrollador-fullstack-javascriptnode-js-colombia-906260
2026-05-08 12:27:12 | INFO | Oferta duplicada omitida: https://www.magneto365.com/co/empleos/desarrollador-de-software-con-enfoque-en-inteligencia-artificial-899657
2026-05-08 12:27:12 | INFO | Oferta duplicada omitida: https://www.magneto365.com/co/empleos/desarrollador-de-software-ia-javascript-react-bucaramanga-913803
2026-05-08 12:27:12 | INFO | Oferta duplicada omitida: https://www.magneto365.com/co/empleos/desarrollador-python-bogota-909596
2026-05-08 12:27:12 | INFO | Oferta duplicada omitida: https://www.magneto365.com/co/empleos/desarrolladora-fullstack-896069
2026-05-08 12:27:12 | INFO | Abriendo oferta: https://www.magneto365.com/co/empleos/desarrollador-fullstack-884799
2026-05-08 12:27:13 | INFO | Pregunta omitida | razon=Sin regla confiable | pregunta=Crear cuenta
2026-05-08 12:27:13 | INFO | Pregunta omitida | razon=Sin regla confiable | pregunta=Magneto para: Candidatos Empresas ¿Eres empresa? Descubre nuestras soluciones y agenda una cita haciendo clic aquí Blog Ayuda
2026-05-08 12:27:15 | INFO | Oferta duplicada omitida: https://www.magneto365.com/co/empleos/ingeniero-fullstack-senior-net-flutter-angular-teletrabajo-en-colombia-882683
2026-05-08 12:27:15 | INFO | Oferta duplicada omitida: https://www.magneto365.com/co/empleos/desarrollador-fullstack-senior-net-react-teletrabajo-colombia-889531
2026-05-08 12:27:15 | INFO | Oferta duplicada omitida: https://www.magneto365.com/co/empleos/desarrollador-fullstack-medellin-846369
2026-05-08 12:27:15 | INFO | Oferta duplicada omitida: https://www.magneto365.com/co/empleos/desarrollador-backend-senior-python-897964
2026-05-08 12:27:15 | INFO | Oferta duplicada omitida: https://www.magneto365.com/co/empleos/desarrollador-a-mobile-react-native-bogota-913246
2026-05-08 12:27:15 | INFO | Oferta duplicada omitida: https://www.magneto365.com/co/empleos/analista-tecnico-senior-bilingue-b2c1-java-react-react-native-remoto-bogota-887625
2026-05-08 12:27:15 | INFO | Oferta duplicada omitida: https://www.magneto365.com/co/empleos/desarrollador-senior-full-stack-bilingue-java-react-remoto-bogota-892791
2026-05-08 12:27:15 | INFO | Oferta duplicada omitida: https://www.magneto365.com/co/empleos/desarrollador-de-software-909610
2026-05-08 12:27:15 | INFO | Oferta duplicada omitida: https://www.magneto365.com/co/empleos/senior-data-engineer-1626494698-8-892405
2026-05-08 12:27:15 | INFO | Oferta duplicada omitida: https://www.magneto365.com/co/empleos/ingeniero-devops-mid-junior-899771
2026-05-08 12:27:15 | INFO | Oferta duplicada omitida: https://www.magneto365.com/co/empleos/analista-qa-882273
2026-05-08 12:27:15 | INFO | Oferta duplicada omitida: https://www.magneto365.com/co/empleos/desarrollador-fullstack-senior-hibrido-en-cali-895467
2026-05-08 12:27:15 | INFO | Abriendo oferta: https://www.magneto365.com/co/empleos/desarrollador-fullstack-en-hidrocarburos-python-java-891227
2026-05-08 12:27:17 | INFO | Pregunta omitida | razon=Sin regla confiable | pregunta=Magneto para: Candidatos Empresas ¿Eres empresa? Descubre nuestras soluciones y agenda una cita haciendo clic aquí Blog Ayuda
2026-05-08 12:27:17 | INFO | No se pudo aplicar respuesta | respuesta=1 | pregunta=Requisitos para aplicar a la vacante: 2 años de experiencia, Profesional $ 6.900.000 a $ 7.300.000 Bogotá, D.C. Desarrollador FullStack en Hidrocarburos - Pytho
2026-05-08 12:27:18 | INFO | Pregunta omitida | razon=Sin regla confiable | pregunta=Cancelar Enviar respuestas
2026-05-08 12:27:18 | INFO | Pregunta respondida | respuesta=Si | confianza=0.90 | razon=Experiencia registrada en python: 5 | pregunta=¿Tiene experiencia con Python? Si No
2026-05-08 12:27:18 | INFO | Pregunta respondida | respuesta=5 | confianza=0.75 | razon=Experiencia total | pregunta=¿Tiene experiencia con java en BackEnd? Si No
2026-05-08 12:27:18 | INFO | Pregunta respondida | respuesta=5 | confianza=0.75 | razon=Experiencia total | pregunta=Tiene experiencia en Diseño y Arquitectura de Software Si No
2026-05-08 12:27:18 | INFO | Pregunta respondida | respuesta=5 | confianza=0.75 | razon=Experiencia total | pregunta=¿Tienes experiencia en desarrollo frontend en JavaScrip? Si No Un poco
2026-05-08 12:27:18 | INFO | Pregunta respondida | respuesta=5 | confianza=0.75 | razon=Experiencia total | pregunta=¿Tiene experiencia en Desarrollo de aplicaciones y buenas prácticas en desarrollo? Si No
2026-05-08 12:27:19 | INFO | Pregunta omitida | razon=Sin regla confiable | pregunta=Magneto para: Candidatos Empresas ¿Eres empresa? Descubre nuestras soluciones y agenda una cita haciendo clic aquí Blog Ayuda
2026-05-08 12:27:19 | INFO | No se pudo aplicar respuesta | respuesta=1 | pregunta=Requisitos para aplicar a la vacante: 2 años de experiencia, Profesional $ 6.900.000 a $ 7.300.000 Bogotá, D.C. Desarrollador FullStack en Hidrocarburos - Pytho
2026-05-08 12:27:21 | INFO | Pregunta omitida | razon=Sin regla confiable | pregunta=Cancelar Enviar respuestas
2026-05-08 12:27:21 | INFO | Pregunta respondida | respuesta=Si | confianza=0.90 | razon=Experiencia registrada en python: 5 | pregunta=¿Tiene experiencia con Python? Si No
2026-05-08 12:27:21 | INFO | Pregunta respondida | respuesta=5 | confianza=0.75 | razon=Experiencia total | pregunta=¿Tiene experiencia con java en BackEnd? Si No
2026-05-08 12:27:21 | INFO | Pregunta respondida | respuesta=5 | confianza=0.75 | razon=Experiencia total | pregunta=Tiene experiencia en Diseño y Arquitectura de Software Si No
2026-05-08 12:27:21 | INFO | Pregunta respondida | respuesta=5 | confianza=0.75 | razon=Experiencia total | pregunta=¿Tienes experiencia en desarrollo frontend en JavaScrip? Si No Un poco
2026-05-08 12:27:21 | INFO | Pregunta respondida | respuesta=5 | confianza=0.75 | razon=Experiencia total | pregunta=¿Tiene experiencia en Desarrollo de aplicaciones y buenas prácticas en desarrollo? Si No
2026-05-08 12:27:22 | INFO | Pregunta omitida | razon=Sin regla confiable | pregunta=Magneto para: Candidatos Empresas ¿Eres empresa? Descubre nuestras soluciones y agenda una cita haciendo clic aquí Blog Ayuda
2026-05-08 12:27:22 | INFO | No se pudo aplicar respuesta | respuesta=1 | pregunta=Requisitos para aplicar a la vacante: 2 años de experiencia, Profesional $ 6.900.000 a $ 7.300.000 Bogotá, D.C. Desarrollador FullStack en Hidrocarburos - Pytho
2026-05-08 12:27:23 | INFO | Pregunta omitida | razon=Sin regla confiable | pregunta=Cancelar Enviar respuestas
2026-05-08 12:27:23 | INFO | Pregunta respondida | respuesta=Si | confianza=0.90 | razon=Experiencia registrada en python: 5 | pregunta=¿Tiene experiencia con Python? Si No
2026-05-08 12:27:23 | INFO | Pregunta respondida | respuesta=5 | confianza=0.75 | razon=Experiencia total | pregunta=¿Tiene experiencia con java en BackEnd? Si No
2026-05-08 12:27:23 | INFO | Pregunta respondida | respuesta=5 | confianza=0.75 | razon=Experiencia total | pregunta=Tiene experiencia en Diseño y Arquitectura de Software Si No
2026-05-08 12:27:23 | INFO | Pregunta respondida | respuesta=5 | confianza=0.75 | razon=Experiencia total | pregunta=¿Tienes experiencia en desarrollo frontend en JavaScrip? Si No Un poco
2026-05-08 12:27:23 | INFO | Pregunta respondida | respuesta=5 | confianza=0.75 | razon=Experiencia total | pregunta=¿Tiene experiencia en Desarrollo de aplicaciones y buenas prácticas en desarrollo? Si No
2026-05-08 12:27:24 | INFO | Pregunta omitida | razon=Sin regla confiable | pregunta=Magneto para: Candidatos Empresas ¿Eres empresa? Descubre nuestras soluciones y agenda una cita haciendo clic aquí Blog Ayuda
2026-05-08 12:27:24 | INFO | No se pudo aplicar respuesta | respuesta=1 | pregunta=Requisitos para aplicar a la vacante: 2 años de experiencia, Profesional $ 6.900.000 a $ 7.300.000 Bogotá, D.C. Desarrollador FullStack en Hidrocarburos - Pytho
2026-05-08 12:27:25 | INFO | Pregunta omitida | razon=Sin regla confiable | pregunta=Cancelar Enviar respuestas
2026-05-08 12:27:25 | INFO | Pregunta respondida | respuesta=Si | confianza=0.90 | razon=Experiencia registrada en python: 5 | pregunta=¿Tiene experiencia con Python? Si No
2026-05-08 12:27:25 | INFO | Pregunta respondida | respuesta=5 | confianza=0.75 | razon=Experiencia total | pregunta=¿Tiene experiencia con java en BackEnd? Si No
2026-05-08 12:27:25 | INFO | Pregunta respondida | respuesta=5 | confianza=0.75 | razon=Experiencia total | pregunta=Tiene experiencia en Diseño y Arquitectura de Software Si No
2026-05-08 12:27:25 | INFO | Pregunta respondida | respuesta=5 | confianza=0.75 | razon=Experiencia total | pregunta=¿Tienes experiencia en desarrollo frontend en JavaScrip? Si No Un poco
2026-05-08 12:27:25 | INFO | Pregunta respondida | respuesta=5 | confianza=0.75 | razon=Experiencia total | pregunta=¿Tiene experiencia en Desarrollo de aplicaciones y buenas prácticas en desarrollo? Si No
2026-05-08 12:27:26 | INFO | Pregunta omitida | razon=Sin regla confiable | pregunta=Magneto para: Candidatos Empresas ¿Eres empresa? Descubre nuestras soluciones y agenda una cita haciendo clic aquí Blog Ayuda
2026-05-08 12:27:26 | INFO | No se pudo aplicar respuesta | respuesta=1 | pregunta=Requisitos para aplicar a la vacante: 2 años de experiencia, Profesional $ 6.900.000 a $ 7.300.000 Bogotá, D.C. Desarrollador FullStack en Hidrocarburos - Pytho
2026-05-08 12:27:27 | INFO | Pregunta omitida | razon=Sin regla confiable | pregunta=Cancelar Enviar respuestas
2026-05-08 12:27:27 | INFO | Pregunta respondida | respuesta=Si | confianza=0.90 | razon=Experiencia registrada en python: 5 | pregunta=¿Tiene experiencia con Python? Si No
2026-05-08 12:27:27 | INFO | Pregunta respondida | respuesta=5 | confianza=0.75 | razon=Experiencia total | pregunta=¿Tiene experiencia con java en BackEnd? Si No
2026-05-08 12:27:27 | INFO | Pregunta respondida | respuesta=5 | confianza=0.75 | razon=Experiencia total | pregunta=Tiene experiencia en Diseño y Arquitectura de Software Si No
2026-05-08 12:27:27 | INFO | Pregunta respondida | respuesta=5 | confianza=0.75 | razon=Experiencia total | pregunta=¿Tienes experiencia en desarrollo frontend en JavaScrip? Si No Un poco
2026-05-08 12:27:27 | INFO | Pregunta respondida | respuesta=5 | confianza=0.75 | razon=Experiencia total | pregunta=¿Tiene experiencia en Desarrollo de aplicaciones y buenas prácticas en desarrollo? Si No
2026-05-08 12:27:28 | INFO | Pregunta omitida | razon=Sin regla confiable | pregunta=Magneto para: Candidatos Empresas ¿Eres empresa? Descubre nuestras soluciones y agenda una cita haciendo clic aquí Blog Ayuda
2026-05-08 12:27:28 | INFO | No se pudo aplicar respuesta | respuesta=1 | pregunta=Requisitos para aplicar a la vacante: 2 años de experiencia, Profesional $ 6.900.000 a $ 7.300.000 Bogotá, D.C. Desarrollador FullStack en Hidrocarburos - Pytho
2026-05-08 12:27:30 | INFO | Pregunta omitida | razon=Sin regla confiable | pregunta=Cancelar Enviar respuestas
2026-05-08 12:27:30 | INFO | Pregunta respondida | respuesta=Si | confianza=0.90 | razon=Experiencia registrada en python: 5 | pregunta=¿Tiene experiencia con Python? Si No
2026-05-08 12:27:30 | INFO | Pregunta respondida | respuesta=5 | confianza=0.75 | razon=Experiencia total | pregunta=¿Tiene experiencia con java en BackEnd? Si No
2026-05-08 12:27:30 | INFO | Pregunta respondida | respuesta=5 | confianza=0.75 | razon=Experiencia total | pregunta=Tiene experiencia en Diseño y Arquitectura de Software Si No
2026-05-08 12:27:30 | INFO | Pregunta respondida | respuesta=5 | confianza=0.75 | razon=Experiencia total | pregunta=¿Tienes experiencia en desarrollo frontend en JavaScrip? Si No Un poco
2026-05-08 12:27:30 | INFO | Pregunta respondida | respuesta=5 | confianza=0.75 | razon=Experiencia total | pregunta=¿Tiene experiencia en Desarrollo de aplicaciones y buenas prácticas en desarrollo? Si No
2026-05-08 12:27:33 | INFO | Oferta duplicada omitida: https://www.magneto365.com/co/empleos/desarrollador-fullstack-senior-hibrido-en-cali-848809
2026-05-08 12:27:33 | INFO | Oferta duplicada omitida: https://www.magneto365.com/co/empleos/desarrollador-fullstack-senior-829393
2026-05-08 12:27:33 | INFO | Abriendo oferta: https://www.magneto365.com/co/empleos/desarrollador-php-freelance-884817
2026-05-08 12:27:34 | INFO | Pregunta omitida | razon=Sin regla confiable | pregunta=Crear cuenta
2026-05-08 12:27:34 | INFO | Pregunta omitida | razon=Sin regla confiable | pregunta=Magneto para: Candidatos Empresas ¿Eres empresa? Descubre nuestras soluciones y agenda una cita haciendo clic aquí Blog Ayuda
2026-05-08 12:27:37 | INFO | Oferta duplicada omitida: https://www.magneto365.com/co/empleos/desarrollador-a-de-software-891058
2026-05-08 12:27:37 | INFO | Oferta duplicada omitida: https://www.magneto365.com/co/empleos/desarrollador-frontend-y-gestion-de-contenido-medellin-884727
2026-05-08 12:27:37 | INFO | Oferta duplicada omitida: https://www.magneto365.com/co/empleos/desarrollador-frontend-webmaster-847312
2026-05-08 12:27:37 | INFO | Oferta duplicada omitida: https://www.magneto365.com/co/empleos/senior-frontend-engineer-907809
2026-05-08 12:27:37 | INFO | Abriendo oferta: https://www.magneto365.com/co/empleos/desarrollador-front-end-ecommerce-897233
2026-05-08 12:27:38 | INFO | Pregunta omitida | razon=Sin regla confiable | pregunta=Magneto para: Candidatos Empresas ¿Eres empresa? Descubre nuestras soluciones y agenda una cita haciendo clic aquí Blog Ayuda
2026-05-08 12:27:39 | INFO | No se pudo aplicar respuesta | respuesta=1 | pregunta=Requisitos para aplicar a la vacante: 3 años de experiencia, Profesional hasta Especialización/ Maestría Salario a convenir Cali En STF Group, importante compañ
2026-05-08 12:27:40 | INFO | Pregunta omitida | razon=Sin regla confiable | pregunta=Cancelar Enviar respuestas
2026-05-08 12:27:40 | INFO | Pregunta respondida | respuesta=2500000 | confianza=0.95 | razon=Salario minimo del perfil | pregunta=¿Cual es tu aspiracion salarial? 0 de 140
2026-05-08 12:27:40 | INFO | Pregunta respondida | respuesta=5 | confianza=0.75 | razon=Experiencia total | pregunta=¿Tienes experiencia desarrollando o manteniendo proyectos E-commerce (VTEX u otras plataformas)? Si No
2026-05-08 12:27:40 | INFO | Pregunta omitida | razon=Sin regla confiable | pregunta=¿Cuál es tu nivel de dominio en HTML, CSS y JavaScript? Muy basico Estoy aprendiendo Intermedio - avanzado
2026-05-08 12:27:40 | INFO | Pregunta omitida | razon=Sin regla confiable | pregunta=Magneto para: Candidatos Empresas ¿Eres empresa? Descubre nuestras soluciones y agenda una cita haciendo clic aquí Blog Ayuda
2026-05-08 12:27:41 | INFO | Pregunta omitida | razon=Sin regla confiable | pregunta=Magneto para: Candidatos Empresas ¿Eres empresa? Descubre nuestras soluciones y agenda una cita haciendo clic aquí Blog Ayuda
2026-05-08 12:27:41 | INFO | No se pudo aplicar respuesta | respuesta=1 | pregunta=Requisitos para aplicar a la vacante: 3 años de experiencia, Profesional hasta Especialización/ Maestría Salario a convenir Cali En STF Group, importante compañ
2026-05-08 12:27:42 | INFO | Pregunta omitida | razon=Sin regla confiable | pregunta=Cancelar Enviar respuestas
2026-05-08 12:27:42 | INFO | Pregunta respondida | respuesta=2500000 | confianza=0.95 | razon=Salario minimo del perfil | pregunta=¿Cual es tu aspiracion salarial? 7 de 140
2026-05-08 12:27:42 | INFO | Pregunta respondida | respuesta=5 | confianza=0.75 | razon=Experiencia total | pregunta=¿Tienes experiencia desarrollando o manteniendo proyectos E-commerce (VTEX u otras plataformas)? Si No
2026-05-08 12:27:42 | INFO | Pregunta omitida | razon=Sin regla confiable | pregunta=¿Cuál es tu nivel de dominio en HTML, CSS y JavaScript? Muy basico Estoy aprendiendo Intermedio - avanzado
2026-05-08 12:27:42 | INFO | Pregunta omitida | razon=Sin regla confiable | pregunta=Magneto para: Candidatos Empresas ¿Eres empresa? Descubre nuestras soluciones y agenda una cita haciendo clic aquí Blog Ayuda
2026-05-08 12:27:43 | INFO | Pregunta omitida | razon=Sin regla confiable | pregunta=Magneto para: Candidatos Empresas ¿Eres empresa? Descubre nuestras soluciones y agenda una cita haciendo clic aquí Blog Ayuda
2026-05-08 12:27:43 | INFO | No se pudo aplicar respuesta | respuesta=1 | pregunta=Requisitos para aplicar a la vacante: 3 años de experiencia, Profesional hasta Especialización/ Maestría Salario a convenir Cali En STF Group, importante compañ
2026-05-08 12:27:44 | INFO | Pregunta omitida | razon=Sin regla confiable | pregunta=Cancelar Enviar respuestas
2026-05-08 12:27:44 | INFO | Pregunta respondida | respuesta=2500000 | confianza=0.95 | razon=Salario minimo del perfil | pregunta=¿Cual es tu aspiracion salarial? 0 de 140
2026-05-08 12:27:44 | INFO | Pregunta respondida | respuesta=5 | confianza=0.75 | razon=Experiencia total | pregunta=¿Tienes experiencia desarrollando o manteniendo proyectos E-commerce (VTEX u otras plataformas)? Si No
2026-05-08 12:27:44 | INFO | Pregunta omitida | razon=Sin regla confiable | pregunta=¿Cuál es tu nivel de dominio en HTML, CSS y JavaScript? Muy basico Estoy aprendiendo Intermedio - avanzado
2026-05-08 12:27:44 | INFO | Pregunta omitida | razon=Sin regla confiable | pregunta=Magneto para: Candidatos Empresas ¿Eres empresa? Descubre nuestras soluciones y agenda una cita haciendo clic aquí Blog Ayuda
2026-05-08 12:27:45 | INFO | Pregunta omitida | razon=Sin regla confiable | pregunta=Magneto para: Candidatos Empresas ¿Eres empresa? Descubre nuestras soluciones y agenda una cita haciendo clic aquí Blog Ayuda
2026-05-08 12:27:45 | INFO | No se pudo aplicar respuesta | respuesta=1 | pregunta=Requisitos para aplicar a la vacante: 3 años de experiencia, Profesional hasta Especialización/ Maestría Salario a convenir Cali En STF Group, importante compañ
2026-05-08 12:27:46 | INFO | Pregunta omitida | razon=Sin regla confiable | pregunta=Cancelar Enviar respuestas
2026-05-08 12:27:46 | INFO | Pregunta respondida | respuesta=2500000 | confianza=0.95 | razon=Salario minimo del perfil | pregunta=¿Cual es tu aspiracion salarial? 7 de 140
2026-05-08 12:27:46 | INFO | Pregunta respondida | respuesta=5 | confianza=0.75 | razon=Experiencia total | pregunta=¿Tienes experiencia desarrollando o manteniendo proyectos E-commerce (VTEX u otras plataformas)? Si No
2026-05-08 12:27:46 | INFO | Pregunta omitida | razon=Sin regla confiable | pregunta=¿Cuál es tu nivel de dominio en HTML, CSS y JavaScript? Muy basico Estoy aprendiendo Intermedio - avanzado
2026-05-08 12:27:46 | INFO | Pregunta omitida | razon=Sin regla confiable | pregunta=Magneto para: Candidatos Empresas ¿Eres empresa? Descubre nuestras soluciones y agenda una cita haciendo clic aquí Blog Ayuda
2026-05-08 12:27:47 | INFO | Pregunta omitida | razon=Sin regla confiable | pregunta=Magneto para: Candidatos Empresas ¿Eres empresa? Descubre nuestras soluciones y agenda una cita haciendo clic aquí Blog Ayuda
2026-05-08 12:27:47 | INFO | No se pudo aplicar respuesta | respuesta=1 | pregunta=Requisitos para aplicar a la vacante: 3 años de experiencia, Profesional hasta Especialización/ Maestría Salario a convenir Cali En STF Group, importante compañ
2026-05-08 12:27:48 | INFO | Pregunta omitida | razon=Sin regla confiable | pregunta=Cancelar Enviar respuestas
2026-05-08 12:27:48 | INFO | Pregunta respondida | respuesta=2500000 | confianza=0.95 | razon=Salario minimo del perfil | pregunta=¿Cual es tu aspiracion salarial? 0 de 140
2026-05-08 12:27:48 | INFO | Pregunta respondida | respuesta=5 | confianza=0.75 | razon=Experiencia total | pregunta=¿Tienes experiencia desarrollando o manteniendo proyectos E-commerce (VTEX u otras plataformas)? Si No
2026-05-08 12:27:48 | INFO | Pregunta omitida | razon=Sin regla confiable | pregunta=¿Cuál es tu nivel de dominio en HTML, CSS y JavaScript? Muy basico Estoy aprendiendo Intermedio - avanzado
2026-05-08 12:27:48 | INFO | Pregunta omitida | razon=Sin regla confiable | pregunta=Magneto para: Candidatos Empresas ¿Eres empresa? Descubre nuestras soluciones y agenda una cita haciendo clic aquí Blog Ayuda
2026-05-08 12:27:50 | INFO | Pregunta omitida | razon=Sin regla confiable | pregunta=Magneto para: Candidatos Empresas ¿Eres empresa? Descubre nuestras soluciones y agenda una cita haciendo clic aquí Blog Ayuda
2026-05-08 12:27:50 | INFO | No se pudo aplicar respuesta | respuesta=1 | pregunta=Requisitos para aplicar a la vacante: 3 años de experiencia, Profesional hasta Especialización/ Maestría Salario a convenir Cali En STF Group, importante compañ
2026-05-08 12:27:51 | INFO | Pregunta omitida | razon=Sin regla confiable | pregunta=Cancelar Enviar respuestas
2026-05-08 12:27:51 | INFO | Pregunta respondida | respuesta=2500000 | confianza=0.95 | razon=Salario minimo del perfil | pregunta=¿Cual es tu aspiracion salarial? 7 de 140
2026-05-08 12:27:51 | INFO | Pregunta respondida | respuesta=5 | confianza=0.75 | razon=Experiencia total | pregunta=¿Tienes experiencia desarrollando o manteniendo proyectos E-commerce (VTEX u otras plataformas)? Si No
2026-05-08 12:27:51 | INFO | Pregunta omitida | razon=Sin regla confiable | pregunta=¿Cuál es tu nivel de dominio en HTML, CSS y JavaScript? Muy basico Estoy aprendiendo Intermedio - avanzado
2026-05-08 12:27:51 | INFO | Pregunta omitida | razon=Sin regla confiable | pregunta=Magneto para: Candidatos Empresas ¿Eres empresa? Descubre nuestras soluciones y agenda una cita haciendo clic aquí Blog Ayuda
2026-05-08 12:27:54 | INFO | Abriendo oferta: https://www.magneto365.com/co/empleos/desarrollador-backend-912569
2026-05-08 12:27:56 | INFO | Pregunta omitida | razon=Sin regla confiable | pregunta=Magneto para: Candidatos Empresas ¿Eres empresa? Descubre nuestras soluciones y agenda una cita haciendo clic aquí Blog Ayuda
2026-05-08 12:27:56 | INFO | No se pudo aplicar respuesta | respuesta=1 | pregunta=Requisitos para aplicar a la vacante: 3 años de experiencia, Técnico hasta Especialización/ Maestría Salario a convenir Medellín - Barranquilla - Bogotá, D.C. A
2026-05-08 12:27:57 | INFO | Pregunta omitida | razon=Sin regla confiable | pregunta=Cancelar Enviar respuestas
2026-05-08 12:27:57 | INFO | Pregunta omitida | razon=Sin regla confiable | pregunta=¿Cuál es tu expectativa salarial? 0 de 140
2026-05-08 12:27:57 | INFO | Pregunta respondida | respuesta=5 | confianza=0.75 | razon=Experiencia total | pregunta=¿Cuánto tiempo de experiencia tienes en el cargo? 0 de 140
2026-05-08 12:27:57 | INFO | Pregunta omitida | razon=Sin regla confiable | pregunta=¿Has trabajado con los skills requeridos en la vacante? 0 de 140
2026-05-08 12:27:57 | INFO | Pregunta omitida | razon=Sin regla confiable | pregunta=Magneto para: Candidatos Empresas ¿Eres empresa? Descubre nuestras soluciones y agenda una cita haciendo clic aquí Blog Ayuda
2026-05-08 12:27:58 | INFO | Pregunta omitida | razon=Sin regla confiable | pregunta=Magneto para: Candidatos Empresas ¿Eres empresa? Descubre nuestras soluciones y agenda una cita haciendo clic aquí Blog Ayuda
2026-05-08 12:27:58 | INFO | No se pudo aplicar respuesta | respuesta=1 | pregunta=Requisitos para aplicar a la vacante: 3 años de experiencia, Técnico hasta Especialización/ Maestría Salario a convenir Medellín - Barranquilla - Bogotá, D.C. A
2026-05-08 12:27:59 | INFO | Pregunta omitida | razon=Sin regla confiable | pregunta=Cancelar Enviar respuestas
2026-05-08 12:27:59 | INFO | Pregunta omitida | razon=Sin regla confiable | pregunta=¿Cuál es tu expectativa salarial? 0 de 140
2026-05-08 12:27:59 | INFO | Pregunta respondida | respuesta=5 | confianza=0.75 | razon=Experiencia total | pregunta=¿Cuánto tiempo de experiencia tienes en el cargo? 1 de 140
2026-05-08 12:27:59 | INFO | Pregunta omitida | razon=Sin regla confiable | pregunta=¿Has trabajado con los skills requeridos en la vacante? 0 de 140
2026-05-08 12:27:59 | INFO | Pregunta omitida | razon=Sin regla confiable | pregunta=Magneto para: Candidatos Empresas ¿Eres empresa? Descubre nuestras soluciones y agenda una cita haciendo clic aquí Blog Ayuda
2026-05-08 12:28:00 | INFO | Pregunta omitida | razon=Sin regla confiable | pregunta=Magneto para: Candidatos Empresas ¿Eres empresa? Descubre nuestras soluciones y agenda una cita haciendo clic aquí Blog Ayuda
2026-05-08 12:28:00 | INFO | No se pudo aplicar respuesta | respuesta=1 | pregunta=Requisitos para aplicar a la vacante: 3 años de experiencia, Técnico hasta Especialización/ Maestría Salario a convenir Medellín - Barranquilla - Bogotá, D.C. A
2026-05-08 12:28:01 | INFO | Pregunta omitida | razon=Sin regla confiable | pregunta=Cancelar Enviar respuestas
2026-05-08 12:28:01 | INFO | Pregunta omitida | razon=Sin regla confiable | pregunta=¿Cuál es tu expectativa salarial? 0 de 140
2026-05-08 12:28:01 | INFO | Pregunta respondida | respuesta=5 | confianza=0.75 | razon=Experiencia total | pregunta=¿Cuánto tiempo de experiencia tienes en el cargo? 0 de 140
2026-05-08 12:28:01 | INFO | Pregunta omitida | razon=Sin regla confiable | pregunta=¿Has trabajado con los skills requeridos en la vacante? 0 de 140
2026-05-08 12:28:01 | INFO | Pregunta omitida | razon=Sin regla confiable | pregunta=Magneto para: Candidatos Empresas ¿Eres empresa? Descubre nuestras soluciones y agenda una cita haciendo clic aquí Blog Ayuda
2026-05-08 12:28:02 | INFO | Pregunta omitida | razon=Sin regla confiable | pregunta=Magneto para: Candidatos Empresas ¿Eres empresa? Descubre nuestras soluciones y agenda una cita haciendo clic aquí Blog Ayuda
2026-05-08 12:28:02 | INFO | No se pudo aplicar respuesta | respuesta=1 | pregunta=Requisitos para aplicar a la vacante: 3 años de experiencia, Técnico hasta Especialización/ Maestría Salario a convenir Medellín - Barranquilla - Bogotá, D.C. A
2026-05-08 12:28:03 | INFO | Pregunta omitida | razon=Sin regla confiable | pregunta=Cancelar Enviar respuestas
2026-05-08 12:28:03 | INFO | Pregunta omitida | razon=Sin regla confiable | pregunta=¿Cuál es tu expectativa salarial? 0 de 140
2026-05-08 12:28:03 | INFO | Pregunta respondida | respuesta=5 | confianza=0.75 | razon=Experiencia total | pregunta=¿Cuánto tiempo de experiencia tienes en el cargo? 1 de 140
2026-05-08 12:28:03 | INFO | Pregunta omitida | razon=Sin regla confiable | pregunta=¿Has trabajado con los skills requeridos en la vacante? 0 de 140
2026-05-08 12:28:03 | INFO | Pregunta omitida | razon=Sin regla confiable | pregunta=Magneto para: Candidatos Empresas ¿Eres empresa? Descubre nuestras soluciones y agenda una cita haciendo clic aquí Blog Ayuda
2026-05-08 12:28:04 | INFO | Pregunta omitida | razon=Sin regla confiable | pregunta=Magneto para: Candidatos Empresas ¿Eres empresa? Descubre nuestras soluciones y agenda una cita haciendo clic aquí Blog Ayuda
2026-05-08 12:28:04 | INFO | No se pudo aplicar respuesta | respuesta=1 | pregunta=Requisitos para aplicar a la vacante: 3 años de experiencia, Técnico hasta Especialización/ Maestría Salario a convenir Medellín - Barranquilla - Bogotá, D.C. A
2026-05-08 12:28:05 | INFO | Pregunta omitida | razon=Sin regla confiable | pregunta=Cancelar Enviar respuestas
2026-05-08 12:28:05 | INFO | Pregunta omitida | razon=Sin regla confiable | pregunta=¿Cuál es tu expectativa salarial? 0 de 140
2026-05-08 12:28:05 | INFO | Pregunta respondida | respuesta=5 | confianza=0.75 | razon=Experiencia total | pregunta=¿Cuánto tiempo de experiencia tienes en el cargo? 0 de 140
2026-05-08 12:28:05 | INFO | Pregunta omitida | razon=Sin regla confiable | pregunta=¿Has trabajado con los skills requeridos en la vacante? 0 de 140
2026-05-08 12:28:05 | INFO | Pregunta omitida | razon=Sin regla confiable | pregunta=Magneto para: Candidatos Empresas ¿Eres empresa? Descubre nuestras soluciones y agenda una cita haciendo clic aquí Blog Ayuda
2026-05-08 12:28:07 | INFO | Pregunta omitida | razon=Sin regla confiable | pregunta=Magneto para: Candidatos Empresas ¿Eres empresa? Descubre nuestras soluciones y agenda una cita haciendo clic aquí Blog Ayuda
2026-05-08 12:28:07 | INFO | No se pudo aplicar respuesta | respuesta=1 | pregunta=Requisitos para aplicar a la vacante: 3 años de experiencia, Técnico hasta Especialización/ Maestría Salario a convenir Medellín - Barranquilla - Bogotá, D.C. A
2026-05-08 12:28:08 | INFO | Pregunta omitida | razon=Sin regla confiable | pregunta=Cancelar Enviar respuestas
2026-05-08 12:28:08 | INFO | Pregunta omitida | razon=Sin regla confiable | pregunta=¿Cuál es tu expectativa salarial? 0 de 140
2026-05-08 12:28:08 | INFO | Pregunta respondida | respuesta=5 | confianza=0.75 | razon=Experiencia total | pregunta=¿Cuánto tiempo de experiencia tienes en el cargo? 1 de 140
2026-05-08 12:28:08 | INFO | Pregunta omitida | razon=Sin regla confiable | pregunta=¿Has trabajado con los skills requeridos en la vacante? 0 de 140
2026-05-08 12:28:08 | INFO | Pregunta omitida | razon=Sin regla confiable | pregunta=Magneto para: Candidatos Empresas ¿Eres empresa? Descubre nuestras soluciones y agenda una cita haciendo clic aquí Blog Ayuda
2026-05-08 12:28:11 | INFO | Abriendo oferta: https://www.magneto365.com/co/empleos/desarrollador-backend-oracle-plsql-hxgn-eam-galapa-907640
2026-05-08 12:28:12 | INFO | Pregunta omitida | razon=Sin regla confiable | pregunta=Crear cuenta
2026-05-08 12:28:12 | INFO | Pregunta omitida | razon=Sin regla confiable | pregunta=Magneto para: Candidatos Empresas ¿Eres empresa? Descubre nuestras soluciones y agenda una cita haciendo clic aquí Blog Ayuda
2026-05-08 12:28:14 | INFO | Abriendo oferta: https://www.magneto365.com/co/empleos/desarrollador-backend-884791
2026-05-08 12:28:17 | INFO | Pregunta omitida | razon=Sin regla confiable | pregunta=Magneto para: Candidatos Empresas ¿Eres empresa? Descubre nuestras soluciones y agenda una cita haciendo clic aquí Blog Ayuda
2026-05-08 12:28:17 | INFO | No se pudo aplicar respuesta | respuesta=1 | pregunta=Requisitos para aplicar a la vacante: 3 años de experiencia, Técnico hasta Especialización/ Maestría Salario a convenir Bogotá, D.C. - Medellín - Barranquilla A
2026-05-08 12:28:18 | INFO | Pregunta omitida | razon=Sin regla confiable | pregunta=Cancelar Enviar respuestas
2026-05-08 12:28:18 | INFO | Pregunta omitida | razon=Sin regla confiable | pregunta=¿Cuál es tu expectativa salarial? 0 de 140
2026-05-08 12:28:18 | INFO | Pregunta respondida | respuesta=5 | confianza=0.75 | razon=Experiencia total | pregunta=¿Cuánto tiempo de experiencia tienes en el cargo? 0 de 140
2026-05-08 12:28:18 | INFO | Pregunta omitida | razon=Sin regla confiable | pregunta=¿Has trabajado con los skills requeridos en la vacante? 0 de 140
2026-05-08 12:28:18 | INFO | Pregunta omitida | razon=Sin regla confiable | pregunta=Magneto para: Candidatos Empresas ¿Eres empresa? Descubre nuestras soluciones y agenda una cita haciendo clic aquí Blog Ayuda
2026-05-08 12:28:19 | INFO | Pregunta omitida | razon=Sin regla confiable | pregunta=Magneto para: Candidatos Empresas ¿Eres empresa? Descubre nuestras soluciones y agenda una cita haciendo clic aquí Blog Ayuda
2026-05-08 12:28:19 | INFO | No se pudo aplicar respuesta | respuesta=1 | pregunta=Requisitos para aplicar a la vacante: 3 años de experiencia, Técnico hasta Especialización/ Maestría Salario a convenir Bogotá, D.C. - Medellín - Barranquilla A
2026-05-08 12:28:20 | INFO | Pregunta omitida | razon=Sin regla confiable | pregunta=Cancelar Enviar respuestas
2026-05-08 12:28:20 | INFO | Pregunta omitida | razon=Sin regla confiable | pregunta=¿Cuál es tu expectativa salarial? 0 de 140
2026-05-08 12:28:20 | INFO | Pregunta respondida | respuesta=5 | confianza=0.75 | razon=Experiencia total | pregunta=¿Cuánto tiempo de experiencia tienes en el cargo? 1 de 140
2026-05-08 12:28:20 | INFO | Pregunta omitida | razon=Sin regla confiable | pregunta=¿Has trabajado con los skills requeridos en la vacante? 0 de 140
2026-05-08 12:28:20 | INFO | Pregunta omitida | razon=Sin regla confiable | pregunta=Magneto para: Candidatos Empresas ¿Eres empresa? Descubre nuestras soluciones y agenda una cita haciendo clic aquí Blog Ayuda
2026-05-08 12:28:21 | INFO | Pregunta omitida | razon=Sin regla confiable | pregunta=Magneto para: Candidatos Empresas ¿Eres empresa? Descubre nuestras soluciones y agenda una cita haciendo clic aquí Blog Ayuda
2026-05-08 12:28:21 | INFO | No se pudo aplicar respuesta | respuesta=1 | pregunta=Requisitos para aplicar a la vacante: 3 años de experiencia, Técnico hasta Especialización/ Maestría Salario a convenir Bogotá, D.C. - Medellín - Barranquilla A
2026-05-08 12:28:22 | INFO | Pregunta omitida | razon=Sin regla confiable | pregunta=Cancelar Enviar respuestas
2026-05-08 12:28:22 | INFO | Pregunta omitida | razon=Sin regla confiable | pregunta=¿Cuál es tu expectativa salarial? 0 de 140
2026-05-08 12:28:22 | INFO | Pregunta respondida | respuesta=5 | confianza=0.75 | razon=Experiencia total | pregunta=¿Cuánto tiempo de experiencia tienes en el cargo? 0 de 140
2026-05-08 12:28:22 | INFO | Pregunta omitida | razon=Sin regla confiable | pregunta=¿Has trabajado con los skills requeridos en la vacante? 0 de 140
2026-05-08 12:28:22 | INFO | Pregunta omitida | razon=Sin regla confiable | pregunta=Magneto para: Candidatos Empresas ¿Eres empresa? Descubre nuestras soluciones y agenda una cita haciendo clic aquí Blog Ayuda
2026-05-08 12:28:23 | INFO | Pregunta omitida | razon=Sin regla confiable | pregunta=Magneto para: Candidatos Empresas ¿Eres empresa? Descubre nuestras soluciones y agenda una cita haciendo clic aquí Blog Ayuda
2026-05-08 12:28:23 | INFO | No se pudo aplicar respuesta | respuesta=1 | pregunta=Requisitos para aplicar a la vacante: 3 años de experiencia, Técnico hasta Especialización/ Maestría Salario a convenir Bogotá, D.C. - Medellín - Barranquilla A
2026-05-08 12:28:24 | INFO | Pregunta omitida | razon=Sin regla confiable | pregunta=Cancelar Enviar respuestas
2026-05-08 12:28:24 | INFO | Pregunta omitida | razon=Sin regla confiable | pregunta=¿Cuál es tu expectativa salarial? 0 de 140
2026-05-08 12:28:24 | INFO | Pregunta respondida | respuesta=5 | confianza=0.75 | razon=Experiencia total | pregunta=¿Cuánto tiempo de experiencia tienes en el cargo? 1 de 140
2026-05-08 12:28:24 | INFO | Pregunta omitida | razon=Sin regla confiable | pregunta=¿Has trabajado con los skills requeridos en la vacante? 0 de 140
2026-05-08 12:28:24 | INFO | Pregunta omitida | razon=Sin regla confiable | pregunta=Magneto para: Candidatos Empresas ¿Eres empresa? Descubre nuestras soluciones y agenda una cita haciendo clic aquí Blog Ayuda
2026-05-08 12:28:26 | INFO | Pregunta omitida | razon=Sin regla confiable | pregunta=Magneto para: Candidatos Empresas ¿Eres empresa? Descubre nuestras soluciones y agenda una cita haciendo clic aquí Blog Ayuda
2026-05-08 12:28:26 | INFO | No se pudo aplicar respuesta | respuesta=1 | pregunta=Requisitos para aplicar a la vacante: 3 años de experiencia, Técnico hasta Especialización/ Maestría Salario a convenir Bogotá, D.C. - Medellín - Barranquilla A
2026-05-08 12:28:27 | INFO | Pregunta omitida | razon=Sin regla confiable | pregunta=Cancelar Enviar respuestas
2026-05-08 12:28:27 | INFO | Pregunta omitida | razon=Sin regla confiable | pregunta=¿Cuál es tu expectativa salarial? 0 de 140
2026-05-08 12:28:27 | INFO | Pregunta respondida | respuesta=5 | confianza=0.75 | razon=Experiencia total | pregunta=¿Cuánto tiempo de experiencia tienes en el cargo? 0 de 140
2026-05-08 12:28:27 | INFO | Pregunta omitida | razon=Sin regla confiable | pregunta=¿Has trabajado con los skills requeridos en la vacante? 0 de 140
2026-05-08 12:28:27 | INFO | Pregunta omitida | razon=Sin regla confiable | pregunta=Magneto para: Candidatos Empresas ¿Eres empresa? Descubre nuestras soluciones y agenda una cita haciendo clic aquí Blog Ayuda
2026-05-08 12:28:28 | INFO | Pregunta omitida | razon=Sin regla confiable | pregunta=Magneto para: Candidatos Empresas ¿Eres empresa? Descubre nuestras soluciones y agenda una cita haciendo clic aquí Blog Ayuda
2026-05-08 12:28:28 | INFO | No se pudo aplicar respuesta | respuesta=1 | pregunta=Requisitos para aplicar a la vacante: 3 años de experiencia, Técnico hasta Especialización/ Maestría Salario a convenir Bogotá, D.C. - Medellín - Barranquilla A
2026-05-08 12:28:29 | INFO | Pregunta omitida | razon=Sin regla confiable | pregunta=Cancelar Enviar respuestas
2026-05-08 12:28:29 | INFO | Pregunta omitida | razon=Sin regla confiable | pregunta=¿Cuál es tu expectativa salarial? 0 de 140
2026-05-08 12:28:29 | INFO | Pregunta respondida | respuesta=5 | confianza=0.75 | razon=Experiencia total | pregunta=¿Cuánto tiempo de experiencia tienes en el cargo? 1 de 140
2026-05-08 12:28:29 | INFO | Pregunta omitida | razon=Sin regla confiable | pregunta=¿Has trabajado con los skills requeridos en la vacante? 0 de 140
2026-05-08 12:28:29 | INFO | Pregunta omitida | razon=Sin regla confiable | pregunta=Magneto para: Candidatos Empresas ¿Eres empresa? Descubre nuestras soluciones y agenda una cita haciendo clic aquí Blog Ayuda
2026-05-08 12:28:32 | INFO | Abriendo oferta: https://www.magneto365.com/co/empleos/desarrollador-senior-java-spring-boot-y-python-remoto-colombia-899477
2026-05-08 12:28:34 | INFO | Pregunta omitida | razon=Sin regla confiable | pregunta=Magneto para: Candidatos Empresas ¿Eres empresa? Descubre nuestras soluciones y agenda una cita haciendo clic aquí Blog Ayuda
2026-05-08 12:28:34 | INFO | No se pudo aplicar respuesta | respuesta=5 | pregunta=Requisitos para aplicar a la vacante: 5 años de experiencia, Profesional Salario a convenir Bogotá, D.C. - Cali - Medellín Desarrollador Senior Java (Spring Boo
2026-05-08 12:28:35 | INFO | Pregunta omitida | razon=Sin regla confiable | pregunta=Cancelar Enviar respuestas
2026-05-08 12:28:35 | INFO | Pregunta omitida | razon=Sin regla confiable | pregunta=Tienes disponibilidad para laborar dedicación 100% por un proyecto de 3 meses? Si No
2026-05-08 12:28:35 | INFO | Pregunta respondida | respuesta=Si | confianza=0.90 | razon=Experiencia registrada en python: 5 | pregunta=Cuentas con mas de 5 años de experiencia manejando tecnologias Java / Spring Boot / Python? Si No
2026-05-08 12:28:35 | INFO | Pregunta omitida | razon=Sin regla confiable | pregunta=Magneto para: Candidatos Empresas ¿Eres empresa? Descubre nuestras soluciones y agenda una cita haciendo clic aquí Blog Ayuda
2026-05-08 12:28:36 | INFO | Pregunta omitida | razon=Sin regla confiable | pregunta=Magneto para: Candidatos Empresas ¿Eres empresa? Descubre nuestras soluciones y agenda una cita haciendo clic aquí Blog Ayuda
2026-05-08 12:28:36 | INFO | No se pudo aplicar respuesta | respuesta=5 | pregunta=Requisitos para aplicar a la vacante: 5 años de experiencia, Profesional Salario a convenir Bogotá, D.C. - Cali - Medellín Desarrollador Senior Java (Spring Boo
2026-05-08 12:28:37 | INFO | Pregunta omitida | razon=Sin regla confiable | pregunta=Cancelar Enviar respuestas
2026-05-08 12:28:37 | INFO | Pregunta omitida | razon=Sin regla confiable | pregunta=Tienes disponibilidad para laborar dedicación 100% por un proyecto de 3 meses? Si No
2026-05-08 12:28:37 | INFO | Pregunta respondida | respuesta=Si | confianza=0.90 | razon=Experiencia registrada en python: 5 | pregunta=Cuentas con mas de 5 años de experiencia manejando tecnologias Java / Spring Boot / Python? Si No
2026-05-08 12:28:37 | INFO | Pregunta omitida | razon=Sin regla confiable | pregunta=Magneto para: Candidatos Empresas ¿Eres empresa? Descubre nuestras soluciones y agenda una cita haciendo clic aquí Blog Ayuda
2026-05-08 12:28:38 | INFO | Pregunta omitida | razon=Sin regla confiable | pregunta=Magneto para: Candidatos Empresas ¿Eres empresa? Descubre nuestras soluciones y agenda una cita haciendo clic aquí Blog Ayuda
2026-05-08 12:28:38 | INFO | No se pudo aplicar respuesta | respuesta=5 | pregunta=Requisitos para aplicar a la vacante: 5 años de experiencia, Profesional Salario a convenir Bogotá, D.C. - Cali - Medellín Desarrollador Senior Java (Spring Boo
2026-05-08 12:28:40 | INFO | Pregunta omitida | razon=Sin regla confiable | pregunta=Cancelar Enviar respuestas
2026-05-08 12:28:40 | INFO | Pregunta omitida | razon=Sin regla confiable | pregunta=Tienes disponibilidad para laborar dedicación 100% por un proyecto de 3 meses? Si No
2026-05-08 12:28:40 | INFO | Pregunta respondida | respuesta=Si | confianza=0.90 | razon=Experiencia registrada en python: 5 | pregunta=Cuentas con mas de 5 años de experiencia manejando tecnologias Java / Spring Boot / Python? Si No
2026-05-08 12:28:40 | INFO | Pregunta omitida | razon=Sin regla confiable | pregunta=Magneto para: Candidatos Empresas ¿Eres empresa? Descubre nuestras soluciones y agenda una cita haciendo clic aquí Blog Ayuda
2026-05-08 12:28:41 | INFO | Pregunta omitida | razon=Sin regla confiable | pregunta=Magneto para: Candidatos Empresas ¿Eres empresa? Descubre nuestras soluciones y agenda una cita haciendo clic aquí Blog Ayuda
2026-05-08 12:28:41 | INFO | No se pudo aplicar respuesta | respuesta=5 | pregunta=Requisitos para aplicar a la vacante: 5 años de experiencia, Profesional Salario a convenir Bogotá, D.C. - Cali - Medellín Desarrollador Senior Java (Spring Boo
2026-05-08 12:28:42 | INFO | Pregunta omitida | razon=Sin regla confiable | pregunta=Cancelar Enviar respuestas
2026-05-08 12:28:42 | INFO | Pregunta omitida | razon=Sin regla confiable | pregunta=Tienes disponibilidad para laborar dedicación 100% por un proyecto de 3 meses? Si No
2026-05-08 12:28:42 | INFO | Pregunta respondida | respuesta=Si | confianza=0.90 | razon=Experiencia registrada en python: 5 | pregunta=Cuentas con mas de 5 años de experiencia manejando tecnologias Java / Spring Boot / Python? Si No
2026-05-08 12:28:42 | INFO | Pregunta omitida | razon=Sin regla confiable | pregunta=Magneto para: Candidatos Empresas ¿Eres empresa? Descubre nuestras soluciones y agenda una cita haciendo clic aquí Blog Ayuda
2026-05-08 12:28:43 | INFO | Pregunta omitida | razon=Sin regla confiable | pregunta=Magneto para: Candidatos Empresas ¿Eres empresa? Descubre nuestras soluciones y agenda una cita haciendo clic aquí Blog Ayuda
2026-05-08 12:28:43 | INFO | No se pudo aplicar respuesta | respuesta=5 | pregunta=Requisitos para aplicar a la vacante: 5 años de experiencia, Profesional Salario a convenir Bogotá, D.C. - Cali - Medellín Desarrollador Senior Java (Spring Boo
2026-05-08 12:28:44 | INFO | Pregunta omitida | razon=Sin regla confiable | pregunta=Cancelar Enviar respuestas
2026-05-08 12:28:44 | INFO | Pregunta omitida | razon=Sin regla confiable | pregunta=Tienes disponibilidad para laborar dedicación 100% por un proyecto de 3 meses? Si No
2026-05-08 12:28:44 | INFO | Pregunta respondida | respuesta=Si | confianza=0.90 | razon=Experiencia registrada en python: 5 | pregunta=Cuentas con mas de 5 años de experiencia manejando tecnologias Java / Spring Boot / Python? Si No
2026-05-08 12:28:44 | INFO | Pregunta omitida | razon=Sin regla confiable | pregunta=Magneto para: Candidatos Empresas ¿Eres empresa? Descubre nuestras soluciones y agenda una cita haciendo clic aquí Blog Ayuda
2026-05-08 12:28:45 | INFO | Pregunta omitida | razon=Sin regla confiable | pregunta=Magneto para: Candidatos Empresas ¿Eres empresa? Descubre nuestras soluciones y agenda una cita haciendo clic aquí Blog Ayuda
2026-05-08 12:28:45 | INFO | No se pudo aplicar respuesta | respuesta=5 | pregunta=Requisitos para aplicar a la vacante: 5 años de experiencia, Profesional Salario a convenir Bogotá, D.C. - Cali - Medellín Desarrollador Senior Java (Spring Boo
2026-05-08 12:28:46 | INFO | Pregunta omitida | razon=Sin regla confiable | pregunta=Cancelar Enviar respuestas
2026-05-08 12:28:46 | INFO | Pregunta omitida | razon=Sin regla confiable | pregunta=Tienes disponibilidad para laborar dedicación 100% por un proyecto de 3 meses? Si No
2026-05-08 12:28:46 | INFO | Pregunta respondida | respuesta=Si | confianza=0.90 | razon=Experiencia registrada en python: 5 | pregunta=Cuentas con mas de 5 años de experiencia manejando tecnologias Java / Spring Boot / Python? Si No
2026-05-08 12:28:46 | INFO | Pregunta omitida | razon=Sin regla confiable | pregunta=Magneto para: Candidatos Empresas ¿Eres empresa? Descubre nuestras soluciones y agenda una cita haciendo clic aquí Blog Ayuda
2026-05-08 12:28:49 | INFO | Abriendo oferta: https://www.magneto365.com/co/empleos/desarrollador-full-stack-895178
2026-05-08 12:28:52 | INFO | Pregunta omitida | razon=Sin regla confiable | pregunta=Magneto para: Candidatos Empresas ¿Eres empresa? Descubre nuestras soluciones y agenda una cita haciendo clic aquí Blog Ayuda
2026-05-08 12:28:52 | INFO | No se pudo aplicar respuesta | respuesta=1 | pregunta=Requisitos para aplicar a la vacante: 4 años de experiencia, Profesional $ 5.000.000 a $ 6.000.000 Bogotá, D.C. Desarrollador Full Stack Estamos en la busqueda 
2026-05-08 12:28:53 | INFO | Pregunta omitida | razon=Sin regla confiable | pregunta=Cancelar Enviar respuestas
2026-05-08 12:28:53 | INFO | Pregunta omitida | razon=Sin regla confiable | pregunta=¿Autoriza ser contactado via Whatsapp? 0 de 140
2026-05-08 12:28:53 | INFO | Pregunta respondida | respuesta=1 | confianza=0.90 | razon=Experiencia en full stack | pregunta=¿Cuento tiempo de experiencia tiene como Desarrollador full stack? 0 de 140
2026-05-08 12:28:53 | INFO | Pregunta omitida | razon=Sin regla confiable | pregunta=Magneto para: Candidatos Empresas ¿Eres empresa? Descubre nuestras soluciones y agenda una cita haciendo clic aquí Blog Ayuda
2026-05-08 12:28:54 | INFO | Pregunta omitida | razon=Sin regla confiable | pregunta=Magneto para: Candidatos Empresas ¿Eres empresa? Descubre nuestras soluciones y agenda una cita haciendo clic aquí Blog Ayuda
2026-05-08 12:28:54 | INFO | No se pudo aplicar respuesta | respuesta=1 | pregunta=Requisitos para aplicar a la vacante: 4 años de experiencia, Profesional $ 5.000.000 a $ 6.000.000 Bogotá, D.C. Desarrollador Full Stack Estamos en la busqueda 
2026-05-08 12:28:55 | INFO | Pregunta omitida | razon=Sin regla confiable | pregunta=Cancelar Enviar respuestas
2026-05-08 12:28:55 | INFO | Pregunta omitida | razon=Sin regla confiable | pregunta=¿Autoriza ser contactado via Whatsapp? 0 de 140
2026-05-08 12:28:55 | INFO | Pregunta respondida | respuesta=1 | confianza=0.90 | razon=Experiencia en full stack | pregunta=¿Cuento tiempo de experiencia tiene como Desarrollador full stack? 1 de 140
2026-05-08 12:28:55 | INFO | Pregunta omitida | razon=Sin regla confiable | pregunta=Magneto para: Candidatos Empresas ¿Eres empresa? Descubre nuestras soluciones y agenda una cita haciendo clic aquí Blog Ayuda
2026-05-08 12:28:56 | INFO | Pregunta omitida | razon=Sin regla confiable | pregunta=Magneto para: Candidatos Empresas ¿Eres empresa? Descubre nuestras soluciones y agenda una cita haciendo clic aquí Blog Ayuda
2026-05-08 12:28:56 | INFO | No se pudo aplicar respuesta | respuesta=1 | pregunta=Requisitos para aplicar a la vacante: 4 años de experiencia, Profesional $ 5.000.000 a $ 6.000.000 Bogotá, D.C. Desarrollador Full Stack Estamos en la busqueda 
2026-05-08 12:28:57 | INFO | Pregunta omitida | razon=Sin regla confiable | pregunta=Cancelar Enviar respuestas
2026-05-08 12:28:57 | INFO | Pregunta omitida | razon=Sin regla confiable | pregunta=¿Autoriza ser contactado via Whatsapp? 0 de 140
2026-05-08 12:28:57 | INFO | Pregunta respondida | respuesta=1 | confianza=0.90 | razon=Experiencia en full stack | pregunta=¿Cuento tiempo de experiencia tiene como Desarrollador full stack? 0 de 140
2026-05-08 12:28:57 | INFO | Pregunta omitida | razon=Sin regla confiable | pregunta=Magneto para: Candidatos Empresas ¿Eres empresa? Descubre nuestras soluciones y agenda una cita haciendo clic aquí Blog Ayuda
2026-05-08 12:28:59 | INFO | Pregunta omitida | razon=Sin regla confiable | pregunta=Magneto para: Candidatos Empresas ¿Eres empresa? Descubre nuestras soluciones y agenda una cita haciendo clic aquí Blog Ayuda
2026-05-08 12:28:59 | INFO | No se pudo aplicar respuesta | respuesta=1 | pregunta=Requisitos para aplicar a la vacante: 4 años de experiencia, Profesional $ 5.000.000 a $ 6.000.000 Bogotá, D.C. Desarrollador Full Stack Estamos en la busqueda 
2026-05-08 12:29:00 | INFO | Pregunta omitida | razon=Sin regla confiable | pregunta=Cancelar Enviar respuestas
2026-05-08 12:29:00 | INFO | Pregunta omitida | razon=Sin regla confiable | pregunta=¿Autoriza ser contactado via Whatsapp? 0 de 140
2026-05-08 12:29:00 | INFO | Pregunta respondida | respuesta=1 | confianza=0.90 | razon=Experiencia en full stack | pregunta=¿Cuento tiempo de experiencia tiene como Desarrollador full stack? 1 de 140
2026-05-08 12:29:00 | INFO | Pregunta omitida | razon=Sin regla confiable | pregunta=Magneto para: Candidatos Empresas ¿Eres empresa? Descubre nuestras soluciones y agenda una cita haciendo clic aquí Blog Ayuda
2026-05-08 12:29:01 | INFO | Pregunta omitida | razon=Sin regla confiable | pregunta=Magneto para: Candidatos Empresas ¿Eres empresa? Descubre nuestras soluciones y agenda una cita haciendo clic aquí Blog Ayuda
2026-05-08 12:29:01 | INFO | No se pudo aplicar respuesta | respuesta=1 | pregunta=Requisitos para aplicar a la vacante: 4 años de experiencia, Profesional $ 5.000.000 a $ 6.000.000 Bogotá, D.C. Desarrollador Full Stack Estamos en la busqueda 
2026-05-08 12:29:02 | INFO | Pregunta omitida | razon=Sin regla confiable | pregunta=Cancelar Enviar respuestas
2026-05-08 12:29:02 | INFO | Pregunta omitida | razon=Sin regla confiable | pregunta=¿Autoriza ser contactado via Whatsapp? 0 de 140
2026-05-08 12:29:02 | INFO | Pregunta respondida | respuesta=1 | confianza=0.90 | razon=Experiencia en full stack | pregunta=¿Cuento tiempo de experiencia tiene como Desarrollador full stack? 0 de 140
2026-05-08 12:29:02 | INFO | Pregunta omitida | razon=Sin regla confiable | pregunta=Magneto para: Candidatos Empresas ¿Eres empresa? Descubre nuestras soluciones y agenda una cita haciendo clic aquí Blog Ayuda
2026-05-08 12:29:03 | INFO | Pregunta omitida | razon=Sin regla confiable | pregunta=Magneto para: Candidatos Empresas ¿Eres empresa? Descubre nuestras soluciones y agenda una cita haciendo clic aquí Blog Ayuda
2026-05-08 12:29:03 | INFO | No se pudo aplicar respuesta | respuesta=1 | pregunta=Requisitos para aplicar a la vacante: 4 años de experiencia, Profesional $ 5.000.000 a $ 6.000.000 Bogotá, D.C. Desarrollador Full Stack Estamos en la busqueda 
2026-05-08 12:29:04 | INFO | Pregunta omitida | razon=Sin regla confiable | pregunta=Cancelar Enviar respuestas
2026-05-08 12:29:04 | INFO | Pregunta omitida | razon=Sin regla confiable | pregunta=¿Autoriza ser contactado via Whatsapp? 0 de 140
2026-05-08 12:29:04 | INFO | Pregunta respondida | respuesta=1 | confianza=0.90 | razon=Experiencia en full stack | pregunta=¿Cuento tiempo de experiencia tiene como Desarrollador full stack? 1 de 140
2026-05-08 12:29:04 | INFO | Pregunta omitida | razon=Sin regla confiable | pregunta=Magneto para: Candidatos Empresas ¿Eres empresa? Descubre nuestras soluciones y agenda una cita haciendo clic aquí Blog Ayuda
2026-05-08 12:29:07 | INFO | Abriendo oferta: https://www.magneto365.com/co/empleos/especialista-i-desarrollador-pco-886336
2026-05-08 12:29:09 | INFO | Pregunta omitida | razon=Sin regla confiable | pregunta=Magneto para: Candidatos Empresas ¿Eres empresa? Descubre nuestras soluciones y agenda una cita haciendo clic aquí Blog Ayuda
2026-05-08 12:29:09 | INFO | No se pudo aplicar respuesta | respuesta=1 | pregunta=Requisitos para aplicar a la vacante: 4 años de experiencia, Profesional hasta Otros $ 9.916.000 a $ 11.009.000 Bogotá, D.C. En Banco Davivienda buscamos talent
2026-05-08 12:29:10 | INFO | Pregunta omitida | razon=Sin regla confiable | pregunta=Cancelar Enviar respuestas
2026-05-08 12:29:10 | INFO | Pregunta omitida | razon=Sin regla confiable | pregunta=El flujo emite los resultados parciales disponibles
2026-05-08 12:29:10 | INFO | Pregunta omitida | razon=Sin regla confiable | pregunta=¿Eres una persona reconocida(o) públicamente? Si No
2026-05-08 12:29:10 | INFO | Pregunta omitida | razon=Sin regla confiable | pregunta=¿Eres considerado(a) una Persona Políticamente Expuesta (PEP)? Si No
2026-05-08 12:29:10 | INFO | Pregunta omitida | razon=Sin regla confiable | pregunta=¿Eres una persona Representante Legal de una Organización Internacional? Si No
2026-05-08 12:29:10 | INFO | Pregunta omitida | razon=Sin regla confiable | pregunta=Magneto para: Candidatos Empresas ¿Eres empresa? Descubre nuestras soluciones y agenda una cita haciendo clic aquí Blog Ayuda
2026-05-08 12:29:11 | INFO | Pregunta omitida | razon=Sin regla confiable | pregunta=Magneto para: Candidatos Empresas ¿Eres empresa? Descubre nuestras soluciones y agenda una cita haciendo clic aquí Blog Ayuda
2026-05-08 12:29:11 | INFO | No se pudo aplicar respuesta | respuesta=1 | pregunta=Requisitos para aplicar a la vacante: 4 años de experiencia, Profesional hasta Otros $ 9.916.000 a $ 11.009.000 Bogotá, D.C. En Banco Davivienda buscamos talent
2026-05-08 12:29:13 | INFO | Pregunta omitida | razon=Sin regla confiable | pregunta=Cancelar Enviar respuestas
2026-05-08 12:29:13 | INFO | Pregunta omitida | razon=Sin regla confiable | pregunta=El flujo emite los resultados parciales disponibles
2026-05-08 12:29:13 | INFO | Pregunta omitida | razon=Sin regla confiable | pregunta=¿Eres una persona reconocida(o) públicamente? Si No
2026-05-08 12:29:13 | INFO | Pregunta omitida | razon=Sin regla confiable | pregunta=¿Eres considerado(a) una Persona Políticamente Expuesta (PEP)? Si No
2026-05-08 12:29:13 | INFO | Pregunta omitida | razon=Sin regla confiable | pregunta=¿Eres una persona Representante Legal de una Organización Internacional? Si No
2026-05-08 12:29:13 | INFO | Pregunta omitida | razon=Sin regla confiable | pregunta=Magneto para: Candidatos Empresas ¿Eres empresa? Descubre nuestras soluciones y agenda una cita haciendo clic aquí Blog Ayuda
2026-05-08 12:29:14 | INFO | Pregunta omitida | razon=Sin regla confiable | pregunta=Magneto para: Candidatos Empresas ¿Eres empresa? Descubre nuestras soluciones y agenda una cita haciendo clic aquí Blog Ayuda
2026-05-08 12:29:14 | INFO | No se pudo aplicar respuesta | respuesta=1 | pregunta=Requisitos para aplicar a la vacante: 4 años de experiencia, Profesional hasta Otros $ 9.916.000 a $ 11.009.000 Bogotá, D.C. En Banco Davivienda buscamos talent
2026-05-08 12:29:15 | INFO | Pregunta omitida | razon=Sin regla confiable | pregunta=Cancelar Enviar respuestas
2026-05-08 12:29:15 | INFO | Pregunta omitida | razon=Sin regla confiable | pregunta=El flujo emite los resultados parciales disponibles
2026-05-08 12:29:15 | INFO | Pregunta omitida | razon=Sin regla confiable | pregunta=¿Eres una persona reconocida(o) públicamente? Si No
2026-05-08 12:29:15 | INFO | Pregunta omitida | razon=Sin regla confiable | pregunta=¿Eres considerado(a) una Persona Políticamente Expuesta (PEP)? Si No
2026-05-08 12:29:15 | INFO | Pregunta omitida | razon=Sin regla confiable | pregunta=¿Eres una persona Representante Legal de una Organización Internacional? Si No
2026-05-08 12:29:15 | INFO | Pregunta omitida | razon=Sin regla confiable | pregunta=Magneto para: Candidatos Empresas ¿Eres empresa? Descubre nuestras soluciones y agenda una cita haciendo clic aquí Blog Ayuda
2026-05-08 12:29:16 | INFO | Pregunta omitida | razon=Sin regla confiable | pregunta=Magneto para: Candidatos Empresas ¿Eres empresa? Descubre nuestras soluciones y agenda una cita haciendo clic aquí Blog Ayuda
2026-05-08 12:29:16 | INFO | No se pudo aplicar respuesta | respuesta=1 | pregunta=Requisitos para aplicar a la vacante: 4 años de experiencia, Profesional hasta Otros $ 9.916.000 a $ 11.009.000 Bogotá, D.C. En Banco Davivienda buscamos talent
2026-05-08 12:29:17 | INFO | Pregunta omitida | razon=Sin regla confiable | pregunta=Cancelar Enviar respuestas
2026-05-08 12:29:17 | INFO | Pregunta omitida | razon=Sin regla confiable | pregunta=El flujo emite los resultados parciales disponibles
2026-05-08 12:29:17 | INFO | Pregunta omitida | razon=Sin regla confiable | pregunta=¿Eres una persona reconocida(o) públicamente? Si No
2026-05-08 12:29:17 | INFO | Pregunta omitida | razon=Sin regla confiable | pregunta=¿Eres considerado(a) una Persona Políticamente Expuesta (PEP)? Si No
2026-05-08 12:29:17 | INFO | Pregunta omitida | razon=Sin regla confiable | pregunta=¿Eres una persona Representante Legal de una Organización Internacional? Si No
2026-05-08 12:29:17 | INFO | Pregunta omitida | razon=Sin regla confiable | pregunta=Magneto para: Candidatos Empresas ¿Eres empresa? Descubre nuestras soluciones y agenda una cita haciendo clic aquí Blog Ayuda
2026-05-08 12:29:18 | INFO | Pregunta omitida | razon=Sin regla confiable | pregunta=Magneto para: Candidatos Empresas ¿Eres empresa? Descubre nuestras soluciones y agenda una cita haciendo clic aquí Blog Ayuda
2026-05-08 12:29:18 | INFO | No se pudo aplicar respuesta | respuesta=1 | pregunta=Requisitos para aplicar a la vacante: 4 años de experiencia, Profesional hasta Otros $ 9.916.000 a $ 11.009.000 Bogotá, D.C. En Banco Davivienda buscamos talent
2026-05-08 12:29:19 | INFO | Pregunta omitida | razon=Sin regla confiable | pregunta=Cancelar Enviar respuestas
2026-05-08 12:29:19 | INFO | Pregunta omitida | razon=Sin regla confiable | pregunta=El flujo emite los resultados parciales disponibles
2026-05-08 12:29:19 | INFO | Pregunta omitida | razon=Sin regla confiable | pregunta=¿Eres una persona reconocida(o) públicamente? Si No
2026-05-08 12:29:19 | INFO | Pregunta omitida | razon=Sin regla confiable | pregunta=¿Eres considerado(a) una Persona Políticamente Expuesta (PEP)? Si No
2026-05-08 12:29:19 | INFO | Pregunta omitida | razon=Sin regla confiable | pregunta=¿Eres una persona Representante Legal de una Organización Internacional? Si No
2026-05-08 12:29:19 | INFO | Pregunta omitida | razon=Sin regla confiable | pregunta=Magneto para: Candidatos Empresas ¿Eres empresa? Descubre nuestras soluciones y agenda una cita haciendo clic aquí Blog Ayuda
2026-05-08 12:29:20 | INFO | Pregunta omitida | razon=Sin regla confiable | pregunta=Magneto para: Candidatos Empresas ¿Eres empresa? Descubre nuestras soluciones y agenda una cita haciendo clic aquí Blog Ayuda
2026-05-08 12:29:20 | INFO | No se pudo aplicar respuesta | respuesta=1 | pregunta=Requisitos para aplicar a la vacante: 4 años de experiencia, Profesional hasta Otros $ 9.916.000 a $ 11.009.000 Bogotá, D.C. En Banco Davivienda buscamos talent
2026-05-08 12:29:21 | INFO | Pregunta omitida | razon=Sin regla confiable | pregunta=Cancelar Enviar respuestas
2026-05-08 12:29:21 | INFO | Pregunta omitida | razon=Sin regla confiable | pregunta=El flujo emite los resultados parciales disponibles
2026-05-08 12:29:21 | INFO | Pregunta omitida | razon=Sin regla confiable | pregunta=¿Eres una persona reconocida(o) públicamente? Si No
2026-05-08 12:29:21 | INFO | Pregunta omitida | razon=Sin regla confiable | pregunta=¿Eres considerado(a) una Persona Políticamente Expuesta (PEP)? Si No
2026-05-08 12:29:21 | INFO | Pregunta omitida | razon=Sin regla confiable | pregunta=¿Eres una persona Representante Legal de una Organización Internacional? Si No
2026-05-08 12:29:21 | INFO | Pregunta omitida | razon=Sin regla confiable | pregunta=Magneto para: Candidatos Empresas ¿Eres empresa? Descubre nuestras soluciones y agenda una cita haciendo clic aquí Blog Ayuda
2026-05-08 12:29:24 | INFO | Abriendo oferta: https://www.magneto365.com/co/empleos/desarrollador-full-stack-python-react-ia-cali-908099
2026-05-08 12:29:26 | INFO | Pregunta omitida | razon=Sin regla confiable | pregunta=Magneto para: Candidatos Empresas ¿Eres empresa? Descubre nuestras soluciones y agenda una cita haciendo clic aquí Blog Ayuda
2026-05-08 12:29:26 | INFO | No se pudo aplicar respuesta | respuesta=1 | pregunta=Requisitos para aplicar a la vacante: 2 años de experiencia, Tecnólogo hasta Especialización/ Maestría Salario a convenir Cali Desarrollador Full Stack (Python,
2026-05-08 12:29:27 | INFO | Pregunta omitida | razon=Sin regla confiable | pregunta=Magneto para: Candidatos Empresas ¿Eres empresa? Descubre nuestras soluciones y agenda una cita haciendo clic aquí Blog Ayuda
2026-05-08 12:29:27 | INFO | No se pudo aplicar respuesta | respuesta=1 | pregunta=Requisitos para aplicar a la vacante: 2 años de experiencia, Tecnólogo hasta Especialización/ Maestría Salario a convenir Cali Desarrollador Full Stack (Python,
2026-05-08 12:29:28 | INFO | Pregunta omitida | razon=Sin regla confiable | pregunta=Magneto para: Candidatos Empresas ¿Eres empresa? Descubre nuestras soluciones y agenda una cita haciendo clic aquí Blog Ayuda
2026-05-08 12:29:28 | INFO | No se pudo aplicar respuesta | respuesta=1 | pregunta=Requisitos para aplicar a la vacante: 2 años de experiencia, Tecnólogo hasta Especialización/ Maestría Salario a convenir Cali Desarrollador Full Stack (Python,
2026-05-08 12:29:30 | INFO | Pregunta omitida | razon=Sin regla confiable | pregunta=Magneto para: Candidatos Empresas ¿Eres empresa? Descubre nuestras soluciones y agenda una cita haciendo clic aquí Blog Ayuda
2026-05-08 12:29:30 | INFO | No se pudo aplicar respuesta | respuesta=1 | pregunta=Requisitos para aplicar a la vacante: 2 años de experiencia, Tecnólogo hasta Especialización/ Maestría Salario a convenir Cali Desarrollador Full Stack (Python,
2026-05-08 12:29:32 | INFO | Abriendo oferta: https://www.magneto365.com/co/empleos/desarrollador-senior-full-stack-909405
2026-05-08 12:29:33 | INFO | Pregunta omitida | razon=Sin regla confiable | pregunta=Crear cuenta
2026-05-08 12:29:33 | INFO | Pregunta omitida | razon=Sin regla confiable | pregunta=Magneto para: Candidatos Empresas ¿Eres empresa? Descubre nuestras soluciones y agenda una cita haciendo clic aquí Blog Ayuda
2026-05-08 12:29:35 | INFO | Abriendo oferta: https://www.magneto365.com/co/empleos/desarrolladorprogramador-bi-financiera-888680
2026-05-08 12:29:37 | INFO | Pregunta omitida | razon=Sin regla confiable | pregunta=Magneto para: Candidatos Empresas ¿Eres empresa? Descubre nuestras soluciones y agenda una cita haciendo clic aquí Blog Ayuda
2026-05-08 12:29:37 | INFO | No se pudo aplicar respuesta | respuesta=1 | pregunta=Requisitos para aplicar a la vacante: 2 años de experiencia, Profesional Salario a convenir Bogotá, D.C. - Medellín - Barranquilla - Pereira Nos encontramos en 
2026-05-08 12:29:38 | INFO | Pregunta omitida | razon=Sin regla confiable | pregunta=Magneto para: Candidatos Empresas ¿Eres empresa? Descubre nuestras soluciones y agenda una cita haciendo clic aquí Blog Ayuda
2026-05-08 12:29:38 | INFO | No se pudo aplicar respuesta | respuesta=1 | pregunta=Requisitos para aplicar a la vacante: 2 años de experiencia, Profesional Salario a convenir Bogotá, D.C. - Medellín - Barranquilla - Pereira Nos encontramos en 
2026-05-08 12:29:39 | INFO | Pregunta omitida | razon=Sin regla confiable | pregunta=Magneto para: Candidatos Empresas ¿Eres empresa? Descubre nuestras soluciones y agenda una cita haciendo clic aquí Blog Ayuda
2026-05-08 12:29:39 | INFO | No se pudo aplicar respuesta | respuesta=1 | pregunta=Requisitos para aplicar a la vacante: 2 años de experiencia, Profesional Salario a convenir Bogotá, D.C. - Medellín - Barranquilla - Pereira Nos encontramos en 
2026-05-08 12:29:40 | INFO | Pregunta omitida | razon=Sin regla confiable | pregunta=Magneto para: Candidatos Empresas ¿Eres empresa? Descubre nuestras soluciones y agenda una cita haciendo clic aquí Blog Ayuda
2026-05-08 12:29:40 | INFO | No se pudo aplicar respuesta | respuesta=1 | pregunta=Requisitos para aplicar a la vacante: 2 años de experiencia, Profesional Salario a convenir Bogotá, D.C. - Medellín - Barranquilla - Pereira Nos encontramos en 
2026-05-08 12:29:42 | INFO | Abriendo oferta: https://www.magneto365.com/co/empleos/desarrollador-especialista-de-software-medellin-843102
2026-05-08 12:29:45 | INFO | Pregunta omitida | razon=Sin regla confiable | pregunta=Magneto para: Candidatos Empresas ¿Eres empresa? Descubre nuestras soluciones y agenda una cita haciendo clic aquí Blog Ayuda
2026-05-08 12:29:45 | INFO | No se pudo aplicar respuesta | respuesta=1 | pregunta=Requisitos para aplicar a la vacante: Apto para personas con discapacidad 3 años de experiencia, Tecnólogo hasta Profesional Salario a convenir Medellín - La Es
2026-05-08 12:29:46 | INFO | Pregunta respondida | respuesta=5 | confianza=0.75 | razon=Experiencia total | pregunta=No tengo experiencia
2026-05-08 12:29:46 | INFO | Pregunta omitida | razon=Sin regla confiable | pregunta=Cancelar Enviar respuestas
2026-05-08 12:29:46 | INFO | Pregunta respondida | respuesta=Bogotá | confianza=0.90 | razon=Ubicacion | pregunta=¿En que ciudad resides actualmente? Medellin Cali Bogotá Otra
2026-05-08 12:29:46 | INFO | Pregunta omitida | razon=Sin regla confiable | pregunta=¿Qué crees que puedes aportar a la compañia desde el rol? 0 de 140
2026-05-08 12:29:46 | INFO | Pregunta omitida | razon=Sin regla confiable | pregunta=Magneto para: Candidatos Empresas ¿Eres empresa? Descubre nuestras soluciones y agenda una cita haciendo clic aquí Blog Ayuda
2026-05-08 12:29:46 | INFO | Pregunta omitida | razon=Sin regla confiable | pregunta=¿Cuál es tu último nivel académico culminado? Primaria Bachiller Técnico Tecnólogo Profesional Especialización/Maestría Doctorado
2026-05-08 12:29:47 | INFO | Pregunta omitida | razon=Sin regla confiable | pregunta=Magneto para: Candidatos Empresas ¿Eres empresa? Descubre nuestras soluciones y agenda una cita haciendo clic aquí Blog Ayuda
2026-05-08 12:29:47 | INFO | No se pudo aplicar respuesta | respuesta=1 | pregunta=Requisitos para aplicar a la vacante: Apto para personas con discapacidad 3 años de experiencia, Tecnólogo hasta Profesional Salario a convenir Medellín - La Es
2026-05-08 12:29:48 | INFO | Pregunta respondida | respuesta=5 | confianza=0.75 | razon=Experiencia total | pregunta=No tengo experiencia
2026-05-08 12:29:48 | INFO | Pregunta omitida | razon=Sin regla confiable | pregunta=Cancelar Enviar respuestas
2026-05-08 12:29:48 | INFO | Pregunta respondida | respuesta=Bogotá | confianza=0.90 | razon=Ubicacion | pregunta=¿En que ciudad resides actualmente? Medellin Cali Bogotá Otra
2026-05-08 12:29:48 | INFO | Pregunta omitida | razon=Sin regla confiable | pregunta=¿Qué crees que puedes aportar a la compañia desde el rol? 0 de 140
2026-05-08 12:29:48 | INFO | Pregunta omitida | razon=Sin regla confiable | pregunta=Magneto para: Candidatos Empresas ¿Eres empresa? Descubre nuestras soluciones y agenda una cita haciendo clic aquí Blog Ayuda
2026-05-08 12:29:48 | INFO | Pregunta omitida | razon=Sin regla confiable | pregunta=¿Cuál es tu último nivel académico culminado? Primaria Bachiller Técnico Tecnólogo Profesional Especialización/Maestría Doctorado
2026-05-08 12:29:50 | INFO | Pregunta omitida | razon=Sin regla confiable | pregunta=Magneto para: Candidatos Empresas ¿Eres empresa? Descubre nuestras soluciones y agenda una cita haciendo clic aquí Blog Ayuda
2026-05-08 12:29:50 | INFO | No se pudo aplicar respuesta | respuesta=1 | pregunta=Requisitos para aplicar a la vacante: Apto para personas con discapacidad 3 años de experiencia, Tecnólogo hasta Profesional Salario a convenir Medellín - La Es
2026-05-08 12:29:51 | INFO | Pregunta respondida | respuesta=5 | confianza=0.75 | razon=Experiencia total | pregunta=No tengo experiencia
2026-05-08 12:29:51 | INFO | Pregunta omitida | razon=Sin regla confiable | pregunta=Cancelar Enviar respuestas
2026-05-08 12:29:51 | INFO | Pregunta respondida | respuesta=Bogotá | confianza=0.90 | razon=Ubicacion | pregunta=¿En que ciudad resides actualmente? Medellin Cali Bogotá Otra
2026-05-08 12:29:51 | INFO | Pregunta omitida | razon=Sin regla confiable | pregunta=¿Qué crees que puedes aportar a la compañia desde el rol? 0 de 140
2026-05-08 12:29:51 | INFO | Pregunta omitida | razon=Sin regla confiable | pregunta=Magneto para: Candidatos Empresas ¿Eres empresa? Descubre nuestras soluciones y agenda una cita haciendo clic aquí Blog Ayuda
2026-05-08 12:29:51 | INFO | Pregunta omitida | razon=Sin regla confiable | pregunta=¿Cuál es tu último nivel académico culminado? Primaria Bachiller Técnico Tecnólogo Profesional Especialización/Maestría Doctorado
2026-05-08 12:29:52 | INFO | Pregunta omitida | razon=Sin regla confiable | pregunta=Magneto para: Candidatos Empresas ¿Eres empresa? Descubre nuestras soluciones y agenda una cita haciendo clic aquí Blog Ayuda
2026-05-08 12:29:52 | INFO | No se pudo aplicar respuesta | respuesta=1 | pregunta=Requisitos para aplicar a la vacante: Apto para personas con discapacidad 3 años de experiencia, Tecnólogo hasta Profesional Salario a convenir Medellín - La Es
2026-05-08 12:29:53 | INFO | Pregunta respondida | respuesta=5 | confianza=0.75 | razon=Experiencia total | pregunta=No tengo experiencia
2026-05-08 12:29:53 | INFO | Pregunta omitida | razon=Sin regla confiable | pregunta=Cancelar Enviar respuestas
2026-05-08 12:29:53 | INFO | Pregunta respondida | respuesta=Bogotá | confianza=0.90 | razon=Ubicacion | pregunta=¿En que ciudad resides actualmente? Medellin Cali Bogotá Otra
2026-05-08 12:29:53 | INFO | Pregunta omitida | razon=Sin regla confiable | pregunta=¿Qué crees que puedes aportar a la compañia desde el rol? 0 de 140
2026-05-08 12:29:53 | INFO | Pregunta omitida | razon=Sin regla confiable | pregunta=Magneto para: Candidatos Empresas ¿Eres empresa? Descubre nuestras soluciones y agenda una cita haciendo clic aquí Blog Ayuda
2026-05-08 12:29:53 | INFO | Pregunta omitida | razon=Sin regla confiable | pregunta=¿Cuál es tu último nivel académico culminado? Primaria Bachiller Técnico Tecnólogo Profesional Especialización/Maestría Doctorado
2026-05-08 12:29:54 | INFO | Pregunta omitida | razon=Sin regla confiable | pregunta=Magneto para: Candidatos Empresas ¿Eres empresa? Descubre nuestras soluciones y agenda una cita haciendo clic aquí Blog Ayuda
2026-05-08 12:29:54 | INFO | No se pudo aplicar respuesta | respuesta=1 | pregunta=Requisitos para aplicar a la vacante: Apto para personas con discapacidad 3 años de experiencia, Tecnólogo hasta Profesional Salario a convenir Medellín - La Es
2026-05-08 12:29:55 | INFO | Pregunta respondida | respuesta=5 | confianza=0.75 | razon=Experiencia total | pregunta=No tengo experiencia
2026-05-08 12:29:55 | INFO | Pregunta omitida | razon=Sin regla confiable | pregunta=Cancelar Enviar respuestas
2026-05-08 12:29:55 | INFO | Pregunta respondida | respuesta=Bogotá | confianza=0.90 | razon=Ubicacion | pregunta=¿En que ciudad resides actualmente? Medellin Cali Bogotá Otra
2026-05-08 12:29:55 | INFO | Pregunta omitida | razon=Sin regla confiable | pregunta=¿Qué crees que puedes aportar a la compañia desde el rol? 0 de 140
2026-05-08 12:29:55 | INFO | Pregunta omitida | razon=Sin regla confiable | pregunta=Magneto para: Candidatos Empresas ¿Eres empresa? Descubre nuestras soluciones y agenda una cita haciendo clic aquí Blog Ayuda
2026-05-08 12:29:55 | INFO | Pregunta omitida | razon=Sin regla confiable | pregunta=¿Cuál es tu último nivel académico culminado? Primaria Bachiller Técnico Tecnólogo Profesional Especialización/Maestría Doctorado
2026-05-08 12:29:56 | INFO | Pregunta omitida | razon=Sin regla confiable | pregunta=Magneto para: Candidatos Empresas ¿Eres empresa? Descubre nuestras soluciones y agenda una cita haciendo clic aquí Blog Ayuda
2026-05-08 12:29:56 | INFO | No se pudo aplicar respuesta | respuesta=1 | pregunta=Requisitos para aplicar a la vacante: Apto para personas con discapacidad 3 años de experiencia, Tecnólogo hasta Profesional Salario a convenir Medellín - La Es
2026-05-08 12:29:57 | INFO | Pregunta respondida | respuesta=5 | confianza=0.75 | razon=Experiencia total | pregunta=No tengo experiencia
2026-05-08 12:29:57 | INFO | Pregunta omitida | razon=Sin regla confiable | pregunta=Cancelar Enviar respuestas
2026-05-08 12:29:57 | INFO | Pregunta respondida | respuesta=Bogotá | confianza=0.90 | razon=Ubicacion | pregunta=¿En que ciudad resides actualmente? Medellin Cali Bogotá Otra
2026-05-08 12:29:57 | INFO | Pregunta omitida | razon=Sin regla confiable | pregunta=¿Qué crees que puedes aportar a la compañia desde el rol? 0 de 140
2026-05-08 12:29:57 | INFO | Pregunta omitida | razon=Sin regla confiable | pregunta=Magneto para: Candidatos Empresas ¿Eres empresa? Descubre nuestras soluciones y agenda una cita haciendo clic aquí Blog Ayuda
2026-05-08 12:29:57 | INFO | Pregunta omitida | razon=Sin regla confiable | pregunta=¿Cuál es tu último nivel académico culminado? Primaria Bachiller Técnico Tecnólogo Profesional Especialización/Maestría Doctorado
2026-05-08 12:30:00 | INFO | Abriendo oferta: https://www.magneto365.com/co/empleos/desarrollador-de-software-835075
2026-05-08 12:30:03 | INFO | Pregunta omitida | razon=Sin regla confiable | pregunta=Magneto para: Candidatos Empresas ¿Eres empresa? Descubre nuestras soluciones y agenda una cita haciendo clic aquí Blog Ayuda
2026-05-08 12:30:03 | INFO | No se pudo aplicar respuesta | respuesta=1 | pregunta=Requisitos para aplicar a la vacante: Apto para personas con discapacidad 3 años de experiencia, Tecnólogo hasta Profesional Salario a convenir La Estrella - Me
2026-05-08 12:30:04 | INFO | Pregunta respondida | respuesta=5 | confianza=0.75 | razon=Experiencia total | pregunta=No tengo experiencia
2026-05-08 12:30:04 | INFO | Pregunta respondida | respuesta=5 | confianza=0.75 | razon=Experiencia total | pregunta=2 años de experiencia
2026-05-08 12:30:04 | INFO | Pregunta omitida | razon=Sin regla confiable | pregunta=Cancelar Enviar respuestas
2026-05-08 12:30:04 | INFO | Pregunta respondida | respuesta=5 | confianza=0.75 | razon=Experiencia total | pregunta=De 6 meses de experiencia a un año
2026-05-08 12:30:04 | INFO | Pregunta respondida | respuesta=Bogotá | confianza=0.90 | razon=Ubicacion | pregunta=¿En que ciudad resides actualmente? Medellin Cali Bogotá Otra
2026-05-08 12:30:04 | INFO | Pregunta omitida | razon=Sin regla confiable | pregunta=¿Qué crees que puedes aportar a la compañia desde el rol? 0 de 140
2026-05-08 12:30:05 | INFO | Pregunta omitida | razon=Sin regla confiable | pregunta=Magneto para: Candidatos Empresas ¿Eres empresa? Descubre nuestras soluciones y agenda una cita haciendo clic aquí Blog Ayuda
2026-05-08 12:30:05 | INFO | No se pudo aplicar respuesta | respuesta=1 | pregunta=Requisitos para aplicar a la vacante: Apto para personas con discapacidad 3 años de experiencia, Tecnólogo hasta Profesional Salario a convenir La Estrella - Me
2026-05-08 12:30:06 | INFO | Pregunta respondida | respuesta=5 | confianza=0.75 | razon=Experiencia total | pregunta=No tengo experiencia
2026-05-08 12:30:06 | INFO | Pregunta respondida | respuesta=5 | confianza=0.75 | razon=Experiencia total | pregunta=2 años de experiencia
2026-05-08 12:30:06 | INFO | Pregunta omitida | razon=Sin regla confiable | pregunta=Cancelar Enviar respuestas
2026-05-08 12:30:06 | INFO | Pregunta respondida | respuesta=5 | confianza=0.75 | razon=Experiencia total | pregunta=De 6 meses de experiencia a un año
2026-05-08 12:30:06 | INFO | Pregunta respondida | respuesta=Bogotá | confianza=0.90 | razon=Ubicacion | pregunta=¿En que ciudad resides actualmente? Medellin Cali Bogotá Otra
2026-05-08 12:30:06 | INFO | Pregunta omitida | razon=Sin regla confiable | pregunta=¿Qué crees que puedes aportar a la compañia desde el rol? 0 de 140
2026-05-08 12:30:07 | INFO | Pregunta omitida | razon=Sin regla confiable | pregunta=Magneto para: Candidatos Empresas ¿Eres empresa? Descubre nuestras soluciones y agenda una cita haciendo clic aquí Blog Ayuda
2026-05-08 12:30:07 | INFO | No se pudo aplicar respuesta | respuesta=1 | pregunta=Requisitos para aplicar a la vacante: Apto para personas con discapacidad 3 años de experiencia, Tecnólogo hasta Profesional Salario a convenir La Estrella - Me
2026-05-08 12:30:08 | INFO | Pregunta respondida | respuesta=5 | confianza=0.75 | razon=Experiencia total | pregunta=No tengo experiencia
2026-05-08 12:30:08 | INFO | Pregunta respondida | respuesta=5 | confianza=0.75 | razon=Experiencia total | pregunta=2 años de experiencia
2026-05-08 12:30:08 | INFO | Pregunta omitida | razon=Sin regla confiable | pregunta=Cancelar Enviar respuestas
2026-05-08 12:30:08 | INFO | Pregunta respondida | respuesta=5 | confianza=0.75 | razon=Experiencia total | pregunta=De 6 meses de experiencia a un año
2026-05-08 12:30:08 | INFO | Pregunta respondida | respuesta=Bogotá | confianza=0.90 | razon=Ubicacion | pregunta=¿En que ciudad resides actualmente? Medellin Cali Bogotá Otra
2026-05-08 12:30:08 | INFO | Pregunta omitida | razon=Sin regla confiable | pregunta=¿Qué crees que puedes aportar a la compañia desde el rol? 0 de 140
2026-05-08 12:30:09 | INFO | Pregunta omitida | razon=Sin regla confiable | pregunta=Magneto para: Candidatos Empresas ¿Eres empresa? Descubre nuestras soluciones y agenda una cita haciendo clic aquí Blog Ayuda
2026-05-08 12:30:09 | INFO | No se pudo aplicar respuesta | respuesta=1 | pregunta=Requisitos para aplicar a la vacante: Apto para personas con discapacidad 3 años de experiencia, Tecnólogo hasta Profesional Salario a convenir La Estrella - Me
2026-05-08 12:30:10 | INFO | Pregunta respondida | respuesta=5 | confianza=0.75 | razon=Experiencia total | pregunta=No tengo experiencia
2026-05-08 12:30:10 | INFO | Pregunta respondida | respuesta=5 | confianza=0.75 | razon=Experiencia total | pregunta=2 años de experiencia
2026-05-08 12:30:10 | INFO | Pregunta omitida | razon=Sin regla confiable | pregunta=Cancelar Enviar respuestas
2026-05-08 12:30:10 | INFO | Pregunta respondida | respuesta=5 | confianza=0.75 | razon=Experiencia total | pregunta=De 6 meses de experiencia a un año
2026-05-08 12:30:11 | INFO | Pregunta respondida | respuesta=Bogotá | confianza=0.90 | razon=Ubicacion | pregunta=¿En que ciudad resides actualmente? Medellin Cali Bogotá Otra
2026-05-08 12:30:11 | INFO | Pregunta omitida | razon=Sin regla confiable | pregunta=¿Qué crees que puedes aportar a la compañia desde el rol? 0 de 140
2026-05-08 12:30:12 | INFO | Pregunta omitida | razon=Sin regla confiable | pregunta=Magneto para: Candidatos Empresas ¿Eres empresa? Descubre nuestras soluciones y agenda una cita haciendo clic aquí Blog Ayuda
2026-05-08 12:30:12 | INFO | No se pudo aplicar respuesta | respuesta=1 | pregunta=Requisitos para aplicar a la vacante: Apto para personas con discapacidad 3 años de experiencia, Tecnólogo hasta Profesional Salario a convenir La Estrella - Me
2026-05-08 12:30:13 | INFO | Pregunta respondida | respuesta=5 | confianza=0.75 | razon=Experiencia total | pregunta=No tengo experiencia
2026-05-08 12:30:13 | INFO | Pregunta respondida | respuesta=5 | confianza=0.75 | razon=Experiencia total | pregunta=2 años de experiencia
2026-05-08 12:30:13 | INFO | Pregunta omitida | razon=Sin regla confiable | pregunta=Cancelar Enviar respuestas
2026-05-08 12:30:13 | INFO | Pregunta respondida | respuesta=5 | confianza=0.75 | razon=Experiencia total | pregunta=De 6 meses de experiencia a un año
2026-05-08 12:30:13 | INFO | Pregunta respondida | respuesta=Bogotá | confianza=0.90 | razon=Ubicacion | pregunta=¿En que ciudad resides actualmente? Medellin Cali Bogotá Otra
2026-05-08 12:30:13 | INFO | Pregunta omitida | razon=Sin regla confiable | pregunta=¿Qué crees que puedes aportar a la compañia desde el rol? 0 de 140
2026-05-08 12:30:14 | INFO | Pregunta omitida | razon=Sin regla confiable | pregunta=Magneto para: Candidatos Empresas ¿Eres empresa? Descubre nuestras soluciones y agenda una cita haciendo clic aquí Blog Ayuda
2026-05-08 12:30:14 | INFO | No se pudo aplicar respuesta | respuesta=1 | pregunta=Requisitos para aplicar a la vacante: Apto para personas con discapacidad 3 años de experiencia, Tecnólogo hasta Profesional Salario a convenir La Estrella - Me
2026-05-08 12:30:15 | INFO | Pregunta respondida | respuesta=5 | confianza=0.75 | razon=Experiencia total | pregunta=No tengo experiencia
2026-05-08 12:30:15 | INFO | Pregunta respondida | respuesta=5 | confianza=0.75 | razon=Experiencia total | pregunta=2 años de experiencia
2026-05-08 12:30:15 | INFO | Pregunta omitida | razon=Sin regla confiable | pregunta=Cancelar Enviar respuestas
2026-05-08 12:30:15 | INFO | Pregunta respondida | respuesta=5 | confianza=0.75 | razon=Experiencia total | pregunta=De 6 meses de experiencia a un año
2026-05-08 12:30:15 | INFO | Pregunta respondida | respuesta=Bogotá | confianza=0.90 | razon=Ubicacion | pregunta=¿En que ciudad resides actualmente? Medellin Cali Bogotá Otra
2026-05-08 12:30:15 | INFO | Pregunta omitida | razon=Sin regla confiable | pregunta=¿Qué crees que puedes aportar a la compañia desde el rol? 0 de 140
2026-05-08 12:30:18 | INFO | Oferta descartada | score=43 | minimo=45 | cargo=Ingeniero(a) Tecnologia - Talento que Transforma | salario=Salario a convenir, | notas=Skills: IA
2026-05-08 12:30:18 | INFO | Abriendo oferta: https://www.magneto365.com/co/empleos/tester-qa-pruebas-de-software-hibrido-bogota-908108
2026-05-08 12:30:20 | INFO | Pregunta omitida | razon=Sin regla confiable | pregunta=Magneto para: Candidatos Empresas ¿Eres empresa? Descubre nuestras soluciones y agenda una cita haciendo clic aquí Blog Ayuda
2026-05-08 12:30:20 | INFO | No se pudo aplicar respuesta | respuesta=5 | pregunta=Requisitos para aplicar a la vacante: 2 años de experiencia, Profesional $ 2.900.000 a $ 3.000.000 Bogotá, D.C. Importante compañia del sector tecnologico se en
2026-05-08 12:30:21 | INFO | Pregunta omitida | razon=Sin regla confiable | pregunta=Cancelar Enviar respuestas
2026-05-08 12:30:21 | INFO | Pregunta respondida | respuesta=5 | confianza=0.75 | razon=Experiencia total | pregunta=¿Cuántos años de experiencia tienes en cargos relacionados con pruebas de software? 0 de 140
2026-05-08 12:30:21 | INFO | Pregunta omitida | razon=Sin regla confiable | pregunta=¿Qué nivel de conocimiento tienes en ejecución de casos de prueba e identificación y reporte de incidencias? 0 de 2500
2026-05-08 12:30:21 | INFO | Pregunta omitida | razon=Sin regla confiable | pregunta=Magneto para: Candidatos Empresas ¿Eres empresa? Descubre nuestras soluciones y agenda una cita haciendo clic aquí Blog Ayuda
2026-05-08 12:30:22 | INFO | Pregunta omitida | razon=Sin regla confiable | pregunta=Magneto para: Candidatos Empresas ¿Eres empresa? Descubre nuestras soluciones y agenda una cita haciendo clic aquí Blog Ayuda
2026-05-08 12:30:22 | INFO | No se pudo aplicar respuesta | respuesta=5 | pregunta=Requisitos para aplicar a la vacante: 2 años de experiencia, Profesional $ 2.900.000 a $ 3.000.000 Bogotá, D.C. Importante compañia del sector tecnologico se en
2026-05-08 12:30:23 | INFO | Pregunta omitida | razon=Sin regla confiable | pregunta=Cancelar Enviar respuestas
2026-05-08 12:30:23 | INFO | Pregunta respondida | respuesta=5 | confianza=0.75 | razon=Experiencia total | pregunta=¿Cuántos años de experiencia tienes en cargos relacionados con pruebas de software? 1 de 140
2026-05-08 12:30:23 | INFO | Pregunta omitida | razon=Sin regla confiable | pregunta=¿Qué nivel de conocimiento tienes en ejecución de casos de prueba e identificación y reporte de incidencias? 0 de 2500
2026-05-08 12:30:23 | INFO | Pregunta omitida | razon=Sin regla confiable | pregunta=Magneto para: Candidatos Empresas ¿Eres empresa? Descubre nuestras soluciones y agenda una cita haciendo clic aquí Blog Ayuda
2026-05-08 12:30:25 | INFO | Pregunta omitida | razon=Sin regla confiable | pregunta=Magneto para: Candidatos Empresas ¿Eres empresa? Descubre nuestras soluciones y agenda una cita haciendo clic aquí Blog Ayuda
2026-05-08 12:30:25 | INFO | No se pudo aplicar respuesta | respuesta=5 | pregunta=Requisitos para aplicar a la vacante: 2 años de experiencia, Profesional $ 2.900.000 a $ 3.000.000 Bogotá, D.C. Importante compañia del sector tecnologico se en
2026-05-08 12:30:26 | INFO | Pregunta omitida | razon=Sin regla confiable | pregunta=Cancelar Enviar respuestas
2026-05-08 12:30:26 | INFO | Pregunta respondida | respuesta=5 | confianza=0.75 | razon=Experiencia total | pregunta=¿Cuántos años de experiencia tienes en cargos relacionados con pruebas de software? 0 de 140
2026-05-08 12:30:26 | INFO | Pregunta omitida | razon=Sin regla confiable | pregunta=¿Qué nivel de conocimiento tienes en ejecución de casos de prueba e identificación y reporte de incidencias? 0 de 2500
2026-05-08 12:30:26 | INFO | Pregunta omitida | razon=Sin regla confiable | pregunta=Magneto para: Candidatos Empresas ¿Eres empresa? Descubre nuestras soluciones y agenda una cita haciendo clic aquí Blog Ayuda
2026-05-08 12:30:27 | INFO | Pregunta omitida | razon=Sin regla confiable | pregunta=Magneto para: Candidatos Empresas ¿Eres empresa? Descubre nuestras soluciones y agenda una cita haciendo clic aquí Blog Ayuda
2026-05-08 12:30:27 | INFO | No se pudo aplicar respuesta | respuesta=5 | pregunta=Requisitos para aplicar a la vacante: 2 años de experiencia, Profesional $ 2.900.000 a $ 3.000.000 Bogotá, D.C. Importante compañia del sector tecnologico se en
2026-05-08 12:30:28 | INFO | Pregunta omitida | razon=Sin regla confiable | pregunta=Cancelar Enviar respuestas
2026-05-08 12:30:28 | INFO | Pregunta respondida | respuesta=5 | confianza=0.75 | razon=Experiencia total | pregunta=¿Cuántos años de experiencia tienes en cargos relacionados con pruebas de software? 1 de 140
2026-05-08 12:30:28 | INFO | Pregunta omitida | razon=Sin regla confiable | pregunta=¿Qué nivel de conocimiento tienes en ejecución de casos de prueba e identificación y reporte de incidencias? 0 de 2500
2026-05-08 12:30:28 | INFO | Pregunta omitida | razon=Sin regla confiable | pregunta=Magneto para: Candidatos Empresas ¿Eres empresa? Descubre nuestras soluciones y agenda una cita haciendo clic aquí Blog Ayuda
2026-05-08 12:30:29 | INFO | Pregunta omitida | razon=Sin regla confiable | pregunta=Magneto para: Candidatos Empresas ¿Eres empresa? Descubre nuestras soluciones y agenda una cita haciendo clic aquí Blog Ayuda
2026-05-08 12:30:29 | INFO | No se pudo aplicar respuesta | respuesta=5 | pregunta=Requisitos para aplicar a la vacante: 2 años de experiencia, Profesional $ 2.900.000 a $ 3.000.000 Bogotá, D.C. Importante compañia del sector tecnologico se en
2026-05-08 12:30:30 | INFO | Pregunta omitida | razon=Sin regla confiable | pregunta=Cancelar Enviar respuestas
2026-05-08 12:30:30 | INFO | Pregunta respondida | respuesta=5 | confianza=0.75 | razon=Experiencia total | pregunta=¿Cuántos años de experiencia tienes en cargos relacionados con pruebas de software? 0 de 140
2026-05-08 12:30:30 | INFO | Pregunta omitida | razon=Sin regla confiable | pregunta=¿Qué nivel de conocimiento tienes en ejecución de casos de prueba e identificación y reporte de incidencias? 0 de 2500
2026-05-08 12:30:30 | INFO | Pregunta omitida | razon=Sin regla confiable | pregunta=Magneto para: Candidatos Empresas ¿Eres empresa? Descubre nuestras soluciones y agenda una cita haciendo clic aquí Blog Ayuda
2026-05-08 12:30:31 | INFO | Pregunta omitida | razon=Sin regla confiable | pregunta=Magneto para: Candidatos Empresas ¿Eres empresa? Descubre nuestras soluciones y agenda una cita haciendo clic aquí Blog Ayuda
2026-05-08 12:30:31 | INFO | No se pudo aplicar respuesta | respuesta=5 | pregunta=Requisitos para aplicar a la vacante: 2 años de experiencia, Profesional $ 2.900.000 a $ 3.000.000 Bogotá, D.C. Importante compañia del sector tecnologico se en
2026-05-08 12:30:32 | INFO | Pregunta omitida | razon=Sin regla confiable | pregunta=Cancelar Enviar respuestas
2026-05-08 12:30:32 | INFO | Pregunta respondida | respuesta=5 | confianza=0.75 | razon=Experiencia total | pregunta=¿Cuántos años de experiencia tienes en cargos relacionados con pruebas de software? 1 de 140
2026-05-08 12:30:32 | INFO | Pregunta omitida | razon=Sin regla confiable | pregunta=¿Qué nivel de conocimiento tienes en ejecución de casos de prueba e identificación y reporte de incidencias? 0 de 2500
2026-05-08 12:30:32 | INFO | Pregunta omitida | razon=Sin regla confiable | pregunta=Magneto para: Candidatos Empresas ¿Eres empresa? Descubre nuestras soluciones y agenda una cita haciendo clic aquí Blog Ayuda
2026-05-08 12:30:35 | INFO | Abriendo oferta: https://www.magneto365.com/co/empleos/coordinadora-de-servicios-de-desarrollo-de-software-1626119083-2-900284
2026-05-08 12:30:37 | INFO | Pregunta omitida | razon=Sin regla confiable | pregunta=Magneto para: Candidatos Empresas ¿Eres empresa? Descubre nuestras soluciones y agenda una cita haciendo clic aquí Blog Ayuda
2026-05-08 12:30:37 | INFO | No se pudo aplicar respuesta | respuesta=5 | pregunta=Requisitos para aplicar a la vacante: 3 años de experiencia, Profesional $ 4.500.000 Medellín Importante empresa del sector de desarrollo de software ubicada en
2026-05-08 12:30:38 | INFO | Pregunta omitida | razon=Sin regla confiable | pregunta=Magneto para: Candidatos Empresas ¿Eres empresa? Descubre nuestras soluciones y agenda una cita haciendo clic aquí Blog Ayuda
2026-05-08 12:30:38 | INFO | No se pudo aplicar respuesta | respuesta=5 | pregunta=Requisitos para aplicar a la vacante: 3 años de experiencia, Profesional $ 4.500.000 Medellín Importante empresa del sector de desarrollo de software ubicada en
2026-05-08 12:30:39 | INFO | Pregunta omitida | razon=Sin regla confiable | pregunta=Magneto para: Candidatos Empresas ¿Eres empresa? Descubre nuestras soluciones y agenda una cita haciendo clic aquí Blog Ayuda
2026-05-08 12:30:39 | INFO | No se pudo aplicar respuesta | respuesta=5 | pregunta=Requisitos para aplicar a la vacante: 3 años de experiencia, Profesional $ 4.500.000 Medellín Importante empresa del sector de desarrollo de software ubicada en
2026-05-08 12:30:42 | INFO | Abriendo oferta: https://www.magneto365.com/co/empleos/arquitecto-de-software-899087
2026-05-08 12:30:43 | INFO | Pregunta omitida | razon=Sin regla confiable | pregunta=Magneto para: Candidatos Empresas ¿Eres empresa? Descubre nuestras soluciones y agenda una cita haciendo clic aquí Blog Ayuda
2026-05-08 12:30:43 | INFO | No se pudo aplicar respuesta | respuesta=1 | pregunta=Requisitos para aplicar a la vacante: 2 años de experiencia, Profesional hasta Especialización/ Maestría $ 8.000.000 a $ 8.500.000 Bogotá, D.C. En Kuepa estamos
2026-05-08 12:30:45 | INFO | Pregunta omitida | razon=Sin regla confiable | pregunta=Magneto para: Candidatos Empresas ¿Eres empresa? Descubre nuestras soluciones y agenda una cita haciendo clic aquí Blog Ayuda
2026-05-08 12:30:45 | INFO | No se pudo aplicar respuesta | respuesta=1 | pregunta=Requisitos para aplicar a la vacante: 2 años de experiencia, Profesional hasta Especialización/ Maestría $ 8.000.000 a $ 8.500.000 Bogotá, D.C. En Kuepa estamos
2026-05-08 12:30:46 | INFO | Pregunta omitida | razon=Sin regla confiable | pregunta=Magneto para: Candidatos Empresas ¿Eres empresa? Descubre nuestras soluciones y agenda una cita haciendo clic aquí Blog Ayuda
2026-05-08 12:30:46 | INFO | No se pudo aplicar respuesta | respuesta=1 | pregunta=Requisitos para aplicar a la vacante: 2 años de experiencia, Profesional hasta Especialización/ Maestría $ 8.000.000 a $ 8.500.000 Bogotá, D.C. En Kuepa estamos
2026-05-08 12:30:48 | INFO | Oferta descartada | score=43 | minimo=45 | cargo=Líder Técnico - Desarrollo Software (Java) | salario=Salario a convenir, | notas=Skills: IA
2026-05-08 12:30:48 | INFO | Oferta descartada | score=43 | minimo=45 | cargo=Arquitecto de Software | salario=Salario a convenir, | notas=Skills: IA
2026-05-08 12:30:48 | INFO | Abriendo oferta: https://www.magneto365.com/co/empleos/arquitecto-de-software-822827
2026-05-08 12:30:49 | INFO | Pregunta omitida | razon=Sin regla confiable | pregunta=Crear cuenta
2026-05-08 12:30:49 | INFO | Pregunta omitida | razon=Sin regla confiable | pregunta=Magneto para: Candidatos Empresas ¿Eres empresa? Descubre nuestras soluciones y agenda una cita haciendo clic aquí Blog Ayuda
2026-05-08 12:30:51 | INFO | Abriendo oferta: https://www.magneto365.com/co/empleos/practicante-sistemas-de-informacion-base-comercial-895470
2026-05-08 12:30:53 | INFO | Pregunta omitida | razon=Sin regla confiable | pregunta=Magneto para: Candidatos Empresas ¿Eres empresa? Descubre nuestras soluciones y agenda una cita haciendo clic aquí Blog Ayuda
2026-05-08 12:30:53 | INFO | No se pudo aplicar respuesta | respuesta=Pensamiento analitico, resolucion de problemas, comunicacion efectiva, adaptabilidad, trabajo en equipo y orientacion a la mejora de procesos. | pregunta=Requisitos para aplicar a la vacante: Bachillerato completo Salario a convenir Bogotá, D.C. - Chía - Cota Practicante Universitario Desarrollo de Software y Bas
2026-05-08 12:30:54 | INFO | Pregunta omitida | razon=Sin regla confiable | pregunta=Magneto para: Candidatos Empresas ¿Eres empresa? Descubre nuestras soluciones y agenda una cita haciendo clic aquí Blog Ayuda
2026-05-08 12:30:54 | INFO | No se pudo aplicar respuesta | respuesta=Pensamiento analitico, resolucion de problemas, comunicacion efectiva, adaptabilidad, trabajo en equipo y orientacion a la mejora de procesos. | pregunta=Requisitos para aplicar a la vacante: Bachillerato completo Salario a convenir Bogotá, D.C. - Chía - Cota Practicante Universitario Desarrollo de Software y Bas
2026-05-08 12:30:55 | INFO | Pregunta omitida | razon=Sin regla confiable | pregunta=Magneto para: Candidatos Empresas ¿Eres empresa? Descubre nuestras soluciones y agenda una cita haciendo clic aquí Blog Ayuda
2026-05-08 12:30:55 | INFO | No se pudo aplicar respuesta | respuesta=Pensamiento analitico, resolucion de problemas, comunicacion efectiva, adaptabilidad, trabajo en equipo y orientacion a la mejora de procesos. | pregunta=Requisitos para aplicar a la vacante: Bachillerato completo Salario a convenir Bogotá, D.C. - Chía - Cota Practicante Universitario Desarrollo de Software y Bas
2026-05-08 12:30:57 | INFO | Abriendo oferta: https://www.magneto365.com/co/empleos/desarrollador-de-software-lider-microservicios-remoto-894672
2026-05-08 12:30:59 | INFO | Pregunta omitida | razon=Sin regla confiable | pregunta=Magneto para: Candidatos Empresas ¿Eres empresa? Descubre nuestras soluciones y agenda una cita haciendo clic aquí Blog Ayuda
2026-05-08 12:30:59 | INFO | No se pudo aplicar respuesta | respuesta=5 | pregunta=Requisitos para aplicar a la vacante: 2 años de experiencia, Profesional $ 2.500.000 a $ 3.500.000 Bogotá, D.C. - Bucaramanga - Cúcuta Importante empresa del se
2026-05-08 12:31:01 | INFO | Pregunta omitida | razon=Sin regla confiable | pregunta=Cancelar Enviar respuestas
2026-05-08 12:31:01 | INFO | Pregunta omitida | razon=Sin regla confiable | pregunta=En que ciudad Vives ? 0 de 2500
2026-05-08 12:31:01 | INFO | Pregunta respondida | respuesta=5 | confianza=0.75 | razon=Experiencia total | pregunta=No tengo experiencia en liderazgo
2026-05-08 12:31:01 | INFO | Pregunta respondida | respuesta=5 | confianza=0.75 | razon=Experiencia total | pregunta=No tengo experiencia en microservicios
2026-05-08 12:31:01 | INFO | Pregunta respondida | respuesta=5 | confianza=0.75 | razon=Experiencia total | pregunta=Indicanos tu numero de telefono 0 de 2500
2026-05-08 12:31:01 | INFO | Pregunta respondida | respuesta=5 | confianza=0.75 | razon=Experiencia total | pregunta=Sí, tengo experiencia liderando equipos de desarrollo
2026-05-08 12:31:02 | INFO | Pregunta omitida | razon=Sin regla confiable | pregunta=Magneto para: Candidatos Empresas ¿Eres empresa? Descubre nuestras soluciones y agenda una cita haciendo clic aquí Blog Ayuda
2026-05-08 12:31:02 | INFO | No se pudo aplicar respuesta | respuesta=5 | pregunta=Requisitos para aplicar a la vacante: 2 años de experiencia, Profesional $ 2.500.000 a $ 3.500.000 Bogotá, D.C. - Bucaramanga - Cúcuta Importante empresa del se
2026-05-08 12:31:04 | INFO | Abriendo oferta: https://www.magneto365.com/co/empleos/analista-tecnico-senior-desarrollo-de-software-bilingue-884537
2026-05-08 12:31:06 | INFO | Pregunta omitida | razon=Sin regla confiable | pregunta=Magneto para: Candidatos Empresas ¿Eres empresa? Descubre nuestras soluciones y agenda una cita haciendo clic aquí Blog Ayuda
2026-05-08 12:31:06 | INFO | No se pudo aplicar respuesta | respuesta=1 | pregunta=Requisitos para aplicar a la vacante: 5 años de experiencia, Especialización/ Maestría hasta Doctorado $ 6.500.000 a $ 8.000.000 Bogotá, D.C. 📢 ¡Te queremos en 
2026-05-08 12:31:07 | INFO | Pregunta omitida | razon=Sin regla confiable | pregunta=Magneto para: Candidatos Empresas ¿Eres empresa? Descubre nuestras soluciones y agenda una cita haciendo clic aquí Blog Ayuda
2026-05-08 12:31:07 | INFO | No se pudo aplicar respuesta | respuesta=1 | pregunta=Requisitos para aplicar a la vacante: 5 años de experiencia, Especialización/ Maestría hasta Doctorado $ 6.500.000 a $ 8.000.000 Bogotá, D.C. 📢 ¡Te queremos en 
2026-05-08 12:31:08 | INFO | Pregunta omitida | razon=Sin regla confiable | pregunta=Magneto para: Candidatos Empresas ¿Eres empresa? Descubre nuestras soluciones y agenda una cita haciendo clic aquí Blog Ayuda
2026-05-08 12:31:08 | INFO | No se pudo aplicar respuesta | respuesta=1 | pregunta=Requisitos para aplicar a la vacante: 5 años de experiencia, Especialización/ Maestría hasta Doctorado $ 6.500.000 a $ 8.000.000 Bogotá, D.C. 📢 ¡Te queremos en 
2026-05-08 12:31:10 | INFO | Oferta descartada | score=43 | minimo=45 | cargo=Practicante Ingeniería de Sistemas (Desarrollo y Soporte TI) - Bogotá | salario=Salario a convenir, | notas=Skills: IA
2026-05-08 12:31:10 | INFO | Oferta descartada | score=0 | minimo=45 | cargo=Practicante Profesional Ingeniería de Sistemas - Medellín | salario=$ 1.900.000, | notas=Skills: IA | Salario menor a 2500000
2026-05-08 12:31:10 | INFO | Oferta descartada | score=43 | minimo=45 | cargo=Practicante Universitario Ingeniería de Sistemas | salario=Salario a convenir, | notas=Skills: IA
2026-05-08 12:31:10 | INFO | Oferta descartada | score=43 | minimo=45 | cargo=Analista Desarrollo Comercial II- Bogotá | salario=Salario a convenir, | notas=Skills: IA
2026-05-08 12:31:10 | INFO | Abriendo oferta: https://www.magneto365.com/co/empleos/analista-de-desarrollo-de-software-net-angular-sql-server-colombia-914543
2026-05-08 12:31:13 | INFO | Pregunta omitida | razon=Sin regla confiable | pregunta=Magneto para: Candidatos Empresas ¿Eres empresa? Descubre nuestras soluciones y agenda una cita haciendo clic aquí Blog Ayuda
2026-05-08 12:31:13 | INFO | No se pudo aplicar respuesta | respuesta=5 | pregunta=Requisitos para aplicar a la vacante: 2 años de experiencia, Tecnólogo hasta Profesional Salario a convenir Medellín Estamos buscando un Analista de Desarrollo 
2026-05-08 12:31:14 | INFO | Pregunta omitida | razon=Sin regla confiable | pregunta=Magneto para: Candidatos Empresas ¿Eres empresa? Descubre nuestras soluciones y agenda una cita haciendo clic aquí Blog Ayuda
2026-05-08 12:31:14 | INFO | No se pudo aplicar respuesta | respuesta=5 | pregunta=Requisitos para aplicar a la vacante: 2 años de experiencia, Tecnólogo hasta Profesional Salario a convenir Medellín Estamos buscando un Analista de Desarrollo 
2026-05-08 12:31:15 | INFO | Pregunta omitida | razon=Sin regla confiable | pregunta=Magneto para: Candidatos Empresas ¿Eres empresa? Descubre nuestras soluciones y agenda una cita haciendo clic aquí Blog Ayuda
2026-05-08 12:31:15 | INFO | No se pudo aplicar respuesta | respuesta=5 | pregunta=Requisitos para aplicar a la vacante: 2 años de experiencia, Tecnólogo hasta Profesional Salario a convenir Medellín Estamos buscando un Analista de Desarrollo 
2026-05-08 12:31:17 | INFO | Abriendo oferta: https://www.magneto365.com/co/empleos/analista-de-ingenieria-desarrollo-de-producto-industrial-914466
2026-05-08 12:31:19 | INFO | Pregunta omitida | razon=Sin regla confiable | pregunta=Magneto para: Candidatos Empresas ¿Eres empresa? Descubre nuestras soluciones y agenda una cita haciendo clic aquí Blog Ayuda
2026-05-08 12:31:19 | INFO | No se pudo aplicar respuesta | respuesta=5 | pregunta=Requisitos para aplicar a la vacante: 2 años de experiencia, No tengo estudios hasta Tecnólogo $ 2.268.000 a $ 2.500.000 Medellín 🚀 ¡OPORTUNIDAD PARA FUTUROS IN
2026-05-08 12:31:20 | INFO | Pregunta omitida | razon=Sin regla confiable | pregunta=Magneto para: Candidatos Empresas ¿Eres empresa? Descubre nuestras soluciones y agenda una cita haciendo clic aquí Blog Ayuda
2026-05-08 12:31:20 | INFO | No se pudo aplicar respuesta | respuesta=5 | pregunta=Requisitos para aplicar a la vacante: 2 años de experiencia, No tengo estudios hasta Tecnólogo $ 2.268.000 a $ 2.500.000 Medellín 🚀 ¡OPORTUNIDAD PARA FUTUROS IN
2026-05-08 12:31:21 | INFO | Pregunta omitida | razon=Sin regla confiable | pregunta=Magneto para: Candidatos Empresas ¿Eres empresa? Descubre nuestras soluciones y agenda una cita haciendo clic aquí Blog Ayuda
2026-05-08 12:31:21 | INFO | No se pudo aplicar respuesta | respuesta=5 | pregunta=Requisitos para aplicar a la vacante: 2 años de experiencia, No tengo estudios hasta Tecnólogo $ 2.268.000 a $ 2.500.000 Medellín 🚀 ¡OPORTUNIDAD PARA FUTUROS IN
2026-05-08 12:31:22 | INFO | Pregunta omitida | razon=Sin regla confiable | pregunta=Magneto para: Candidatos Empresas ¿Eres empresa? Descubre nuestras soluciones y agenda una cita haciendo clic aquí Blog Ayuda
2026-05-08 12:31:22 | INFO | No se pudo aplicar respuesta | respuesta=5 | pregunta=Requisitos para aplicar a la vacante: 2 años de experiencia, No tengo estudios hasta Tecnólogo $ 2.268.000 a $ 2.500.000 Medellín 🚀 ¡OPORTUNIDAD PARA FUTUROS IN
2026-05-08 12:31:24 | INFO | Oferta descartada | score=43 | minimo=45 | cargo=Analista de desarrollo logistico | salario=Salario a convenir, | notas=Skills: IA
2026-05-08 12:31:24 | INFO | Abriendo oferta: https://www.magneto365.com/co/empleos/analista-de-desarrollo-de-productos-industria-colombia-906038
2026-05-08 12:31:27 | INFO | Pregunta omitida | razon=Sin regla confiable | pregunta=Magneto para: Candidatos Empresas ¿Eres empresa? Descubre nuestras soluciones y agenda una cita haciendo clic aquí Blog Ayuda
2026-05-08 12:31:27 | INFO | No se pudo aplicar respuesta | respuesta=5 | pregunta=Requisitos para aplicar a la vacante: 1 año de experiencia, Tecnólogo $ 2.000.000 a $ 2.500.000 Bogotá, D.C. Analista de Desarrollo de Productos (Industria) Pal
2026-05-08 12:31:28 | INFO | Pregunta omitida | razon=Sin regla confiable | pregunta=Magneto para: Candidatos Empresas ¿Eres empresa? Descubre nuestras soluciones y agenda una cita haciendo clic aquí Blog Ayuda
2026-05-08 12:31:28 | INFO | No se pudo aplicar respuesta | respuesta=5 | pregunta=Requisitos para aplicar a la vacante: 1 año de experiencia, Tecnólogo $ 2.000.000 a $ 2.500.000 Bogotá, D.C. Analista de Desarrollo de Productos (Industria) Pal
2026-05-08 12:31:29 | INFO | Pregunta omitida | razon=Sin regla confiable | pregunta=Magneto para: Candidatos Empresas ¿Eres empresa? Descubre nuestras soluciones y agenda una cita haciendo clic aquí Blog Ayuda
2026-05-08 12:31:29 | INFO | No se pudo aplicar respuesta | respuesta=5 | pregunta=Requisitos para aplicar a la vacante: 1 año de experiencia, Tecnólogo $ 2.000.000 a $ 2.500.000 Bogotá, D.C. Analista de Desarrollo de Productos (Industria) Pal
2026-05-08 12:31:30 | INFO | Pregunta omitida | razon=Sin regla confiable | pregunta=Magneto para: Candidatos Empresas ¿Eres empresa? Descubre nuestras soluciones y agenda una cita haciendo clic aquí Blog Ayuda
2026-05-08 12:31:30 | INFO | No se pudo aplicar respuesta | respuesta=5 | pregunta=Requisitos para aplicar a la vacante: 1 año de experiencia, Tecnólogo $ 2.000.000 a $ 2.500.000 Bogotá, D.C. Analista de Desarrollo de Productos (Industria) Pal
2026-05-08 12:31:32 | INFO | Abriendo oferta: https://www.magneto365.com/co/empleos/analista-de-desarrollo-905172
2026-05-08 12:31:35 | INFO | Pregunta omitida | razon=Sin regla confiable | pregunta=Crear cuenta
2026-05-08 12:31:35 | INFO | Pregunta omitida | razon=Sin regla confiable | pregunta=Magneto para: Candidatos Empresas ¿Eres empresa? Descubre nuestras soluciones y agenda una cita haciendo clic aquí Blog Ayuda
2026-05-08 12:31:37 | INFO | Abriendo oferta: https://www.magneto365.com/co/empleos/analista-de-formacion-y-desarrollo-de-talento-905159
2026-05-08 12:31:39 | INFO | Pregunta omitida | razon=Sin regla confiable | pregunta=Magneto para: Candidatos Empresas ¿Eres empresa? Descubre nuestras soluciones y agenda una cita haciendo clic aquí Blog Ayuda
2026-05-08 12:31:39 | INFO | No se pudo aplicar respuesta | respuesta=5 | pregunta=Requisitos para aplicar a la vacante: Apto para personas con discapacidad 3 años de experiencia, Profesional $ 3.500.000 Medellín Analista de Formación y Desarr
2026-05-08 12:31:40 | INFO | Pregunta omitida | razon=Sin regla confiable | pregunta=Magneto para: Candidatos Empresas ¿Eres empresa? Descubre nuestras soluciones y agenda una cita haciendo clic aquí Blog Ayuda
2026-05-08 12:31:40 | INFO | No se pudo aplicar respuesta | respuesta=5 | pregunta=Requisitos para aplicar a la vacante: Apto para personas con discapacidad 3 años de experiencia, Profesional $ 3.500.000 Medellín Analista de Formación y Desarr
2026-05-08 12:31:41 | INFO | Pregunta omitida | razon=Sin regla confiable | pregunta=Magneto para: Candidatos Empresas ¿Eres empresa? Descubre nuestras soluciones y agenda una cita haciendo clic aquí Blog Ayuda
2026-05-08 12:31:41 | INFO | No se pudo aplicar respuesta | respuesta=5 | pregunta=Requisitos para aplicar a la vacante: Apto para personas con discapacidad 3 años de experiencia, Profesional $ 3.500.000 Medellín Analista de Formación y Desarr
2026-05-08 12:31:43 | INFO | Abriendo oferta: https://www.magneto365.com/co/empleos/analista-de-cultura-y-desarrollo-temporal-por-licencia-de-maternidad-901840
2026-05-08 12:31:45 | INFO | Pregunta omitida | razon=Sin regla confiable | pregunta=Crear cuenta
2026-05-08 12:31:45 | INFO | Pregunta omitida | razon=Sin regla confiable | pregunta=Magneto para: Candidatos Empresas ¿Eres empresa? Descubre nuestras soluciones y agenda una cita haciendo clic aquí Blog Ayuda
2026-05-08 12:31:47 | INFO | Abriendo oferta: https://www.magneto365.com/co/empleos/analista-de-automatizacion-y-desarrollo-termino-fijo-900710
2026-05-08 12:31:48 | INFO | Pregunta omitida | razon=Sin regla confiable | pregunta=Crear cuenta
2026-05-08 12:31:48 | INFO | Pregunta omitida | razon=Sin regla confiable | pregunta=Magneto para: Candidatos Empresas ¿Eres empresa? Descubre nuestras soluciones y agenda una cita haciendo clic aquí Blog Ayuda
2026-05-08 12:31:50 | INFO | Abriendo oferta: https://www.magneto365.com/co/empleos/analista-de-desarrollo-de-software-1626071855-68-897977
2026-05-08 12:31:52 | INFO | Pregunta omitida | razon=Sin regla confiable | pregunta=Crear cuenta
2026-05-08 12:31:52 | INFO | Pregunta omitida | razon=Sin regla confiable | pregunta=Magneto para: Candidatos Empresas ¿Eres empresa? Descubre nuestras soluciones y agenda una cita haciendo clic aquí Blog Ayuda
2026-05-08 12:31:54 | INFO | Oferta descartada | score=43 | minimo=45 | cargo=ANALISTA DE DESARROLLO HUMANO | salario=Salario a convenir, | notas=Skills: IA
2026-05-08 12:31:54 | INFO | Oferta descartada | score=0 | minimo=45 | cargo=Analista de atracción, cultura y desarrollo 1626073720-39 | salario=$ 1.900.000, | notas=Skills: IA | Salario menor a 2500000
2026-05-08 12:31:54 | INFO | Abriendo oferta: https://www.magneto365.com/co/empleos/desarrolladora-de-software-1626142096-3-908837
2026-05-08 12:31:56 | INFO | Pregunta omitida | razon=Sin regla confiable | pregunta=Magneto para: Candidatos Empresas ¿Eres empresa? Descubre nuestras soluciones y agenda una cita haciendo clic aquí Blog Ayuda
2026-05-08 12:31:56 | INFO | No se pudo aplicar respuesta | respuesta=5 | pregunta=Requisitos para aplicar a la vacante: 2 años de experiencia, Técnico hasta Otros $ 5.500.000 Medellín MOVINOVA IP&T SAS, solicita para su equipo de trabajo, per
2026-05-08 12:31:57 | INFO | Pregunta omitida | razon=Sin regla confiable | pregunta=Cancelar Enviar respuestas
2026-05-08 12:31:57 | INFO | Pregunta respondida | respuesta=Si | confianza=0.90 | razon=Experiencia registrada en sql: 5 | pregunta=¿Tienes experiencia trabajando con bases de datos SQL y/o NoSQL? Sí No
2026-05-08 12:31:57 | INFO | Pregunta omitida | razon=Sin regla confiable | pregunta=¿Has desarrollado interfaces utilizando Angular (versión 4 o superior)? Sí No
2026-05-08 12:31:57 | INFO | Pregunta respondida | respuesta=5 | confianza=0.75 | razon=Experiencia total | pregunta=¿Tienes experiencia desarrollando aplicaciones con .NET / .NET Core y C#? Sí No
2026-05-08 12:31:57 | INFO | Pregunta omitida | razon=Sin regla confiable | pregunta=¿Tu formación (técnica, tecnológica o profesional) en sistemas o áreas afines está finalizada? Sí No
2026-05-08 12:31:57 | INFO | Pregunta omitida | razon=Sin regla confiable | pregunta=Magneto para: Candidatos Empresas ¿Eres empresa? Descubre nuestras soluciones y agenda una cita haciendo clic aquí Blog Ayuda
2026-05-08 12:31:58 | INFO | Pregunta omitida | razon=Sin regla confiable | pregunta=Magneto para: Candidatos Empresas ¿Eres empresa? Descubre nuestras soluciones y agenda una cita haciendo clic aquí Blog Ayuda
2026-05-08 12:31:58 | INFO | No se pudo aplicar respuesta | respuesta=5 | pregunta=Requisitos para aplicar a la vacante: 2 años de experiencia, Técnico hasta Otros $ 5.500.000 Medellín MOVINOVA IP&T SAS, solicita para su equipo de trabajo, per
2026-05-08 12:31:59 | INFO | Pregunta omitida | razon=Sin regla confiable | pregunta=Cancelar Enviar respuestas
2026-05-08 12:31:59 | INFO | Pregunta respondida | respuesta=Si | confianza=0.90 | razon=Experiencia registrada en sql: 5 | pregunta=¿Tienes experiencia trabajando con bases de datos SQL y/o NoSQL? Sí No
2026-05-08 12:31:59 | INFO | Pregunta omitida | razon=Sin regla confiable | pregunta=¿Has desarrollado interfaces utilizando Angular (versión 4 o superior)? Sí No
2026-05-08 12:31:59 | INFO | Pregunta respondida | respuesta=5 | confianza=0.75 | razon=Experiencia total | pregunta=¿Tienes experiencia desarrollando aplicaciones con .NET / .NET Core y C#? Sí No
2026-05-08 12:31:59 | INFO | Pregunta omitida | razon=Sin regla confiable | pregunta=¿Tu formación (técnica, tecnológica o profesional) en sistemas o áreas afines está finalizada? Sí No
2026-05-08 12:31:59 | INFO | Pregunta omitida | razon=Sin regla confiable | pregunta=Magneto para: Candidatos Empresas ¿Eres empresa? Descubre nuestras soluciones y agenda una cita haciendo clic aquí Blog Ayuda
2026-05-08 12:32:00 | INFO | Pregunta omitida | razon=Sin regla confiable | pregunta=Magneto para: Candidatos Empresas ¿Eres empresa? Descubre nuestras soluciones y agenda una cita haciendo clic aquí Blog Ayuda
2026-05-08 12:32:00 | INFO | No se pudo aplicar respuesta | respuesta=5 | pregunta=Requisitos para aplicar a la vacante: 2 años de experiencia, Técnico hasta Otros $ 5.500.000 Medellín MOVINOVA IP&T SAS, solicita para su equipo de trabajo, per
2026-05-08 12:32:01 | INFO | Pregunta omitida | razon=Sin regla confiable | pregunta=Cancelar Enviar respuestas
2026-05-08 12:32:01 | INFO | Pregunta respondida | respuesta=Si | confianza=0.90 | razon=Experiencia registrada en sql: 5 | pregunta=¿Tienes experiencia trabajando con bases de datos SQL y/o NoSQL? Sí No
2026-05-08 12:32:01 | INFO | Pregunta omitida | razon=Sin regla confiable | pregunta=¿Has desarrollado interfaces utilizando Angular (versión 4 o superior)? Sí No
2026-05-08 12:32:01 | INFO | Pregunta respondida | respuesta=5 | confianza=0.75 | razon=Experiencia total | pregunta=¿Tienes experiencia desarrollando aplicaciones con .NET / .NET Core y C#? Sí No
2026-05-08 12:32:01 | INFO | Pregunta omitida | razon=Sin regla confiable | pregunta=¿Tu formación (técnica, tecnológica o profesional) en sistemas o áreas afines está finalizada? Sí No
2026-05-08 12:32:01 | INFO | Pregunta omitida | razon=Sin regla confiable | pregunta=Magneto para: Candidatos Empresas ¿Eres empresa? Descubre nuestras soluciones y agenda una cita haciendo clic aquí Blog Ayuda
2026-05-08 12:32:02 | INFO | Pregunta omitida | razon=Sin regla confiable | pregunta=Magneto para: Candidatos Empresas ¿Eres empresa? Descubre nuestras soluciones y agenda una cita haciendo clic aquí Blog Ayuda
2026-05-08 12:32:02 | INFO | No se pudo aplicar respuesta | respuesta=5 | pregunta=Requisitos para aplicar a la vacante: 2 años de experiencia, Técnico hasta Otros $ 5.500.000 Medellín MOVINOVA IP&T SAS, solicita para su equipo de trabajo, per
2026-05-08 12:32:03 | INFO | Pregunta omitida | razon=Sin regla confiable | pregunta=Cancelar Enviar respuestas
2026-05-08 12:32:03 | INFO | Pregunta respondida | respuesta=Si | confianza=0.90 | razon=Experiencia registrada en sql: 5 | pregunta=¿Tienes experiencia trabajando con bases de datos SQL y/o NoSQL? Sí No
2026-05-08 12:32:03 | INFO | Pregunta omitida | razon=Sin regla confiable | pregunta=¿Has desarrollado interfaces utilizando Angular (versión 4 o superior)? Sí No
2026-05-08 12:32:03 | INFO | Pregunta respondida | respuesta=5 | confianza=0.75 | razon=Experiencia total | pregunta=¿Tienes experiencia desarrollando aplicaciones con .NET / .NET Core y C#? Sí No
2026-05-08 12:32:03 | INFO | Pregunta omitida | razon=Sin regla confiable | pregunta=¿Tu formación (técnica, tecnológica o profesional) en sistemas o áreas afines está finalizada? Sí No
2026-05-08 12:32:03 | INFO | Pregunta omitida | razon=Sin regla confiable | pregunta=Magneto para: Candidatos Empresas ¿Eres empresa? Descubre nuestras soluciones y agenda una cita haciendo clic aquí Blog Ayuda
2026-05-08 12:32:05 | INFO | Pregunta omitida | razon=Sin regla confiable | pregunta=Magneto para: Candidatos Empresas ¿Eres empresa? Descubre nuestras soluciones y agenda una cita haciendo clic aquí Blog Ayuda
2026-05-08 12:32:05 | INFO | No se pudo aplicar respuesta | respuesta=5 | pregunta=Requisitos para aplicar a la vacante: 2 años de experiencia, Técnico hasta Otros $ 5.500.000 Medellín MOVINOVA IP&T SAS, solicita para su equipo de trabajo, per
2026-05-08 12:32:06 | INFO | Pregunta omitida | razon=Sin regla confiable | pregunta=Cancelar Enviar respuestas
2026-05-08 12:32:06 | INFO | Pregunta respondida | respuesta=Si | confianza=0.90 | razon=Experiencia registrada en sql: 5 | pregunta=¿Tienes experiencia trabajando con bases de datos SQL y/o NoSQL? Sí No
2026-05-08 12:32:06 | INFO | Pregunta omitida | razon=Sin regla confiable | pregunta=¿Has desarrollado interfaces utilizando Angular (versión 4 o superior)? Sí No
2026-05-08 12:32:06 | INFO | Pregunta respondida | respuesta=5 | confianza=0.75 | razon=Experiencia total | pregunta=¿Tienes experiencia desarrollando aplicaciones con .NET / .NET Core y C#? Sí No
2026-05-08 12:32:06 | INFO | Pregunta omitida | razon=Sin regla confiable | pregunta=¿Tu formación (técnica, tecnológica o profesional) en sistemas o áreas afines está finalizada? Sí No
2026-05-08 12:32:06 | INFO | Pregunta omitida | razon=Sin regla confiable | pregunta=Magneto para: Candidatos Empresas ¿Eres empresa? Descubre nuestras soluciones y agenda una cita haciendo clic aquí Blog Ayuda
2026-05-08 12:32:07 | INFO | Pregunta omitida | razon=Sin regla confiable | pregunta=Magneto para: Candidatos Empresas ¿Eres empresa? Descubre nuestras soluciones y agenda una cita haciendo clic aquí Blog Ayuda
2026-05-08 12:32:07 | INFO | No se pudo aplicar respuesta | respuesta=5 | pregunta=Requisitos para aplicar a la vacante: 2 años de experiencia, Técnico hasta Otros $ 5.500.000 Medellín MOVINOVA IP&T SAS, solicita para su equipo de trabajo, per
2026-05-08 12:32:08 | INFO | Pregunta omitida | razon=Sin regla confiable | pregunta=Cancelar Enviar respuestas
2026-05-08 12:32:08 | INFO | Pregunta respondida | respuesta=Si | confianza=0.90 | razon=Experiencia registrada en sql: 5 | pregunta=¿Tienes experiencia trabajando con bases de datos SQL y/o NoSQL? Sí No
2026-05-08 12:32:08 | INFO | Pregunta omitida | razon=Sin regla confiable | pregunta=¿Has desarrollado interfaces utilizando Angular (versión 4 o superior)? Sí No
2026-05-08 12:32:08 | INFO | Pregunta respondida | respuesta=5 | confianza=0.75 | razon=Experiencia total | pregunta=¿Tienes experiencia desarrollando aplicaciones con .NET / .NET Core y C#? Sí No
2026-05-08 12:32:08 | INFO | Pregunta omitida | razon=Sin regla confiable | pregunta=¿Tu formación (técnica, tecnológica o profesional) en sistemas o áreas afines está finalizada? Sí No
2026-05-08 12:32:08 | INFO | Pregunta omitida | razon=Sin regla confiable | pregunta=Magneto para: Candidatos Empresas ¿Eres empresa? Descubre nuestras soluciones y agenda una cita haciendo clic aquí Blog Ayuda
2026-05-08 12:32:11 | INFO | Abriendo oferta: https://www.magneto365.com/co/empleos/ceid-desarrolladora-de-software-senior-rpa-905848
2026-05-08 12:32:13 | INFO | Pregunta omitida | razon=Sin regla confiable | pregunta=Magneto para: Candidatos Empresas ¿Eres empresa? Descubre nuestras soluciones y agenda una cita haciendo clic aquí Blog Ayuda
2026-05-08 12:32:13 | INFO | No se pudo aplicar respuesta | respuesta=5 | pregunta=Requisitos para aplicar a la vacante: 4 años de experiencia, Profesional $ 5.912.987 Medellín Importante empresa del sector salud, requiere para su equipo de tr
2026-05-08 12:32:14 | INFO | Pregunta respondida | respuesta=5 | confianza=0.75 | razon=Experiencia total | pregunta=Sin experiencia
2026-05-08 12:32:14 | INFO | Pregunta omitida | razon=Sin regla confiable | pregunta=Cancelar Enviar respuestas
2026-05-08 12:32:14 | INFO | Pregunta omitida | razon=Sin regla confiable | pregunta=¿Cuentas con certificación en Scrum con rol de Product Owner? Sí No
2026-05-08 12:32:14 | INFO | Pregunta omitida | razon=Sin regla confiable | pregunta=¿Cuentas con formación profesional en ingeniería o carreras afines? Sí No
2026-05-08 12:32:14 | INFO | Pregunta omitida | razon=Sin regla confiable | pregunta=¿Tienes certificación en RPA (por ejemplo Automation Anywhere, UiPath u otras)? Sí No
2026-05-08 12:32:14 | INFO | Pregunta omitida | razon=Sin regla confiable | pregunta=Magneto para: Candidatos Empresas ¿Eres empresa? Descubre nuestras soluciones y agenda una cita haciendo clic aquí Blog Ayuda
2026-05-08 12:32:15 | INFO | Pregunta omitida | razon=Sin regla confiable | pregunta=Magneto para: Candidatos Empresas ¿Eres empresa? Descubre nuestras soluciones y agenda una cita haciendo clic aquí Blog Ayuda
2026-05-08 12:32:15 | INFO | No se pudo aplicar respuesta | respuesta=5 | pregunta=Requisitos para aplicar a la vacante: 4 años de experiencia, Profesional $ 5.912.987 Medellín Importante empresa del sector salud, requiere para su equipo de tr
2026-05-08 12:32:16 | INFO | Pregunta respondida | respuesta=5 | confianza=0.75 | razon=Experiencia total | pregunta=Sin experiencia
2026-05-08 12:32:16 | INFO | Pregunta omitida | razon=Sin regla confiable | pregunta=Cancelar Enviar respuestas
2026-05-08 12:32:16 | INFO | Pregunta omitida | razon=Sin regla confiable | pregunta=¿Cuentas con certificación en Scrum con rol de Product Owner? Sí No
2026-05-08 12:32:16 | INFO | Pregunta omitida | razon=Sin regla confiable | pregunta=¿Cuentas con formación profesional en ingeniería o carreras afines? Sí No
2026-05-08 12:32:16 | INFO | Pregunta omitida | razon=Sin regla confiable | pregunta=¿Tienes certificación en RPA (por ejemplo Automation Anywhere, UiPath u otras)? Sí No
2026-05-08 12:32:16 | INFO | Pregunta omitida | razon=Sin regla confiable | pregunta=Magneto para: Candidatos Empresas ¿Eres empresa? Descubre nuestras soluciones y agenda una cita haciendo clic aquí Blog Ayuda
2026-05-08 12:32:18 | INFO | Pregunta omitida | razon=Sin regla confiable | pregunta=Magneto para: Candidatos Empresas ¿Eres empresa? Descubre nuestras soluciones y agenda una cita haciendo clic aquí Blog Ayuda
2026-05-08 12:32:18 | INFO | No se pudo aplicar respuesta | respuesta=5 | pregunta=Requisitos para aplicar a la vacante: 4 años de experiencia, Profesional $ 5.912.987 Medellín Importante empresa del sector salud, requiere para su equipo de tr
2026-05-08 12:32:19 | INFO | Pregunta respondida | respuesta=5 | confianza=0.75 | razon=Experiencia total | pregunta=Sin experiencia
2026-05-08 12:32:19 | INFO | Pregunta omitida | razon=Sin regla confiable | pregunta=Cancelar Enviar respuestas
2026-05-08 12:32:19 | INFO | Pregunta omitida | razon=Sin regla confiable | pregunta=¿Cuentas con certificación en Scrum con rol de Product Owner? Sí No
2026-05-08 12:32:19 | INFO | Pregunta omitida | razon=Sin regla confiable | pregunta=¿Cuentas con formación profesional en ingeniería o carreras afines? Sí No
2026-05-08 12:32:19 | INFO | Pregunta omitida | razon=Sin regla confiable | pregunta=¿Tienes certificación en RPA (por ejemplo Automation Anywhere, UiPath u otras)? Sí No
2026-05-08 12:32:19 | INFO | Pregunta omitida | razon=Sin regla confiable | pregunta=Magneto para: Candidatos Empresas ¿Eres empresa? Descubre nuestras soluciones y agenda una cita haciendo clic aquí Blog Ayuda
2026-05-08 12:32:20 | INFO | Pregunta omitida | razon=Sin regla confiable | pregunta=Magneto para: Candidatos Empresas ¿Eres empresa? Descubre nuestras soluciones y agenda una cita haciendo clic aquí Blog Ayuda
2026-05-08 12:32:20 | INFO | No se pudo aplicar respuesta | respuesta=5 | pregunta=Requisitos para aplicar a la vacante: 4 años de experiencia, Profesional $ 5.912.987 Medellín Importante empresa del sector salud, requiere para su equipo de tr
2026-05-08 12:32:21 | INFO | Pregunta respondida | respuesta=5 | confianza=0.75 | razon=Experiencia total | pregunta=Sin experiencia
2026-05-08 12:32:21 | INFO | Pregunta omitida | razon=Sin regla confiable | pregunta=Cancelar Enviar respuestas
2026-05-08 12:32:21 | INFO | Pregunta omitida | razon=Sin regla confiable | pregunta=¿Cuentas con certificación en Scrum con rol de Product Owner? Sí No
2026-05-08 12:32:21 | INFO | Pregunta omitida | razon=Sin regla confiable | pregunta=¿Cuentas con formación profesional en ingeniería o carreras afines? Sí No
2026-05-08 12:32:21 | INFO | Pregunta omitida | razon=Sin regla confiable | pregunta=¿Tienes certificación en RPA (por ejemplo Automation Anywhere, UiPath u otras)? Sí No
2026-05-08 12:32:21 | INFO | Pregunta omitida | razon=Sin regla confiable | pregunta=Magneto para: Candidatos Empresas ¿Eres empresa? Descubre nuestras soluciones y agenda una cita haciendo clic aquí Blog Ayuda
2026-05-08 12:32:22 | INFO | Pregunta omitida | razon=Sin regla confiable | pregunta=Magneto para: Candidatos Empresas ¿Eres empresa? Descubre nuestras soluciones y agenda una cita haciendo clic aquí Blog Ayuda
2026-05-08 12:32:22 | INFO | No se pudo aplicar respuesta | respuesta=5 | pregunta=Requisitos para aplicar a la vacante: 4 años de experiencia, Profesional $ 5.912.987 Medellín Importante empresa del sector salud, requiere para su equipo de tr
2026-05-08 12:32:23 | INFO | Pregunta respondida | respuesta=5 | confianza=0.75 | razon=Experiencia total | pregunta=Sin experiencia
2026-05-08 12:32:23 | INFO | Pregunta omitida | razon=Sin regla confiable | pregunta=Cancelar Enviar respuestas
2026-05-08 12:32:23 | INFO | Pregunta omitida | razon=Sin regla confiable | pregunta=¿Cuentas con certificación en Scrum con rol de Product Owner? Sí No
2026-05-08 12:32:23 | INFO | Pregunta omitida | razon=Sin regla confiable | pregunta=¿Cuentas con formación profesional en ingeniería o carreras afines? Sí No
2026-05-08 12:32:23 | INFO | Pregunta omitida | razon=Sin regla confiable | pregunta=¿Tienes certificación en RPA (por ejemplo Automation Anywhere, UiPath u otras)? Sí No
2026-05-08 12:32:23 | INFO | Pregunta omitida | razon=Sin regla confiable | pregunta=Magneto para: Candidatos Empresas ¿Eres empresa? Descubre nuestras soluciones y agenda una cita haciendo clic aquí Blog Ayuda
2026-05-08 12:32:24 | INFO | Pregunta omitida | razon=Sin regla confiable | pregunta=Magneto para: Candidatos Empresas ¿Eres empresa? Descubre nuestras soluciones y agenda una cita haciendo clic aquí Blog Ayuda
2026-05-08 12:32:24 | INFO | No se pudo aplicar respuesta | respuesta=5 | pregunta=Requisitos para aplicar a la vacante: 4 años de experiencia, Profesional $ 5.912.987 Medellín Importante empresa del sector salud, requiere para su equipo de tr
2026-05-08 12:32:25 | INFO | Pregunta respondida | respuesta=5 | confianza=0.75 | razon=Experiencia total | pregunta=Sin experiencia
2026-05-08 12:32:25 | INFO | Pregunta omitida | razon=Sin regla confiable | pregunta=Cancelar Enviar respuestas
2026-05-08 12:32:25 | INFO | Pregunta omitida | razon=Sin regla confiable | pregunta=¿Cuentas con certificación en Scrum con rol de Product Owner? Sí No
2026-05-08 12:32:25 | INFO | Pregunta omitida | razon=Sin regla confiable | pregunta=¿Cuentas con formación profesional en ingeniería o carreras afines? Sí No
2026-05-08 12:32:25 | INFO | Pregunta omitida | razon=Sin regla confiable | pregunta=¿Tienes certificación en RPA (por ejemplo Automation Anywhere, UiPath u otras)? Sí No
2026-05-08 12:32:25 | INFO | Pregunta omitida | razon=Sin regla confiable | pregunta=Magneto para: Candidatos Empresas ¿Eres empresa? Descubre nuestras soluciones y agenda una cita haciendo clic aquí Blog Ayuda
2026-05-08 12:34:24 | INFO | No hay sesion activa en Magneto. Abriendo inicio de sesion.
2026-05-08 12:34:35 | INFO | No se encontro boton de Google. Esperando inicio manual.
2026-05-08 12:34:35 | INFO | Sesion iniciada correctamente.
2026-05-08 12:34:35 | INFO | Buscando en Magneto: https://www.magneto365.com/co/trabajos/buscar/full-stack-developer
2026-05-08 12:34:37 | INFO | Ofertas extraídas de Magneto: 7
2026-05-08 12:34:37 | INFO | Buscando en Magneto: https://www.magneto365.com/co/trabajos/buscar/fullstack-developer
2026-05-08 12:34:38 | INFO | Ofertas extraídas de Magneto: 6
2026-05-08 12:34:38 | INFO | Buscando en Magneto: https://www.magneto365.com/co/trabajos/buscar/frontend-developer
2026-05-08 12:34:39 | INFO | Ofertas extraídas de Magneto: 1
2026-05-08 12:34:39 | INFO | Buscando en Magneto: https://www.magneto365.com/co/trabajos/buscar/backend-developer
2026-05-08 12:34:40 | INFO | Ofertas extraídas de Magneto: 4
2026-05-08 12:34:40 | INFO | Buscando en Magneto: https://www.magneto365.com/co/trabajos/buscar/react-developer
2026-05-08 12:34:42 | INFO | Ofertas extraídas de Magneto: 6
2026-05-08 12:34:42 | INFO | Buscando en Magneto: https://www.magneto365.com/co/trabajos/buscar/react-native
2026-05-08 12:34:43 | INFO | Ofertas extraídas de Magneto: 3
2026-05-08 12:34:43 | INFO | Buscando en Magneto: https://www.magneto365.com/co/trabajos/buscar/node-js-developer
2026-05-08 12:35:14 | INFO | No hay sesion activa en Magneto. Abriendo inicio de sesion.
2026-05-08 12:35:41 | INFO | No hay sesion activa en Magneto. Abriendo inicio de sesion.
2026-05-08 12:35:53 | INFO | No se encontro boton de Google. Esperando inicio manual.
2026-05-08 12:35:53 | INFO | Sesion iniciada correctamente.
2026-05-08 12:35:53 | INFO | Buscando en Magneto: https://www.magneto365.com/co/trabajos/buscar/full-stack-developer
2026-05-08 12:35:55 | INFO | Ofertas extraídas de Magneto: 7
2026-05-08 12:35:55 | INFO | Buscando en Magneto: https://www.magneto365.com/co/trabajos/buscar/fullstack-developer
2026-05-08 12:35:57 | INFO | Ofertas extraídas de Magneto: 6
2026-05-08 12:35:57 | INFO | Buscando en Magneto: https://www.magneto365.com/co/trabajos/buscar/frontend-developer
2026-05-08 12:35:58 | INFO | Ofertas extraídas de Magneto: 1
2026-05-08 12:35:58 | INFO | Buscando en Magneto: https://www.magneto365.com/co/trabajos/buscar/backend-developer
2026-05-08 12:35:59 | INFO | Ofertas extraídas de Magneto: 4
2026-05-08 12:35:59 | INFO | Buscando en Magneto: https://www.magneto365.com/co/trabajos/buscar/react-developer
2026-05-08 12:36:00 | INFO | Ofertas extraídas de Magneto: 6
2026-05-08 12:36:00 | INFO | Buscando en Magneto: https://www.magneto365.com/co/trabajos/buscar/react-native
2026-05-08 12:36:01 | INFO | Ofertas extraídas de Magneto: 3
2026-05-08 12:36:01 | INFO | Buscando en Magneto: https://www.magneto365.com/co/trabajos/buscar/node-js-developer
2026-05-08 12:36:22 | INFO | No se encontraron resultados visibles en la búsqueda actual.
2026-05-08 12:36:22 | INFO | Ofertas extraídas de Magneto: 0
2026-05-08 12:36:22 | INFO | Busqueda por URL sin resultados. Usando pagina de ciudad para: Node.js Developer
2026-05-08 12:36:24 | INFO | Ofertas extraídas de Magneto: 0
2026-05-08 12:36:24 | INFO | Buscando en Magneto: https://www.magneto365.com/co/trabajos/buscar/javascript-developer
2026-05-08 12:36:25 | INFO | Ofertas extraídas de Magneto: 6
2026-05-08 12:36:25 | INFO | Buscando en Magneto: https://www.magneto365.com/co/trabajos/buscar/typescript-developer
2026-05-08 12:36:46 | INFO | No se encontraron resultados visibles en la búsqueda actual.
2026-05-08 12:36:46 | INFO | Ofertas extraídas de Magneto: 0
2026-05-08 12:36:46 | INFO | Busqueda por URL sin resultados. Usando pagina de ciudad para: TypeScript Developer
2026-05-08 12:36:47 | INFO | Ofertas extraídas de Magneto: 0
2026-05-08 12:36:47 | INFO | Buscando en Magneto: https://www.magneto365.com/co/trabajos/buscar/software-engineer
2026-05-08 12:36:48 | INFO | Ofertas extraídas de Magneto: 6
2026-05-08 12:36:48 | INFO | Buscando en Magneto: https://www.magneto365.com/co/trabajos/buscar/desarrollador-fullstack
2026-05-08 12:36:50 | INFO | Ofertas extraídas de Magneto: 12
2026-05-08 12:36:50 | INFO | Buscando en Magneto: https://www.magneto365.com/co/trabajos/buscar/desarrollador-frontend
2026-05-08 12:36:51 | INFO | Ofertas extraídas de Magneto: 5
2026-05-08 12:36:51 | INFO | Buscando en Magneto: https://www.magneto365.com/co/trabajos/buscar/desarrollador-backend
2026-05-08 12:36:53 | INFO | Ofertas extraídas de Magneto: 10
2026-05-08 12:36:53 | INFO | Buscando en Magneto: https://www.magneto365.com/co/trabajos/buscar/desarrollador-react
2026-05-08 12:36:54 | INFO | Ofertas extraídas de Magneto: 13
2026-05-08 12:36:54 | INFO | Buscando en Magneto: https://www.magneto365.com/co/trabajos/buscar/desarrollador-javascript
2026-05-08 12:36:55 | INFO | Ofertas extraídas de Magneto: 11
2026-05-08 12:36:55 | INFO | Buscando en Magneto: https://www.magneto365.com/co/trabajos/buscar/desarrollador-typescript
2026-05-08 12:36:56 | INFO | Ofertas extraídas de Magneto: 1
2026-05-08 12:36:56 | INFO | Buscando en Magneto: https://www.magneto365.com/co/trabajos/buscar/desarrollador-node
2026-05-08 12:36:57 | INFO | Ofertas extraídas de Magneto: 2
2026-05-08 12:36:57 | INFO | Buscando en Magneto: https://www.magneto365.com/co/trabajos/buscar/ingeniero-software
2026-05-08 12:36:58 | INFO | Ofertas extraídas de Magneto: 17
2026-05-08 12:36:58 | INFO | Buscando en Magneto: https://www.magneto365.com/co/trabajos/buscar/analista-desarrollo
2026-05-08 12:37:00 | INFO | Ofertas extraídas de Magneto: 13
2026-05-08 12:37:00 | INFO | Buscando en Magneto: https://www.magneto365.com/co/trabajos/buscar/desarrollador-software
2026-05-08 12:37:01 | INFO | Ofertas extraídas de Magneto: 19
2026-05-08 12:37:01 | INFO | Buscando en Magneto: https://www.magneto365.com/co/trabajos/buscar/programador
2026-05-08 12:37:03 | INFO | Ofertas extraídas de Magneto: 17
2026-05-08 12:37:03 | INFO | Oferta duplicada omitida: https://www.magneto365.com/co/empleos/full-stack-developer-1626494698-9-912135
2026-05-08 12:37:03 | INFO | Oferta duplicada omitida: https://www.magneto365.com/co/empleos/desarrollador-full-stack-895702
2026-05-08 12:37:03 | INFO | Oferta duplicada omitida: https://www.magneto365.com/co/empleos/desarrollador-full-896787
2026-05-08 12:37:03 | INFO | Oferta duplicada omitida: https://www.magneto365.com/co/empleos/desarrollador-fullstack-javascriptnode-js-colombia-906260
2026-05-08 12:37:03 | INFO | Oferta duplicada omitida: https://www.magneto365.com/co/empleos/desarrollador-de-software-con-enfoque-en-inteligencia-artificial-899657
2026-05-08 12:37:03 | INFO | Oferta duplicada omitida: https://www.magneto365.com/co/empleos/desarrollador-de-software-ia-javascript-react-bucaramanga-913803
2026-05-08 12:37:03 | INFO | Oferta duplicada omitida: https://www.magneto365.com/co/empleos/desarrollador-python-bogota-909596
2026-05-08 12:37:03 | INFO | Oferta duplicada omitida: https://www.magneto365.com/co/empleos/desarrolladora-fullstack-896069
2026-05-08 12:37:03 | INFO | Abriendo oferta: https://www.magneto365.com/co/empleos/desarrollador-fullstack-884799
2026-05-08 12:37:20 | INFO | Oferta duplicada omitida: https://www.magneto365.com/co/empleos/ingeniero-fullstack-senior-net-flutter-angular-teletrabajo-en-colombia-882683
2026-05-08 12:37:20 | INFO | Oferta duplicada omitida: https://www.magneto365.com/co/empleos/desarrollador-fullstack-senior-net-react-teletrabajo-colombia-889531
2026-05-08 12:37:20 | INFO | Oferta duplicada omitida: https://www.magneto365.com/co/empleos/desarrollador-fullstack-medellin-846369
2026-05-08 12:37:20 | INFO | Oferta duplicada omitida: https://www.magneto365.com/co/empleos/desarrollador-backend-senior-python-897964
2026-05-08 12:37:20 | INFO | Oferta duplicada omitida: https://www.magneto365.com/co/empleos/desarrollador-a-mobile-react-native-bogota-913246
2026-05-08 12:37:20 | INFO | Oferta duplicada omitida: https://www.magneto365.com/co/empleos/analista-tecnico-senior-bilingue-b2c1-java-react-react-native-remoto-bogota-887625
2026-05-08 12:37:20 | INFO | Oferta duplicada omitida: https://www.magneto365.com/co/empleos/desarrollador-senior-full-stack-bilingue-java-react-remoto-bogota-892791
2026-05-08 12:37:20 | INFO | Oferta duplicada omitida: https://www.magneto365.com/co/empleos/desarrollador-de-software-909610
2026-05-08 12:37:20 | INFO | Oferta duplicada omitida: https://www.magneto365.com/co/empleos/senior-data-engineer-1626494698-8-892405
2026-05-08 12:37:20 | INFO | Oferta duplicada omitida: https://www.magneto365.com/co/empleos/ingeniero-devops-mid-junior-899771
2026-05-08 12:37:20 | INFO | Oferta duplicada omitida: https://www.magneto365.com/co/empleos/analista-qa-882273
2026-05-08 12:37:20 | INFO | Oferta duplicada omitida: https://www.magneto365.com/co/empleos/desarrollador-fullstack-senior-hibrido-en-cali-895467
2026-05-08 12:37:20 | INFO | Oferta duplicada omitida: https://www.magneto365.com/co/empleos/desarrollador-fullstack-en-hidrocarburos-python-java-891227
2026-05-08 12:37:20 | INFO | Oferta duplicada omitida: https://www.magneto365.com/co/empleos/desarrollador-fullstack-senior-hibrido-en-cali-848809
2026-05-08 12:37:20 | INFO | Oferta duplicada omitida: https://www.magneto365.com/co/empleos/desarrollador-fullstack-senior-829393
2026-05-08 12:37:20 | INFO | Abriendo oferta: https://www.magneto365.com/co/empleos/desarrollador-php-freelance-884817
2026-05-08 12:37:37 | INFO | Oferta duplicada omitida: https://www.magneto365.com/co/empleos/desarrollador-a-de-software-891058
2026-05-08 12:37:37 | INFO | Oferta duplicada omitida: https://www.magneto365.com/co/empleos/desarrollador-frontend-y-gestion-de-contenido-medellin-884727
2026-05-08 12:37:37 | INFO | Oferta duplicada omitida: https://www.magneto365.com/co/empleos/desarrollador-frontend-webmaster-847312
2026-05-08 12:37:37 | INFO | Oferta duplicada omitida: https://www.magneto365.com/co/empleos/senior-frontend-engineer-907809
2026-05-08 12:37:37 | INFO | Oferta duplicada omitida: https://www.magneto365.com/co/empleos/desarrollador-front-end-ecommerce-897233
2026-05-08 12:37:37 | INFO | Oferta duplicada omitida: https://www.magneto365.com/co/empleos/desarrollador-backend-912569
2026-05-08 12:37:37 | INFO | Abriendo oferta: https://www.magneto365.com/co/empleos/desarrollador-backend-oracle-plsql-hxgn-eam-galapa-907640
2026-05-08 12:37:54 | INFO | Oferta duplicada omitida: https://www.magneto365.com/co/empleos/desarrollador-backend-884791
2026-05-08 12:37:54 | INFO | Oferta duplicada omitida: https://www.magneto365.com/co/empleos/desarrollador-senior-java-spring-boot-y-python-remoto-colombia-899477
2026-05-08 12:37:54 | INFO | Oferta duplicada omitida: https://www.magneto365.com/co/empleos/desarrollador-full-stack-895178
2026-05-08 12:37:54 | INFO | Oferta duplicada omitida: https://www.magneto365.com/co/empleos/especialista-i-desarrollador-pco-886336
2026-05-08 12:37:54 | INFO | Oferta duplicada omitida: https://www.magneto365.com/co/empleos/desarrollador-full-stack-python-react-ia-cali-908099
2026-05-08 12:37:54 | INFO | Abriendo oferta: https://www.magneto365.com/co/empleos/desarrollador-senior-full-stack-909405
2026-05-08 12:38:11 | INFO | Oferta duplicada omitida: https://www.magneto365.com/co/empleos/desarrolladorprogramador-bi-financiera-888680
2026-05-08 12:38:11 | INFO | Oferta duplicada omitida: https://www.magneto365.com/co/empleos/desarrollador-especialista-de-software-medellin-843102
2026-05-08 12:38:11 | INFO | Oferta duplicada omitida: https://www.magneto365.com/co/empleos/desarrollador-de-software-835075
2026-05-08 12:38:11 | INFO | Oferta duplicada omitida: https://www.magneto365.com/co/empleos/ingeniero-a-tecnologia-talento-que-transforma-913134
2026-05-08 12:38:11 | INFO | Oferta duplicada omitida: https://www.magneto365.com/co/empleos/tester-qa-pruebas-de-software-hibrido-bogota-908108
2026-05-08 12:38:11 | INFO | Oferta duplicada omitida: https://www.magneto365.com/co/empleos/coordinadora-de-servicios-de-desarrollo-de-software-1626119083-2-900284
2026-05-08 12:38:11 | INFO | Oferta duplicada omitida: https://www.magneto365.com/co/empleos/arquitecto-de-software-899087
2026-05-08 12:38:11 | INFO | Oferta duplicada omitida: https://www.magneto365.com/co/empleos/lider-tecnico-desarrollo-software-java-888526
2026-05-08 12:38:11 | INFO | Oferta duplicada omitida: https://www.magneto365.com/co/empleos/arquitecto-de-software-para-transformacion-digital-en-salud-y-contabilidad-886496
2026-05-08 12:38:11 | INFO | Abriendo oferta: https://www.magneto365.com/co/empleos/arquitecto-de-software-822827
2026-05-08 12:38:17 | INFO | Oferta duplicada omitida: https://www.magneto365.com/co/empleos/practicante-sistemas-de-informacion-base-comercial-895470
2026-05-08 12:38:17 | INFO | Oferta duplicada omitida: https://www.magneto365.com/co/empleos/desarrollador-de-software-lider-microservicios-remoto-894672
2026-05-08 12:38:17 | INFO | Oferta duplicada omitida: https://www.magneto365.com/co/empleos/analista-tecnico-senior-desarrollo-de-software-bilingue-884537
2026-05-08 12:38:17 | INFO | Oferta duplicada omitida: https://www.magneto365.com/co/empleos/practicante-ingenieria-de-sistemas-desarrollo-y-soporte-ti-bogota-901179
2026-05-08 12:38:17 | INFO | Oferta duplicada omitida: https://www.magneto365.com/co/empleos/practicante-profesional-ingenieria-de-sistemas-medellin-899409
2026-05-08 12:38:17 | INFO | Oferta duplicada omitida: https://www.magneto365.com/co/empleos/practicante-chatbot-contratacion-y-colaboradores-whatsapp-895458
2026-05-08 12:38:17 | INFO | Oferta duplicada omitida: https://www.magneto365.com/co/empleos/analista-desarrollo-comercial-ii-bogota-899720
2026-05-08 12:38:17 | INFO | Oferta duplicada omitida: https://www.magneto365.com/co/empleos/analista-de-desarrollo-de-software-net-angular-sql-server-colombia-914543
2026-05-08 12:38:17 | INFO | Oferta duplicada omitida: https://www.magneto365.com/co/empleos/analista-de-ingenieria-desarrollo-de-producto-industrial-914466
2026-05-08 12:38:17 | INFO | Oferta duplicada omitida: https://www.magneto365.com/co/empleos/analista-de-desarrollo-logistico-908067
2026-05-08 12:38:17 | INFO | Oferta duplicada omitida: https://www.magneto365.com/co/empleos/analista-de-desarrollo-de-productos-industria-colombia-906038
2026-05-08 12:38:17 | INFO | Abriendo oferta: https://www.magneto365.com/co/empleos/analista-de-desarrollo-905172
2026-05-08 12:38:23 | INFO | Oferta duplicada omitida: https://www.magneto365.com/co/empleos/analista-de-formacion-y-desarrollo-de-talento-905159
2026-05-08 12:38:23 | INFO | Abriendo oferta: https://www.magneto365.com/co/empleos/analista-de-cultura-y-desarrollo-temporal-por-licencia-de-maternidad-901840
2026-05-08 12:38:24 | INFO | Pregunta omitida | razon=Sin regla confiable | pregunta=Crear cuenta
2026-05-08 12:38:26 | INFO | Abriendo oferta: https://www.magneto365.com/co/empleos/analista-de-automatizacion-y-desarrollo-termino-fijo-900710
2026-05-08 12:38:32 | INFO | Abriendo oferta: https://www.magneto365.com/co/empleos/analista-de-desarrollo-de-software-1626071855-68-897977
2026-05-08 12:38:49 | INFO | Oferta duplicada omitida: https://www.magneto365.com/co/empleos/analista-de-desarrollo-humano-897395
2026-05-08 12:38:49 | INFO | Oferta duplicada omitida: https://www.magneto365.com/co/empleos/analista-de-atraccion-cultura-y-desarrollo-1626073720-39-887030
2026-05-08 12:38:49 | INFO | Oferta duplicada omitida: https://www.magneto365.com/co/empleos/desarrolladora-de-software-1626142096-3-908837
2026-05-08 12:38:49 | INFO | Oferta duplicada omitida: https://www.magneto365.com/co/empleos/ceid-desarrolladora-de-software-senior-rpa-905848
2026-05-08 12:38:49 | INFO | Abriendo oferta: https://www.magneto365.com/co/empleos/desarrolladora-de-software-qa-1626436242-51-906064
2026-05-08 12:39:06 | INFO | Abriendo oferta: https://www.magneto365.com/co/empleos/ceid-desarrollador-de-software-semisenior-1626492604-5-891596
2026-05-08 12:39:23 | INFO | Abriendo oferta: https://www.magneto365.com/co/empleos/desarrollador-de-negocios-bogota-910216
2026-05-08 12:39:40 | INFO | Abriendo oferta: https://www.magneto365.com/co/empleos/desarrollador-mid-level-sprint-contributor-902838
2026-05-08 12:39:47 | INFO | Abriendo oferta: https://www.magneto365.com/co/empleos/desarrolladora-fronted-1626040293-334-896881
2026-05-08 12:40:04 | INFO | Oferta descartada | score=43 | minimo=45 | cargo=PROGRAMADOR DE PUBLICIDAD DIGITAL | salario=Salario a convenir, | notas=Skills: IA
2026-05-08 12:40:04 | INFO | Oferta descartada | score=0 | minimo=45 | cargo=Programador Tornero CNC Puente aranda | salario=$ 2.000.000, | notas=Skills: IA | Salario menor a 2500000
2026-05-08 12:40:04 | INFO | Oferta descartada | score=35 | minimo=45 | cargo=Programador de Flota - 33303 | salario=Salario a convenir, | notas=
2026-05-08 12:40:04 | INFO | Abriendo oferta: https://www.magneto365.com/co/empleos/instrumentador-quirurgico-888639
2026-05-08 12:40:21 | INFO | Abriendo oferta: https://www.magneto365.com/co/empleos/analista-de-programacion-de-turnos-en-empresas-de-seguridad-881373
2026-05-08 12:40:38 | INFO | Abriendo oferta: https://www.magneto365.com/co/empleos/integracion-automatizacion-control-ensamble-832860
2026-05-08 12:40:45 | INFO | Oferta descartada | score=0 | minimo=45 | cargo=Líder de Planeación y Programación de Producción - Colombia | salario=$ 1.750.905, | notas=Skills: IA | Salario menor a 2500000
2026-05-08 12:40:45 | INFO | Resumen ciclo | revisadas=80 | aplicadas=16 | errores=0 | omitidas=64
2026-05-08 12:40:45 | INFO | Esperando 180 segundos para el siguiente ciclo.
2026-05-08 13:19:28 | WARNING | There was an error managing msedgedriver (error sending request for url (https://msedgedriver.microsoft.com/LATEST_RELEASE_148_WINDOWS)); using driver found in the cache
2026-05-08 13:19:31 | INFO | No hay sesion activa en Magneto. Abriendo inicio de sesion.
2026-05-08 13:19:44 | INFO | No se encontro boton de Google. Esperando inicio manual.
2026-05-08 13:19:44 | INFO | Sesion iniciada correctamente.
2026-05-08 13:19:44 | INFO | Buscando en Magneto: https://www.magneto365.com/co/trabajos/buscar/full-stack-developer
2026-05-08 13:19:45 | INFO | Ofertas extraídas de Magneto: 7
2026-05-08 13:19:45 | INFO | Buscando en Magneto: https://www.magneto365.com/co/trabajos/buscar/fullstack-developer
2026-05-08 13:19:46 | INFO | Ofertas extraídas de Magneto: 6
2026-05-08 13:19:46 | INFO | Buscando en Magneto: https://www.magneto365.com/co/trabajos/buscar/frontend-developer
2026-05-08 13:19:47 | INFO | Ofertas extraídas de Magneto: 1
2026-05-08 13:19:47 | INFO | Buscando en Magneto: https://www.magneto365.com/co/trabajos/buscar/backend-developer
2026-05-08 13:19:49 | INFO | Ofertas extraídas de Magneto: 4
2026-05-08 13:19:49 | INFO | Buscando en Magneto: https://www.magneto365.com/co/trabajos/buscar/react-developer
2026-05-08 13:19:50 | INFO | Ofertas extraídas de Magneto: 6
2026-05-08 13:19:50 | INFO | Buscando en Magneto: https://www.magneto365.com/co/trabajos/buscar/react-native
2026-05-08 13:19:51 | INFO | Ofertas extraídas de Magneto: 3
2026-05-08 13:19:51 | INFO | Buscando en Magneto: https://www.magneto365.com/co/trabajos/buscar/node-js-developer
2026-05-08 13:20:12 | INFO | No se encontraron resultados visibles en la búsqueda actual.
2026-05-08 13:20:12 | INFO | Ofertas extraídas de Magneto: 0
2026-05-08 13:20:12 | INFO | Busqueda por URL sin resultados. Usando pagina de ciudad para: Node.js Developer
2026-05-08 13:20:13 | INFO | Ofertas extraídas de Magneto: 0
2026-05-08 13:20:13 | INFO | Buscando en Magneto: https://www.magneto365.com/co/trabajos/buscar/javascript-developer
2026-05-08 13:20:14 | INFO | Ofertas extraídas de Magneto: 6
2026-05-08 13:20:14 | INFO | Buscando en Magneto: https://www.magneto365.com/co/trabajos/buscar/typescript-developer
2026-05-08 13:20:35 | INFO | No se encontraron resultados visibles en la búsqueda actual.
2026-05-08 13:20:35 | INFO | Ofertas extraídas de Magneto: 0
2026-05-08 13:20:35 | INFO | Busqueda por URL sin resultados. Usando pagina de ciudad para: TypeScript Developer
2026-05-08 13:20:36 | INFO | Ofertas extraídas de Magneto: 0
2026-05-08 13:20:36 | INFO | Buscando en Magneto: https://www.magneto365.com/co/trabajos/buscar/software-engineer
2026-05-08 13:20:37 | INFO | Ofertas extraídas de Magneto: 6
2026-05-08 13:20:37 | INFO | Buscando en Magneto: https://www.magneto365.com/co/trabajos/buscar/desarrollador-fullstack
2026-05-08 13:20:39 | INFO | Ofertas extraídas de Magneto: 12
2026-05-08 13:20:39 | INFO | Buscando en Magneto: https://www.magneto365.com/co/trabajos/buscar/desarrollador-frontend
2026-05-08 13:20:40 | INFO | Ofertas extraídas de Magneto: 5
2026-05-08 13:20:40 | INFO | Buscando en Magneto: https://www.magneto365.com/co/trabajos/buscar/desarrollador-backend
2026-05-08 13:20:41 | INFO | Ofertas extraídas de Magneto: 10
2026-05-08 13:20:41 | INFO | Buscando en Magneto: https://www.magneto365.com/co/trabajos/buscar/desarrollador-react
2026-05-08 13:20:42 | INFO | Ofertas extraídas de Magneto: 13
2026-05-08 13:20:42 | INFO | Buscando en Magneto: https://www.magneto365.com/co/trabajos/buscar/desarrollador-javascript
2026-05-08 13:20:43 | INFO | Ofertas extraídas de Magneto: 11
2026-05-08 13:20:43 | INFO | Buscando en Magneto: https://www.magneto365.com/co/trabajos/buscar/desarrollador-typescript
2026-05-08 13:20:44 | INFO | Ofertas extraídas de Magneto: 1
2026-05-08 13:20:44 | INFO | Buscando en Magneto: https://www.magneto365.com/co/trabajos/buscar/desarrollador-node
2026-05-08 13:20:45 | INFO | Ofertas extraídas de Magneto: 2
2026-05-08 13:20:45 | INFO | Buscando en Magneto: https://www.magneto365.com/co/trabajos/buscar/ingeniero-software
2026-05-08 13:20:46 | INFO | Ofertas extraídas de Magneto: 17
2026-05-08 13:20:46 | INFO | Buscando en Magneto: https://www.magneto365.com/co/trabajos/buscar/analista-desarrollo
2026-05-08 13:20:48 | INFO | Ofertas extraídas de Magneto: 12
2026-05-08 13:20:48 | INFO | Buscando en Magneto: https://www.magneto365.com/co/trabajos/buscar/desarrollador-software
2026-05-08 13:20:49 | INFO | Ofertas extraídas de Magneto: 19
2026-05-08 13:20:49 | INFO | Buscando en Magneto: https://www.magneto365.com/co/trabajos/buscar/programador
2026-05-08 13:20:51 | INFO | Ofertas extraídas de Magneto: 17
2026-05-08 13:20:51 | INFO | Oferta duplicada omitida: https://www.magneto365.com/co/empleos/full-stack-developer-1626494698-9-912135
2026-05-08 13:20:51 | INFO | Oferta duplicada omitida: https://www.magneto365.com/co/empleos/desarrollador-full-stack-895702
2026-05-08 13:20:51 | INFO | Oferta duplicada omitida: https://www.magneto365.com/co/empleos/desarrollador-full-896787
2026-05-08 13:20:51 | INFO | Oferta duplicada omitida: https://www.magneto365.com/co/empleos/desarrollador-fullstack-javascriptnode-js-colombia-906260
2026-05-08 13:20:51 | INFO | Oferta duplicada omitida: https://www.magneto365.com/co/empleos/desarrollador-de-software-con-enfoque-en-inteligencia-artificial-899657
2026-05-08 13:20:51 | INFO | Oferta duplicada omitida: https://www.magneto365.com/co/empleos/desarrollador-de-software-ia-javascript-react-bucaramanga-913803
2026-05-08 13:20:51 | INFO | Oferta duplicada omitida: https://www.magneto365.com/co/empleos/desarrollador-python-bogota-909596
2026-05-08 13:20:51 | INFO | Oferta duplicada omitida: https://www.magneto365.com/co/empleos/desarrolladora-fullstack-896069
2026-05-08 13:20:51 | INFO | Oferta duplicada omitida: https://www.magneto365.com/co/empleos/desarrollador-fullstack-884799
2026-05-08 13:20:51 | INFO | Oferta duplicada omitida: https://www.magneto365.com/co/empleos/ingeniero-fullstack-senior-net-flutter-angular-teletrabajo-en-colombia-882683
2026-05-08 13:20:51 | INFO | Oferta duplicada omitida: https://www.magneto365.com/co/empleos/desarrollador-fullstack-senior-net-react-teletrabajo-colombia-889531
2026-05-08 13:20:51 | INFO | Oferta duplicada omitida: https://www.magneto365.com/co/empleos/desarrollador-fullstack-medellin-846369
2026-05-08 13:20:51 | INFO | Oferta duplicada omitida: https://www.magneto365.com/co/empleos/desarrollador-backend-senior-python-897964
2026-05-08 13:20:51 | INFO | Oferta duplicada omitida: https://www.magneto365.com/co/empleos/desarrollador-a-mobile-react-native-bogota-913246
2026-05-08 13:20:51 | INFO | Oferta duplicada omitida: https://www.magneto365.com/co/empleos/analista-tecnico-senior-bilingue-b2c1-java-react-react-native-remoto-bogota-887625
2026-05-08 13:20:51 | INFO | Oferta duplicada omitida: https://www.magneto365.com/co/empleos/desarrollador-senior-full-stack-bilingue-java-react-remoto-bogota-892791
2026-05-08 13:20:51 | INFO | Oferta duplicada omitida: https://www.magneto365.com/co/empleos/desarrollador-de-software-909610
2026-05-08 13:20:51 | INFO | Oferta duplicada omitida: https://www.magneto365.com/co/empleos/senior-data-engineer-1626494698-8-892405
2026-05-08 13:20:51 | INFO | Oferta duplicada omitida: https://www.magneto365.com/co/empleos/ingeniero-devops-mid-junior-899771
2026-05-08 13:20:51 | INFO | Oferta duplicada omitida: https://www.magneto365.com/co/empleos/analista-qa-882273
2026-05-08 13:20:51 | INFO | Oferta duplicada omitida: https://www.magneto365.com/co/empleos/desarrollador-fullstack-senior-hibrido-en-cali-895467
2026-05-08 13:20:51 | INFO | Oferta duplicada omitida: https://www.magneto365.com/co/empleos/desarrollador-fullstack-en-hidrocarburos-python-java-891227
2026-05-08 13:20:51 | INFO | Oferta duplicada omitida: https://www.magneto365.com/co/empleos/desarrollador-fullstack-senior-hibrido-en-cali-848809
2026-05-08 13:20:51 | INFO | Oferta duplicada omitida: https://www.magneto365.com/co/empleos/desarrollador-fullstack-senior-829393
2026-05-08 13:20:51 | INFO | Oferta duplicada omitida: https://www.magneto365.com/co/empleos/desarrollador-php-freelance-884817
2026-05-08 13:20:51 | INFO | Oferta duplicada omitida: https://www.magneto365.com/co/empleos/desarrollador-a-de-software-891058
2026-05-08 13:20:51 | INFO | Oferta duplicada omitida: https://www.magneto365.com/co/empleos/desarrollador-frontend-y-gestion-de-contenido-medellin-884727
2026-05-08 13:20:51 | INFO | Oferta duplicada omitida: https://www.magneto365.com/co/empleos/desarrollador-frontend-webmaster-847312
2026-05-08 13:20:51 | INFO | Oferta duplicada omitida: https://www.magneto365.com/co/empleos/senior-frontend-engineer-907809
2026-05-08 13:20:51 | INFO | Oferta duplicada omitida: https://www.magneto365.com/co/empleos/desarrollador-front-end-ecommerce-897233
2026-05-08 13:20:51 | INFO | Oferta duplicada omitida: https://www.magneto365.com/co/empleos/desarrollador-backend-912569
2026-05-08 13:20:51 | INFO | Oferta duplicada omitida: https://www.magneto365.com/co/empleos/desarrollador-backend-oracle-plsql-hxgn-eam-galapa-907640
2026-05-08 13:20:51 | INFO | Oferta duplicada omitida: https://www.magneto365.com/co/empleos/desarrollador-backend-884791
2026-05-08 13:20:51 | INFO | Oferta duplicada omitida: https://www.magneto365.com/co/empleos/desarrollador-senior-java-spring-boot-y-python-remoto-colombia-899477
2026-05-08 13:20:51 | INFO | Oferta duplicada omitida: https://www.magneto365.com/co/empleos/desarrollador-full-stack-895178
2026-05-08 13:20:51 | INFO | Oferta duplicada omitida: https://www.magneto365.com/co/empleos/especialista-i-desarrollador-pco-886336
2026-05-08 13:20:51 | INFO | Oferta duplicada omitida: https://www.magneto365.com/co/empleos/desarrollador-full-stack-python-react-ia-cali-908099
2026-05-08 13:20:51 | INFO | Oferta duplicada omitida: https://www.magneto365.com/co/empleos/desarrollador-senior-full-stack-909405
2026-05-08 13:20:51 | INFO | Oferta duplicada omitida: https://www.magneto365.com/co/empleos/desarrolladorprogramador-bi-financiera-888680
2026-05-08 13:20:51 | INFO | Oferta duplicada omitida: https://www.magneto365.com/co/empleos/desarrollador-especialista-de-software-medellin-843102
2026-05-08 13:20:51 | INFO | Oferta duplicada omitida: https://www.magneto365.com/co/empleos/desarrollador-de-software-835075
2026-05-08 13:20:51 | INFO | Oferta duplicada omitida: https://www.magneto365.com/co/empleos/ingeniero-a-tecnologia-talento-que-transforma-913134
2026-05-08 13:20:51 | INFO | Oferta duplicada omitida: https://www.magneto365.com/co/empleos/tester-qa-pruebas-de-software-hibrido-bogota-908108
2026-05-08 13:20:51 | INFO | Oferta duplicada omitida: https://www.magneto365.com/co/empleos/coordinadora-de-servicios-de-desarrollo-de-software-1626119083-2-900284
2026-05-08 13:20:51 | INFO | Oferta duplicada omitida: https://www.magneto365.com/co/empleos/arquitecto-de-software-899087
2026-05-08 13:20:51 | INFO | Oferta duplicada omitida: https://www.magneto365.com/co/empleos/lider-tecnico-desarrollo-software-java-888526
2026-05-08 13:20:51 | INFO | Oferta duplicada omitida: https://www.magneto365.com/co/empleos/arquitecto-de-software-para-transformacion-digital-en-salud-y-contabilidad-886496
2026-05-08 13:20:51 | INFO | Oferta duplicada omitida: https://www.magneto365.com/co/empleos/arquitecto-de-software-822827
2026-05-08 13:20:51 | INFO | Oferta duplicada omitida: https://www.magneto365.com/co/empleos/practicante-sistemas-de-informacion-base-comercial-895470
2026-05-08 13:20:51 | INFO | Oferta duplicada omitida: https://www.magneto365.com/co/empleos/desarrollador-de-software-lider-microservicios-remoto-894672
2026-05-08 13:20:51 | INFO | Oferta duplicada omitida: https://www.magneto365.com/co/empleos/analista-tecnico-senior-desarrollo-de-software-bilingue-884537
2026-05-08 13:20:51 | INFO | Oferta duplicada omitida: https://www.magneto365.com/co/empleos/practicante-ingenieria-de-sistemas-desarrollo-y-soporte-ti-bogota-901179
2026-05-08 13:20:51 | INFO | Oferta duplicada omitida: https://www.magneto365.com/co/empleos/practicante-profesional-ingenieria-de-sistemas-medellin-899409
2026-05-08 13:20:51 | INFO | Oferta duplicada omitida: https://www.magneto365.com/co/empleos/practicante-chatbot-contratacion-y-colaboradores-whatsapp-895458
2026-05-08 13:20:51 | INFO | Oferta duplicada omitida: https://www.magneto365.com/co/empleos/analista-desarrollo-comercial-ii-bogota-899720
2026-05-08 13:20:51 | INFO | Oferta duplicada omitida: https://www.magneto365.com/co/empleos/analista-de-desarrollo-de-software-net-angular-sql-server-colombia-914543
2026-05-08 13:20:51 | INFO | Oferta duplicada omitida: https://www.magneto365.com/co/empleos/analista-de-ingenieria-desarrollo-de-producto-industrial-914466
2026-05-08 13:20:51 | INFO | Oferta duplicada omitida: https://www.magneto365.com/co/empleos/analista-de-desarrollo-logistico-908067
2026-05-08 13:20:51 | INFO | Oferta duplicada omitida: https://www.magneto365.com/co/empleos/analista-de-desarrollo-de-productos-industria-colombia-906038
2026-05-08 13:20:51 | INFO | Oferta duplicada omitida: https://www.magneto365.com/co/empleos/analista-de-desarrollo-905172
2026-05-08 13:20:51 | INFO | Oferta duplicada omitida: https://www.magneto365.com/co/empleos/analista-de-formacion-y-desarrollo-de-talento-905159
2026-05-08 13:20:51 | INFO | Oferta descartada | score=45 | minimo=70 | cargo=Analista De Cultura Y Desarrollo (Temporal Por Licencia De Maternidad) | salario=$ 2.750.000 a $ 3.000.000, | notas=
2026-05-08 13:20:51 | INFO | Oferta duplicada omitida: https://www.magneto365.com/co/empleos/analista-de-automatizacion-y-desarrollo-termino-fijo-900710
2026-05-08 13:20:51 | INFO | Oferta duplicada omitida: https://www.magneto365.com/co/empleos/analista-de-desarrollo-de-software-1626071855-68-897977
2026-05-08 13:20:51 | INFO | Oferta duplicada omitida: https://www.magneto365.com/co/empleos/analista-de-desarrollo-humano-897395
2026-05-08 13:20:51 | INFO | Oferta duplicada omitida: https://www.magneto365.com/co/empleos/analista-de-atraccion-cultura-y-desarrollo-1626073720-39-887030
2026-05-08 13:20:51 | INFO | Oferta duplicada omitida: https://www.magneto365.com/co/empleos/desarrolladora-de-software-1626142096-3-908837
2026-05-08 13:20:51 | INFO | Oferta duplicada omitida: https://www.magneto365.com/co/empleos/ceid-desarrolladora-de-software-senior-rpa-905848
2026-05-08 13:20:51 | INFO | Oferta duplicada omitida: https://www.magneto365.com/co/empleos/desarrolladora-de-software-qa-1626436242-51-906064
2026-05-08 13:20:51 | INFO | Oferta duplicada omitida: https://www.magneto365.com/co/empleos/ceid-desarrollador-de-software-semisenior-1626492604-5-891596
2026-05-08 13:20:51 | INFO | Oferta duplicada omitida: https://www.magneto365.com/co/empleos/desarrollador-de-negocios-bogota-910216
2026-05-08 13:20:51 | INFO | Oferta duplicada omitida: https://www.magneto365.com/co/empleos/desarrollador-mid-level-sprint-contributor-902838
2026-05-08 13:20:51 | INFO | Oferta duplicada omitida: https://www.magneto365.com/co/empleos/desarrolladora-fronted-1626040293-334-896881
2026-05-08 13:20:51 | INFO | Oferta duplicada omitida: https://www.magneto365.com/co/empleos/programador-de-publicidad-digital-893246
2026-05-08 13:20:51 | INFO | Oferta duplicada omitida: https://www.magneto365.com/co/empleos/programador-tornero-cnc-puente-aranda-891925
2026-05-08 13:20:51 | INFO | Oferta duplicada omitida: https://www.magneto365.com/co/empleos/programador-de-flota-33303-886852
2026-05-08 13:20:51 | INFO | Oferta duplicada omitida: https://www.magneto365.com/co/empleos/instrumentador-quirurgico-888639
2026-05-08 13:20:51 | INFO | Oferta duplicada omitida: https://www.magneto365.com/co/empleos/analista-de-programacion-de-turnos-en-empresas-de-seguridad-881373
2026-05-08 13:20:51 | INFO | Oferta duplicada omitida: https://www.magneto365.com/co/empleos/integracion-automatizacion-control-ensamble-832860
2026-05-08 13:20:51 | INFO | Oferta duplicada omitida: https://www.magneto365.com/co/empleos/lider-de-planeacion-y-programacion-de-produccion-colombia-894342
2026-05-08 13:20:51 | INFO | Resumen ciclo | revisadas=80 | aplicadas=0 | errores=0 | omitidas=80
2026-05-08 13:20:51 | INFO | Esperando 180 segundos para el siguiente ciclo.
2026-05-08 13:23:51 | INFO | Buscando en Magneto: https://www.magneto365.com/co/trabajos/buscar/full-stack-developer
2026-05-08 13:23:52 | INFO | Ofertas extraídas de Magneto: 7
2026-05-08 13:23:52 | INFO | Buscando en Magneto: https://www.magneto365.com/co/trabajos/buscar/fullstack-developer
2026-05-08 13:23:54 | INFO | Ofertas extraídas de Magneto: 6
2026-05-08 13:23:54 | INFO | Buscando en Magneto: https://www.magneto365.com/co/trabajos/buscar/frontend-developer
2026-05-08 13:23:54 | INFO | Ofertas extraídas de Magneto: 1
2026-05-08 13:23:54 | INFO | Buscando en Magneto: https://www.magneto365.com/co/trabajos/buscar/backend-developer
2026-05-08 13:23:55 | INFO | Ofertas extraídas de Magneto: 4
2026-05-08 13:23:55 | INFO | Buscando en Magneto: https://www.magneto365.com/co/trabajos/buscar/react-developer
2026-05-08 13:23:57 | INFO | Ofertas extraídas de Magneto: 6
2026-05-08 13:23:57 | INFO | Buscando en Magneto: https://www.magneto365.com/co/trabajos/buscar/react-native
2026-05-08 13:23:58 | INFO | Ofertas extraídas de Magneto: 3
2026-05-08 13:23:58 | INFO | Buscando en Magneto: https://www.magneto365.com/co/trabajos/buscar/node-js-developer
2026-05-08 13:24:19 | INFO | No se encontraron resultados visibles en la búsqueda actual.
2026-05-08 13:24:19 | INFO | Ofertas extraídas de Magneto: 0
2026-05-08 13:24:19 | INFO | Busqueda por URL sin resultados. Usando pagina de ciudad para: Node.js Developer
2026-05-08 13:24:21 | INFO | Ofertas extraídas de Magneto: 0
2026-05-08 13:24:21 | INFO | Buscando en Magneto: https://www.magneto365.com/co/trabajos/buscar/javascript-developer
2026-05-08 13:24:22 | INFO | Ofertas extraídas de Magneto: 6
2026-05-08 13:24:22 | INFO | Buscando en Magneto: https://www.magneto365.com/co/trabajos/buscar/typescript-developer
2026-05-08 13:24:43 | INFO | No se encontraron resultados visibles en la búsqueda actual.
2026-05-08 13:24:43 | INFO | Ofertas extraídas de Magneto: 0
2026-05-08 13:24:43 | INFO | Busqueda por URL sin resultados. Usando pagina de ciudad para: TypeScript Developer
2026-05-08 13:24:44 | INFO | Ofertas extraídas de Magneto: 0
2026-05-08 13:24:44 | INFO | Buscando en Magneto: https://www.magneto365.com/co/trabajos/buscar/software-engineer
2026-05-08 13:24:45 | INFO | Ofertas extraídas de Magneto: 6
2026-05-08 13:24:45 | INFO | Buscando en Magneto: https://www.magneto365.com/co/trabajos/buscar/desarrollador-fullstack
2026-05-08 13:24:47 | INFO | Ofertas extraídas de Magneto: 12
2026-05-08 13:24:47 | INFO | Buscando en Magneto: https://www.magneto365.com/co/trabajos/buscar/desarrollador-frontend
2026-05-08 13:24:47 | INFO | Ofertas extraídas de Magneto: 5
2026-05-08 13:24:47 | INFO | Buscando en Magneto: https://www.magneto365.com/co/trabajos/buscar/desarrollador-backend
2026-05-08 13:24:49 | INFO | Ofertas extraídas de Magneto: 10
2026-05-08 13:24:49 | INFO | Buscando en Magneto: https://www.magneto365.com/co/trabajos/buscar/desarrollador-react
2026-05-08 13:24:50 | INFO | Ofertas extraídas de Magneto: 13
2026-05-08 13:24:50 | INFO | Buscando en Magneto: https://www.magneto365.com/co/trabajos/buscar/desarrollador-javascript
2026-05-08 13:24:52 | INFO | Ofertas extraídas de Magneto: 11
2026-05-08 13:24:52 | INFO | Buscando en Magneto: https://www.magneto365.com/co/trabajos/buscar/desarrollador-typescript
2026-05-08 13:24:53 | INFO | Ofertas extraídas de Magneto: 1
2026-05-08 13:24:53 | INFO | Buscando en Magneto: https://www.magneto365.com/co/trabajos/buscar/desarrollador-node
2026-05-08 13:24:54 | INFO | Ofertas extraídas de Magneto: 2
2026-05-08 13:24:54 | INFO | Buscando en Magneto: https://www.magneto365.com/co/trabajos/buscar/ingeniero-software
2026-05-08 13:24:55 | INFO | Ofertas extraídas de Magneto: 17
2026-05-08 13:24:55 | INFO | Buscando en Magneto: https://www.magneto365.com/co/trabajos/buscar/analista-desarrollo
2026-05-08 13:24:56 | INFO | Ofertas extraídas de Magneto: 12
2026-05-08 13:24:56 | INFO | Buscando en Magneto: https://www.magneto365.com/co/trabajos/buscar/desarrollador-software
2026-05-08 13:24:58 | INFO | Ofertas extraídas de Magneto: 19
2026-05-08 13:24:58 | INFO | Buscando en Magneto: https://www.magneto365.com/co/trabajos/buscar/programador
2026-05-08 13:24:59 | INFO | Ofertas extraídas de Magneto: 17
2026-05-08 13:24:59 | INFO | Oferta duplicada omitida: https://www.magneto365.com/co/empleos/full-stack-developer-1626494698-9-912135
2026-05-08 13:24:59 | INFO | Oferta duplicada omitida: https://www.magneto365.com/co/empleos/desarrollador-full-stack-895702
2026-05-08 13:24:59 | INFO | Oferta duplicada omitida: https://www.magneto365.com/co/empleos/desarrollador-full-896787
2026-05-08 13:24:59 | INFO | Oferta duplicada omitida: https://www.magneto365.com/co/empleos/desarrollador-fullstack-javascriptnode-js-colombia-906260
2026-05-08 13:24:59 | INFO | Oferta duplicada omitida: https://www.magneto365.com/co/empleos/desarrollador-de-software-con-enfoque-en-inteligencia-artificial-899657
2026-05-08 13:24:59 | INFO | Oferta duplicada omitida: https://www.magneto365.com/co/empleos/desarrollador-de-software-ia-javascript-react-bucaramanga-913803
2026-05-08 13:24:59 | INFO | Oferta duplicada omitida: https://www.magneto365.com/co/empleos/desarrollador-python-bogota-909596
2026-05-08 13:24:59 | INFO | Oferta duplicada omitida: https://www.magneto365.com/co/empleos/desarrolladora-fullstack-896069
2026-05-08 13:24:59 | INFO | Oferta duplicada omitida: https://www.magneto365.com/co/empleos/desarrollador-fullstack-884799
2026-05-08 13:24:59 | INFO | Oferta duplicada omitida: https://www.magneto365.com/co/empleos/ingeniero-fullstack-senior-net-flutter-angular-teletrabajo-en-colombia-882683
2026-05-08 13:24:59 | INFO | Oferta duplicada omitida: https://www.magneto365.com/co/empleos/desarrollador-fullstack-senior-net-react-teletrabajo-colombia-889531
2026-05-08 13:24:59 | INFO | Oferta duplicada omitida: https://www.magneto365.com/co/empleos/desarrollador-fullstack-medellin-846369
2026-05-08 13:24:59 | INFO | Oferta duplicada omitida: https://www.magneto365.com/co/empleos/desarrollador-backend-senior-python-897964
2026-05-08 13:24:59 | INFO | Oferta duplicada omitida: https://www.magneto365.com/co/empleos/desarrollador-a-mobile-react-native-bogota-913246
2026-05-08 13:24:59 | INFO | Oferta duplicada omitida: https://www.magneto365.com/co/empleos/analista-tecnico-senior-bilingue-b2c1-java-react-react-native-remoto-bogota-887625
2026-05-08 13:24:59 | INFO | Oferta duplicada omitida: https://www.magneto365.com/co/empleos/desarrollador-senior-full-stack-bilingue-java-react-remoto-bogota-892791
2026-05-08 13:24:59 | INFO | Oferta duplicada omitida: https://www.magneto365.com/co/empleos/desarrollador-de-software-909610
2026-05-08 13:24:59 | INFO | Oferta duplicada omitida: https://www.magneto365.com/co/empleos/senior-data-engineer-1626494698-8-892405
2026-05-08 13:24:59 | INFO | Oferta duplicada omitida: https://www.magneto365.com/co/empleos/ingeniero-devops-mid-junior-899771
2026-05-08 13:24:59 | INFO | Oferta duplicada omitida: https://www.magneto365.com/co/empleos/analista-qa-882273
2026-05-08 13:24:59 | INFO | Oferta duplicada omitida: https://www.magneto365.com/co/empleos/desarrollador-fullstack-senior-hibrido-en-cali-895467
2026-05-08 13:24:59 | INFO | Oferta duplicada omitida: https://www.magneto365.com/co/empleos/desarrollador-fullstack-en-hidrocarburos-python-java-891227
2026-05-08 13:24:59 | INFO | Oferta duplicada omitida: https://www.magneto365.com/co/empleos/desarrollador-fullstack-senior-hibrido-en-cali-848809
2026-05-08 13:24:59 | INFO | Oferta duplicada omitida: https://www.magneto365.com/co/empleos/desarrollador-fullstack-senior-829393
2026-05-08 13:24:59 | INFO | Oferta duplicada omitida: https://www.magneto365.com/co/empleos/desarrollador-php-freelance-884817
2026-05-08 13:24:59 | INFO | Oferta duplicada omitida: https://www.magneto365.com/co/empleos/desarrollador-a-de-software-891058
2026-05-08 13:24:59 | INFO | Oferta duplicada omitida: https://www.magneto365.com/co/empleos/desarrollador-frontend-y-gestion-de-contenido-medellin-884727
2026-05-08 13:24:59 | INFO | Oferta duplicada omitida: https://www.magneto365.com/co/empleos/desarrollador-frontend-webmaster-847312
2026-05-08 13:24:59 | INFO | Oferta duplicada omitida: https://www.magneto365.com/co/empleos/senior-frontend-engineer-907809
2026-05-08 13:24:59 | INFO | Oferta duplicada omitida: https://www.magneto365.com/co/empleos/desarrollador-front-end-ecommerce-897233
2026-05-08 13:24:59 | INFO | Oferta duplicada omitida: https://www.magneto365.com/co/empleos/desarrollador-backend-912569
2026-05-08 13:24:59 | INFO | Oferta duplicada omitida: https://www.magneto365.com/co/empleos/desarrollador-backend-oracle-plsql-hxgn-eam-galapa-907640
2026-05-08 13:24:59 | INFO | Oferta duplicada omitida: https://www.magneto365.com/co/empleos/desarrollador-backend-884791
2026-05-08 13:24:59 | INFO | Oferta duplicada omitida: https://www.magneto365.com/co/empleos/desarrollador-senior-java-spring-boot-y-python-remoto-colombia-899477
2026-05-08 13:24:59 | INFO | Oferta duplicada omitida: https://www.magneto365.com/co/empleos/desarrollador-full-stack-895178
2026-05-08 13:24:59 | INFO | Oferta duplicada omitida: https://www.magneto365.com/co/empleos/especialista-i-desarrollador-pco-886336
2026-05-08 13:24:59 | INFO | Oferta duplicada omitida: https://www.magneto365.com/co/empleos/desarrollador-full-stack-python-react-ia-cali-908099
2026-05-08 13:24:59 | INFO | Oferta duplicada omitida: https://www.magneto365.com/co/empleos/desarrollador-senior-full-stack-909405
2026-05-08 13:24:59 | INFO | Oferta duplicada omitida: https://www.magneto365.com/co/empleos/desarrolladorprogramador-bi-financiera-888680
2026-05-08 13:24:59 | INFO | Oferta duplicada omitida: https://www.magneto365.com/co/empleos/desarrollador-especialista-de-software-medellin-843102
2026-05-08 13:24:59 | INFO | Oferta duplicada omitida: https://www.magneto365.com/co/empleos/desarrollador-de-software-835075
2026-05-08 13:24:59 | INFO | Oferta duplicada omitida: https://www.magneto365.com/co/empleos/ingeniero-a-tecnologia-talento-que-transforma-913134
2026-05-08 13:24:59 | INFO | Oferta duplicada omitida: https://www.magneto365.com/co/empleos/tester-qa-pruebas-de-software-hibrido-bogota-908108
2026-05-08 13:24:59 | INFO | Oferta duplicada omitida: https://www.magneto365.com/co/empleos/coordinadora-de-servicios-de-desarrollo-de-software-1626119083-2-900284
2026-05-08 13:24:59 | INFO | Oferta duplicada omitida: https://www.magneto365.com/co/empleos/arquitecto-de-software-899087
2026-05-08 13:24:59 | INFO | Oferta duplicada omitida: https://www.magneto365.com/co/empleos/lider-tecnico-desarrollo-software-java-888526
2026-05-08 13:24:59 | INFO | Oferta duplicada omitida: https://www.magneto365.com/co/empleos/arquitecto-de-software-para-transformacion-digital-en-salud-y-contabilidad-886496
2026-05-08 13:24:59 | INFO | Oferta duplicada omitida: https://www.magneto365.com/co/empleos/arquitecto-de-software-822827
2026-05-08 13:24:59 | INFO | Oferta duplicada omitida: https://www.magneto365.com/co/empleos/practicante-sistemas-de-informacion-base-comercial-895470
2026-05-08 13:24:59 | INFO | Oferta duplicada omitida: https://www.magneto365.com/co/empleos/desarrollador-de-software-lider-microservicios-remoto-894672
2026-05-08 13:24:59 | INFO | Oferta duplicada omitida: https://www.magneto365.com/co/empleos/analista-tecnico-senior-desarrollo-de-software-bilingue-884537
2026-05-08 13:24:59 | INFO | Oferta duplicada omitida: https://www.magneto365.com/co/empleos/practicante-ingenieria-de-sistemas-desarrollo-y-soporte-ti-bogota-901179
2026-05-08 13:24:59 | INFO | Oferta duplicada omitida: https://www.magneto365.com/co/empleos/practicante-profesional-ingenieria-de-sistemas-medellin-899409
2026-05-08 13:24:59 | INFO | Oferta duplicada omitida: https://www.magneto365.com/co/empleos/practicante-chatbot-contratacion-y-colaboradores-whatsapp-895458
2026-05-08 13:24:59 | INFO | Oferta duplicada omitida: https://www.magneto365.com/co/empleos/analista-desarrollo-comercial-ii-bogota-899720
2026-05-08 13:24:59 | INFO | Oferta duplicada omitida: https://www.magneto365.com/co/empleos/analista-de-desarrollo-de-software-net-angular-sql-server-colombia-914543
2026-05-08 13:24:59 | INFO | Oferta duplicada omitida: https://www.magneto365.com/co/empleos/analista-de-ingenieria-desarrollo-de-producto-industrial-914466
2026-05-08 13:24:59 | INFO | Oferta duplicada omitida: https://www.magneto365.com/co/empleos/analista-de-desarrollo-logistico-908067
2026-05-08 13:24:59 | INFO | Oferta duplicada omitida: https://www.magneto365.com/co/empleos/analista-de-desarrollo-de-productos-industria-colombia-906038
2026-05-08 13:24:59 | INFO | Oferta duplicada omitida: https://www.magneto365.com/co/empleos/analista-de-desarrollo-905172
2026-05-08 13:24:59 | INFO | Oferta duplicada omitida: https://www.magneto365.com/co/empleos/analista-de-formacion-y-desarrollo-de-talento-905159
2026-05-08 13:24:59 | INFO | Oferta duplicada omitida: https://www.magneto365.com/co/empleos/analista-de-cultura-y-desarrollo-temporal-por-licencia-de-maternidad-901840
2026-05-08 13:24:59 | INFO | Oferta duplicada omitida: https://www.magneto365.com/co/empleos/analista-de-automatizacion-y-desarrollo-termino-fijo-900710
2026-05-08 13:24:59 | INFO | Oferta duplicada omitida: https://www.magneto365.com/co/empleos/analista-de-desarrollo-de-software-1626071855-68-897977
2026-05-08 13:24:59 | INFO | Oferta duplicada omitida: https://www.magneto365.com/co/empleos/analista-de-desarrollo-humano-897395
2026-05-08 13:24:59 | INFO | Oferta duplicada omitida: https://www.magneto365.com/co/empleos/analista-de-atraccion-cultura-y-desarrollo-1626073720-39-887030
2026-05-08 13:24:59 | INFO | Oferta duplicada omitida: https://www.magneto365.com/co/empleos/desarrolladora-de-software-1626142096-3-908837
2026-05-08 13:24:59 | INFO | Oferta duplicada omitida: https://www.magneto365.com/co/empleos/ceid-desarrolladora-de-software-senior-rpa-905848
2026-05-08 13:24:59 | INFO | Oferta duplicada omitida: https://www.magneto365.com/co/empleos/desarrolladora-de-software-qa-1626436242-51-906064
2026-05-08 13:24:59 | INFO | Oferta duplicada omitida: https://www.magneto365.com/co/empleos/ceid-desarrollador-de-software-semisenior-1626492604-5-891596
2026-05-08 13:24:59 | INFO | Oferta duplicada omitida: https://www.magneto365.com/co/empleos/desarrollador-de-negocios-bogota-910216
2026-05-08 13:24:59 | INFO | Oferta duplicada omitida: https://www.magneto365.com/co/empleos/desarrollador-mid-level-sprint-contributor-902838
2026-05-08 13:24:59 | INFO | Oferta duplicada omitida: https://www.magneto365.com/co/empleos/desarrolladora-fronted-1626040293-334-896881
2026-05-08 13:24:59 | INFO | Oferta duplicada omitida: https://www.magneto365.com/co/empleos/programador-de-publicidad-digital-893246
2026-05-08 13:24:59 | INFO | Oferta duplicada omitida: https://www.magneto365.com/co/empleos/programador-tornero-cnc-puente-aranda-891925
2026-05-08 13:24:59 | INFO | Oferta duplicada omitida: https://www.magneto365.com/co/empleos/programador-de-flota-33303-886852
2026-05-08 13:24:59 | INFO | Oferta duplicada omitida: https://www.magneto365.com/co/empleos/instrumentador-quirurgico-888639
2026-05-08 13:24:59 | INFO | Oferta duplicada omitida: https://www.magneto365.com/co/empleos/analista-de-programacion-de-turnos-en-empresas-de-seguridad-881373
2026-05-08 13:24:59 | INFO | Oferta duplicada omitida: https://www.magneto365.com/co/empleos/integracion-automatizacion-control-ensamble-832860
2026-05-08 13:24:59 | INFO | Oferta duplicada omitida: https://www.magneto365.com/co/empleos/lider-de-planeacion-y-programacion-de-produccion-colombia-894342
2026-05-08 13:24:59 | INFO | Resumen ciclo | revisadas=80 | aplicadas=0 | errores=0 | omitidas=80
2026-05-08 13:24:59 | INFO | Esperando 180 segundos para el siguiente ciclo.
2026-05-08 13:27:59 | INFO | Buscando en Magneto: https://www.magneto365.com/co/trabajos/buscar/full-stack-developer
2026-05-08 13:28:01 | INFO | Ofertas extraídas de Magneto: 7
2026-05-08 13:28:01 | INFO | Buscando en Magneto: https://www.magneto365.com/co/trabajos/buscar/fullstack-developer
2026-05-08 13:28:02 | INFO | Ofertas extraídas de Magneto: 6
2026-05-08 13:28:02 | INFO | Buscando en Magneto: https://www.magneto365.com/co/trabajos/buscar/frontend-developer
2026-05-08 13:28:03 | INFO | Ofertas extraídas de Magneto: 1
2026-05-08 13:28:03 | INFO | Buscando en Magneto: https://www.magneto365.com/co/trabajos/buscar/backend-developer
2026-05-08 13:28:04 | INFO | Ofertas extraídas de Magneto: 4
2026-05-08 13:28:04 | INFO | Buscando en Magneto: https://www.magneto365.com/co/trabajos/buscar/react-developer
2026-05-08 13:28:05 | INFO | Ofertas extraídas de Magneto: 6
2026-05-08 13:28:05 | INFO | Buscando en Magneto: https://www.magneto365.com/co/trabajos/buscar/react-native
2026-05-08 13:28:07 | INFO | Ofertas extraídas de Magneto: 3
2026-05-08 13:28:07 | INFO | Buscando en Magneto: https://www.magneto365.com/co/trabajos/buscar/node-js-developer
2026-05-08 13:28:27 | INFO | No se encontraron resultados visibles en la búsqueda actual.
2026-05-08 13:28:27 | INFO | Ofertas extraídas de Magneto: 0
2026-05-08 13:28:27 | INFO | Busqueda por URL sin resultados. Usando pagina de ciudad para: Node.js Developer
2026-05-08 13:28:29 | INFO | Ofertas extraídas de Magneto: 0
2026-05-08 13:28:29 | INFO | Buscando en Magneto: https://www.magneto365.com/co/trabajos/buscar/javascript-developer
2026-05-08 13:28:30 | INFO | Ofertas extraídas de Magneto: 6
2026-05-08 13:28:30 | INFO | Buscando en Magneto: https://www.magneto365.com/co/trabajos/buscar/typescript-developer
2026-05-08 13:28:51 | INFO | No se encontraron resultados visibles en la búsqueda actual.
2026-05-08 13:28:51 | INFO | Ofertas extraídas de Magneto: 0
2026-05-08 13:28:51 | INFO | Busqueda por URL sin resultados. Usando pagina de ciudad para: TypeScript Developer
2026-05-08 13:28:53 | INFO | Ofertas extraídas de Magneto: 0
2026-05-08 13:28:53 | INFO | Buscando en Magneto: https://www.magneto365.com/co/trabajos/buscar/software-engineer
2026-05-08 13:28:54 | INFO | Ofertas extraídas de Magneto: 6
2026-05-08 13:28:54 | INFO | Buscando en Magneto: https://www.magneto365.com/co/trabajos/buscar/desarrollador-fullstack
2026-05-08 13:28:55 | INFO | Ofertas extraídas de Magneto: 12
2026-05-08 13:28:55 | INFO | Buscando en Magneto: https://www.magneto365.com/co/trabajos/buscar/desarrollador-frontend
2026-05-08 13:28:56 | INFO | Ofertas extraídas de Magneto: 5
2026-05-08 13:28:56 | INFO | Buscando en Magneto: https://www.magneto365.com/co/trabajos/buscar/desarrollador-backend
2026-05-08 13:28:57 | INFO | Ofertas extraídas de Magneto: 10
2026-05-08 13:28:57 | INFO | Buscando en Magneto: https://www.magneto365.com/co/trabajos/buscar/desarrollador-react
2026-05-08 13:28:58 | INFO | Ofertas extraídas de Magneto: 13
2026-05-08 13:28:58 | INFO | Buscando en Magneto: https://www.magneto365.com/co/trabajos/buscar/desarrollador-javascript
2026-05-08 13:29:00 | INFO | Ofertas extraídas de Magneto: 11
2026-05-08 13:29:00 | INFO | Buscando en Magneto: https://www.magneto365.com/co/trabajos/buscar/desarrollador-typescript
2026-05-08 13:29:00 | INFO | Ofertas extraídas de Magneto: 1
2026-05-08 13:29:00 | INFO | Buscando en Magneto: https://www.magneto365.com/co/trabajos/buscar/desarrollador-node
2026-05-08 13:29:01 | INFO | Ofertas extraídas de Magneto: 2
2026-05-08 13:29:01 | INFO | Buscando en Magneto: https://www.magneto365.com/co/trabajos/buscar/ingeniero-software
2026-05-08 13:29:03 | INFO | Ofertas extraídas de Magneto: 17
2026-05-08 13:29:03 | INFO | Buscando en Magneto: https://www.magneto365.com/co/trabajos/buscar/analista-desarrollo
2026-05-08 13:29:04 | INFO | Ofertas extraídas de Magneto: 12
2026-05-08 13:29:04 | INFO | Buscando en Magneto: https://www.magneto365.com/co/trabajos/buscar/desarrollador-software
2026-05-08 13:29:05 | INFO | Ofertas extraídas de Magneto: 19
2026-05-08 13:29:05 | INFO | Buscando en Magneto: https://www.magneto365.com/co/trabajos/buscar/programador
2026-05-08 13:29:10 | INFO | Ofertas extraídas de Magneto: 17
2026-05-08 13:29:10 | INFO | Oferta duplicada omitida: https://www.magneto365.com/co/empleos/full-stack-developer-1626494698-9-912135
2026-05-08 13:29:10 | INFO | Oferta duplicada omitida: https://www.magneto365.com/co/empleos/desarrollador-full-stack-895702
2026-05-08 13:29:10 | INFO | Oferta duplicada omitida: https://www.magneto365.com/co/empleos/desarrollador-full-896787
2026-05-08 13:29:10 | INFO | Oferta duplicada omitida: https://www.magneto365.com/co/empleos/desarrollador-fullstack-javascriptnode-js-colombia-906260
2026-05-08 13:29:10 | INFO | Oferta duplicada omitida: https://www.magneto365.com/co/empleos/desarrollador-de-software-con-enfoque-en-inteligencia-artificial-899657
2026-05-08 13:29:10 | INFO | Oferta duplicada omitida: https://www.magneto365.com/co/empleos/desarrollador-de-software-ia-javascript-react-bucaramanga-913803
2026-05-08 13:29:10 | INFO | Oferta duplicada omitida: https://www.magneto365.com/co/empleos/desarrollador-python-bogota-909596
2026-05-08 13:29:10 | INFO | Oferta duplicada omitida: https://www.magneto365.com/co/empleos/desarrolladora-fullstack-896069
2026-05-08 13:29:10 | INFO | Oferta duplicada omitida: https://www.magneto365.com/co/empleos/desarrollador-fullstack-884799
2026-05-08 13:29:10 | INFO | Oferta duplicada omitida: https://www.magneto365.com/co/empleos/ingeniero-fullstack-senior-net-flutter-angular-teletrabajo-en-colombia-882683
2026-05-08 13:29:10 | INFO | Oferta duplicada omitida: https://www.magneto365.com/co/empleos/desarrollador-fullstack-senior-net-react-teletrabajo-colombia-889531
2026-05-08 13:29:10 | INFO | Oferta duplicada omitida: https://www.magneto365.com/co/empleos/desarrollador-fullstack-medellin-846369
2026-05-08 13:29:10 | INFO | Oferta duplicada omitida: https://www.magneto365.com/co/empleos/desarrollador-backend-senior-python-897964
2026-05-08 13:29:10 | INFO | Oferta duplicada omitida: https://www.magneto365.com/co/empleos/desarrollador-a-mobile-react-native-bogota-913246
2026-05-08 13:29:10 | INFO | Oferta duplicada omitida: https://www.magneto365.com/co/empleos/analista-tecnico-senior-bilingue-b2c1-java-react-react-native-remoto-bogota-887625
2026-05-08 13:29:10 | INFO | Oferta duplicada omitida: https://www.magneto365.com/co/empleos/desarrollador-senior-full-stack-bilingue-java-react-remoto-bogota-892791
2026-05-08 13:29:10 | INFO | Oferta duplicada omitida: https://www.magneto365.com/co/empleos/desarrollador-de-software-909610
2026-05-08 13:29:10 | INFO | Oferta duplicada omitida: https://www.magneto365.com/co/empleos/senior-data-engineer-1626494698-8-892405
2026-05-08 13:29:10 | INFO | Oferta duplicada omitida: https://www.magneto365.com/co/empleos/ingeniero-devops-mid-junior-899771
2026-05-08 13:29:10 | INFO | Oferta duplicada omitida: https://www.magneto365.com/co/empleos/analista-qa-882273
2026-05-08 13:29:10 | INFO | Oferta duplicada omitida: https://www.magneto365.com/co/empleos/desarrollador-fullstack-senior-hibrido-en-cali-895467
2026-05-08 13:29:10 | INFO | Oferta duplicada omitida: https://www.magneto365.com/co/empleos/desarrollador-fullstack-en-hidrocarburos-python-java-891227
2026-05-08 13:29:10 | INFO | Oferta duplicada omitida: https://www.magneto365.com/co/empleos/desarrollador-fullstack-senior-hibrido-en-cali-848809
2026-05-08 13:29:10 | INFO | Oferta duplicada omitida: https://www.magneto365.com/co/empleos/desarrollador-fullstack-senior-829393
2026-05-08 13:29:10 | INFO | Oferta duplicada omitida: https://www.magneto365.com/co/empleos/desarrollador-php-freelance-884817
2026-05-08 13:29:10 | INFO | Oferta duplicada omitida: https://www.magneto365.com/co/empleos/desarrollador-a-de-software-891058
2026-05-08 13:29:10 | INFO | Oferta duplicada omitida: https://www.magneto365.com/co/empleos/desarrollador-frontend-y-gestion-de-contenido-medellin-884727
2026-05-08 13:29:10 | INFO | Oferta duplicada omitida: https://www.magneto365.com/co/empleos/desarrollador-frontend-webmaster-847312
2026-05-08 13:29:10 | INFO | Oferta duplicada omitida: https://www.magneto365.com/co/empleos/senior-frontend-engineer-907809
2026-05-08 13:29:10 | INFO | Oferta duplicada omitida: https://www.magneto365.com/co/empleos/desarrollador-front-end-ecommerce-897233
2026-05-08 13:29:10 | INFO | Oferta duplicada omitida: https://www.magneto365.com/co/empleos/desarrollador-backend-912569
2026-05-08 13:29:10 | INFO | Oferta duplicada omitida: https://www.magneto365.com/co/empleos/desarrollador-backend-oracle-plsql-hxgn-eam-galapa-907640
2026-05-08 13:29:10 | INFO | Oferta duplicada omitida: https://www.magneto365.com/co/empleos/desarrollador-backend-884791
2026-05-08 13:29:10 | INFO | Oferta duplicada omitida: https://www.magneto365.com/co/empleos/desarrollador-senior-java-spring-boot-y-python-remoto-colombia-899477
2026-05-08 13:29:10 | INFO | Oferta duplicada omitida: https://www.magneto365.com/co/empleos/desarrollador-full-stack-895178
2026-05-08 13:29:10 | INFO | Oferta duplicada omitida: https://www.magneto365.com/co/empleos/especialista-i-desarrollador-pco-886336
2026-05-08 13:29:10 | INFO | Oferta duplicada omitida: https://www.magneto365.com/co/empleos/desarrollador-full-stack-python-react-ia-cali-908099
2026-05-08 13:29:10 | INFO | Oferta duplicada omitida: https://www.magneto365.com/co/empleos/desarrollador-senior-full-stack-909405
2026-05-08 13:29:10 | INFO | Oferta duplicada omitida: https://www.magneto365.com/co/empleos/desarrolladorprogramador-bi-financiera-888680
2026-05-08 13:29:10 | INFO | Oferta duplicada omitida: https://www.magneto365.com/co/empleos/desarrollador-especialista-de-software-medellin-843102
2026-05-08 13:29:10 | INFO | Oferta duplicada omitida: https://www.magneto365.com/co/empleos/desarrollador-de-software-835075
2026-05-08 13:29:10 | INFO | Oferta duplicada omitida: https://www.magneto365.com/co/empleos/ingeniero-a-tecnologia-talento-que-transforma-913134
2026-05-08 13:29:10 | INFO | Oferta duplicada omitida: https://www.magneto365.com/co/empleos/tester-qa-pruebas-de-software-hibrido-bogota-908108
2026-05-08 13:29:10 | INFO | Oferta duplicada omitida: https://www.magneto365.com/co/empleos/coordinadora-de-servicios-de-desarrollo-de-software-1626119083-2-900284
2026-05-08 13:29:10 | INFO | Oferta duplicada omitida: https://www.magneto365.com/co/empleos/arquitecto-de-software-899087
2026-05-08 13:29:10 | INFO | Oferta duplicada omitida: https://www.magneto365.com/co/empleos/lider-tecnico-desarrollo-software-java-888526
2026-05-08 13:29:10 | INFO | Oferta duplicada omitida: https://www.magneto365.com/co/empleos/arquitecto-de-software-para-transformacion-digital-en-salud-y-contabilidad-886496
2026-05-08 13:29:10 | INFO | Oferta duplicada omitida: https://www.magneto365.com/co/empleos/arquitecto-de-software-822827
2026-05-08 13:29:10 | INFO | Oferta duplicada omitida: https://www.magneto365.com/co/empleos/practicante-sistemas-de-informacion-base-comercial-895470
2026-05-08 13:29:10 | INFO | Oferta duplicada omitida: https://www.magneto365.com/co/empleos/desarrollador-de-software-lider-microservicios-remoto-894672
2026-05-08 13:29:10 | INFO | Oferta duplicada omitida: https://www.magneto365.com/co/empleos/analista-tecnico-senior-desarrollo-de-software-bilingue-884537
2026-05-08 13:29:10 | INFO | Oferta duplicada omitida: https://www.magneto365.com/co/empleos/practicante-ingenieria-de-sistemas-desarrollo-y-soporte-ti-bogota-901179
2026-05-08 13:29:10 | INFO | Oferta duplicada omitida: https://www.magneto365.com/co/empleos/practicante-profesional-ingenieria-de-sistemas-medellin-899409
2026-05-08 13:29:10 | INFO | Oferta duplicada omitida: https://www.magneto365.com/co/empleos/practicante-chatbot-contratacion-y-colaboradores-whatsapp-895458
2026-05-08 13:29:10 | INFO | Oferta duplicada omitida: https://www.magneto365.com/co/empleos/analista-desarrollo-comercial-ii-bogota-899720
2026-05-08 13:29:10 | INFO | Oferta duplicada omitida: https://www.magneto365.com/co/empleos/analista-de-desarrollo-de-software-net-angular-sql-server-colombia-914543
2026-05-08 13:29:10 | INFO | Oferta duplicada omitida: https://www.magneto365.com/co/empleos/analista-de-ingenieria-desarrollo-de-producto-industrial-914466
2026-05-08 13:29:10 | INFO | Oferta duplicada omitida: https://www.magneto365.com/co/empleos/analista-de-desarrollo-logistico-908067
2026-05-08 13:29:10 | INFO | Oferta duplicada omitida: https://www.magneto365.com/co/empleos/analista-de-desarrollo-de-productos-industria-colombia-906038
2026-05-08 13:29:10 | INFO | Oferta duplicada omitida: https://www.magneto365.com/co/empleos/analista-de-desarrollo-905172
2026-05-08 13:29:10 | INFO | Oferta duplicada omitida: https://www.magneto365.com/co/empleos/analista-de-formacion-y-desarrollo-de-talento-905159
2026-05-08 13:29:10 | INFO | Oferta duplicada omitida: https://www.magneto365.com/co/empleos/analista-de-cultura-y-desarrollo-temporal-por-licencia-de-maternidad-901840
2026-05-08 13:29:10 | INFO | Oferta duplicada omitida: https://www.magneto365.com/co/empleos/analista-de-automatizacion-y-desarrollo-termino-fijo-900710
2026-05-08 13:29:10 | INFO | Oferta duplicada omitida: https://www.magneto365.com/co/empleos/analista-de-desarrollo-de-software-1626071855-68-897977
2026-05-08 13:29:10 | INFO | Oferta duplicada omitida: https://www.magneto365.com/co/empleos/analista-de-desarrollo-humano-897395
2026-05-08 13:29:10 | INFO | Oferta duplicada omitida: https://www.magneto365.com/co/empleos/analista-de-atraccion-cultura-y-desarrollo-1626073720-39-887030
2026-05-08 13:29:10 | INFO | Oferta duplicada omitida: https://www.magneto365.com/co/empleos/desarrolladora-de-software-1626142096-3-908837
2026-05-08 13:29:10 | INFO | Oferta duplicada omitida: https://www.magneto365.com/co/empleos/ceid-desarrolladora-de-software-senior-rpa-905848
2026-05-08 13:29:10 | INFO | Oferta duplicada omitida: https://www.magneto365.com/co/empleos/desarrolladora-de-software-qa-1626436242-51-906064
2026-05-08 13:29:10 | INFO | Oferta duplicada omitida: https://www.magneto365.com/co/empleos/ceid-desarrollador-de-software-semisenior-1626492604-5-891596
2026-05-08 13:29:10 | INFO | Oferta duplicada omitida: https://www.magneto365.com/co/empleos/desarrollador-de-negocios-bogota-910216
2026-05-08 13:29:10 | INFO | Oferta duplicada omitida: https://www.magneto365.com/co/empleos/desarrollador-mid-level-sprint-contributor-902838
2026-05-08 13:29:10 | INFO | Oferta duplicada omitida: https://www.magneto365.com/co/empleos/desarrolladora-fronted-1626040293-334-896881
2026-05-08 13:29:10 | INFO | Oferta duplicada omitida: https://www.magneto365.com/co/empleos/programador-de-publicidad-digital-893246
2026-05-08 13:29:10 | INFO | Oferta duplicada omitida: https://www.magneto365.com/co/empleos/programador-tornero-cnc-puente-aranda-891925
2026-05-08 13:29:10 | INFO | Oferta duplicada omitida: https://www.magneto365.com/co/empleos/programador-de-flota-33303-886852
2026-05-08 13:29:10 | INFO | Oferta duplicada omitida: https://www.magneto365.com/co/empleos/instrumentador-quirurgico-888639
2026-05-08 13:29:10 | INFO | Oferta duplicada omitida: https://www.magneto365.com/co/empleos/analista-de-programacion-de-turnos-en-empresas-de-seguridad-881373
2026-05-08 13:29:10 | INFO | Oferta duplicada omitida: https://www.magneto365.com/co/empleos/integracion-automatizacion-control-ensamble-832860
2026-05-08 13:29:10 | INFO | Oferta duplicada omitida: https://www.magneto365.com/co/empleos/lider-de-planeacion-y-programacion-de-produccion-colombia-894342
2026-05-08 13:29:10 | INFO | Resumen ciclo | revisadas=80 | aplicadas=0 | errores=0 | omitidas=80
2026-05-08 13:29:10 | INFO | Esperando 180 segundos para el siguiente ciclo.
2026-05-08 13:40:13 | INFO | No hay sesion activa en Magneto. Abriendo inicio de sesion.
2026-05-08 13:40:25 | INFO | No se encontro boton de Google. Esperando inicio manual.
2026-05-08 13:40:25 | INFO | Sesion iniciada correctamente.
2026-05-08 13:40:25 | INFO | Buscando en Magneto: https://www.magneto365.com/co/trabajos/buscar/full-stack-developer
2026-05-08 13:40:27 | INFO | Ofertas extraídas de Magneto: 7
2026-05-08 13:40:27 | INFO | Buscando en Magneto: https://www.magneto365.com/co/trabajos/buscar/fullstack-developer
2026-05-08 13:40:28 | INFO | Ofertas extraídas de Magneto: 6
2026-05-08 13:40:28 | INFO | Buscando en Magneto: https://www.magneto365.com/co/trabajos/buscar/frontend-developer
2026-05-08 13:40:29 | INFO | Ofertas extraídas de Magneto: 1
2026-05-08 13:40:29 | INFO | Buscando en Magneto: https://www.magneto365.com/co/trabajos/buscar/backend-developer
2026-05-08 13:40:30 | INFO | Ofertas extraídas de Magneto: 4
2026-05-08 13:40:30 | INFO | Buscando en Magneto: https://www.magneto365.com/co/trabajos/buscar/react-developer
2026-05-08 13:40:32 | INFO | Ofertas extraídas de Magneto: 6
2026-05-08 13:40:32 | INFO | Buscando en Magneto: https://www.magneto365.com/co/trabajos/buscar/react-native
2026-05-08 13:40:33 | INFO | Ofertas extraídas de Magneto: 3
2026-05-08 13:40:33 | INFO | Buscando en Magneto: https://www.magneto365.com/co/trabajos/buscar/node-js-developer
2026-05-08 13:40:54 | INFO | No se encontraron resultados visibles en la búsqueda actual.
2026-05-08 13:40:54 | INFO | Ofertas extraídas de Magneto: 0
2026-05-08 13:40:54 | INFO | Busqueda por URL sin resultados. Usando pagina de ciudad para: Node.js Developer
2026-05-08 13:40:56 | INFO | Ofertas extraídas de Magneto: 0
2026-05-08 13:40:56 | INFO | Buscando en Magneto: https://www.magneto365.com/co/trabajos/buscar/javascript-developer
2026-05-08 13:40:57 | INFO | Ofertas extraídas de Magneto: 6
2026-05-08 13:40:57 | INFO | Buscando en Magneto: https://www.magneto365.com/co/trabajos/buscar/typescript-developer
2026-05-08 13:41:18 | INFO | No se encontraron resultados visibles en la búsqueda actual.
2026-05-08 13:41:18 | INFO | Ofertas extraídas de Magneto: 0
2026-05-08 13:41:18 | INFO | Busqueda por URL sin resultados. Usando pagina de ciudad para: TypeScript Developer
2026-05-08 13:41:19 | INFO | Ofertas extraídas de Magneto: 0
2026-05-08 13:41:19 | INFO | Buscando en Magneto: https://www.magneto365.com/co/trabajos/buscar/software-engineer
2026-05-08 13:41:21 | INFO | Ofertas extraídas de Magneto: 6
2026-05-08 13:41:21 | INFO | Buscando en Magneto: https://www.magneto365.com/co/trabajos/buscar/desarrollador-fullstack
2026-05-08 13:41:22 | INFO | Ofertas extraídas de Magneto: 12
2026-05-08 13:41:22 | INFO | Buscando en Magneto: https://www.magneto365.com/co/trabajos/buscar/desarrollador-frontend
2026-05-08 13:41:23 | INFO | Ofertas extraídas de Magneto: 5
2026-05-08 13:41:23 | INFO | Buscando en Magneto: https://www.magneto365.com/co/trabajos/buscar/desarrollador-backend
2026-05-08 13:41:24 | INFO | Ofertas extraídas de Magneto: 10
2026-05-08 13:41:24 | INFO | Buscando en Magneto: https://www.magneto365.com/co/trabajos/buscar/desarrollador-react
2026-05-08 13:41:26 | INFO | Ofertas extraídas de Magneto: 13
2026-05-08 13:41:26 | INFO | Buscando en Magneto: https://www.magneto365.com/co/trabajos/buscar/desarrollador-javascript
2026-05-08 13:41:27 | INFO | Ofertas extraídas de Magneto: 11
2026-05-08 13:41:27 | INFO | Buscando en Magneto: https://www.magneto365.com/co/trabajos/buscar/desarrollador-typescript
2026-05-08 13:41:28 | INFO | Ofertas extraídas de Magneto: 1
2026-05-08 13:41:28 | INFO | Buscando en Magneto: https://www.magneto365.com/co/trabajos/buscar/desarrollador-node
2026-05-08 13:41:29 | INFO | Ofertas extraídas de Magneto: 2
2026-05-08 13:41:29 | INFO | Buscando en Magneto: https://www.magneto365.com/co/trabajos/buscar/ingeniero-software
2026-05-08 13:41:30 | INFO | Ofertas extraídas de Magneto: 17
2026-05-08 13:41:30 | INFO | Buscando en Magneto: https://www.magneto365.com/co/trabajos/buscar/analista-desarrollo
2026-05-08 13:41:31 | INFO | Ofertas extraídas de Magneto: 12
2026-05-08 13:41:31 | INFO | Buscando en Magneto: https://www.magneto365.com/co/trabajos/buscar/desarrollador-software
2026-05-08 13:41:33 | INFO | Ofertas extraídas de Magneto: 19
2026-05-08 13:41:33 | INFO | Buscando en Magneto: https://www.magneto365.com/co/trabajos/buscar/programador
2026-05-08 13:41:34 | INFO | Ofertas extraídas de Magneto: 17
2026-05-08 13:41:34 | INFO | Oferta duplicada omitida: https://www.magneto365.com/co/empleos/full-stack-developer-1626494698-9-912135
2026-05-08 13:41:34 | INFO | Oferta duplicada omitida: https://www.magneto365.com/co/empleos/desarrollador-full-stack-895702
2026-05-08 13:41:34 | INFO | Oferta duplicada omitida: https://www.magneto365.com/co/empleos/desarrollador-full-896787
2026-05-08 13:41:34 | INFO | Oferta duplicada omitida: https://www.magneto365.com/co/empleos/desarrollador-fullstack-javascriptnode-js-colombia-906260
2026-05-08 13:41:34 | INFO | Oferta duplicada omitida: https://www.magneto365.com/co/empleos/desarrollador-de-software-con-enfoque-en-inteligencia-artificial-899657
2026-05-08 13:41:34 | INFO | Oferta duplicada omitida: https://www.magneto365.com/co/empleos/desarrollador-de-software-ia-javascript-react-bucaramanga-913803
2026-05-08 13:41:34 | INFO | Oferta duplicada omitida: https://www.magneto365.com/co/empleos/desarrollador-python-bogota-909596
2026-05-08 13:41:34 | INFO | Oferta duplicada omitida: https://www.magneto365.com/co/empleos/desarrolladora-fullstack-896069
2026-05-08 13:41:34 | INFO | Oferta duplicada omitida: https://www.magneto365.com/co/empleos/desarrollador-fullstack-884799
2026-05-08 13:41:34 | INFO | Oferta duplicada omitida: https://www.magneto365.com/co/empleos/ingeniero-fullstack-senior-net-flutter-angular-teletrabajo-en-colombia-882683
2026-05-08 13:41:34 | INFO | Oferta duplicada omitida: https://www.magneto365.com/co/empleos/desarrollador-fullstack-senior-net-react-teletrabajo-colombia-889531
2026-05-08 13:41:34 | INFO | Oferta duplicada omitida: https://www.magneto365.com/co/empleos/desarrollador-fullstack-medellin-846369
2026-05-08 13:41:34 | INFO | Oferta duplicada omitida: https://www.magneto365.com/co/empleos/desarrollador-backend-senior-python-897964
2026-05-08 13:41:34 | INFO | Oferta duplicada omitida: https://www.magneto365.com/co/empleos/desarrollador-a-mobile-react-native-bogota-913246
2026-05-08 13:41:34 | INFO | Oferta duplicada omitida: https://www.magneto365.com/co/empleos/analista-tecnico-senior-bilingue-b2c1-java-react-react-native-remoto-bogota-887625
2026-05-08 13:41:34 | INFO | Oferta duplicada omitida: https://www.magneto365.com/co/empleos/desarrollador-senior-full-stack-bilingue-java-react-remoto-bogota-892791
2026-05-08 13:41:34 | INFO | Oferta duplicada omitida: https://www.magneto365.com/co/empleos/desarrollador-de-software-909610
2026-05-08 13:41:34 | INFO | Oferta duplicada omitida: https://www.magneto365.com/co/empleos/senior-data-engineer-1626494698-8-892405
2026-05-08 13:41:34 | INFO | Oferta duplicada omitida: https://www.magneto365.com/co/empleos/ingeniero-devops-mid-junior-899771
2026-05-08 13:41:34 | INFO | Oferta duplicada omitida: https://www.magneto365.com/co/empleos/analista-qa-882273
2026-05-08 13:41:34 | INFO | Oferta duplicada omitida: https://www.magneto365.com/co/empleos/desarrollador-fullstack-senior-hibrido-en-cali-895467
2026-05-08 13:41:34 | INFO | Oferta duplicada omitida: https://www.magneto365.com/co/empleos/desarrollador-fullstack-en-hidrocarburos-python-java-891227
2026-05-08 13:41:34 | INFO | Oferta duplicada omitida: https://www.magneto365.com/co/empleos/desarrollador-fullstack-senior-hibrido-en-cali-848809
2026-05-08 13:41:34 | INFO | Oferta duplicada omitida: https://www.magneto365.com/co/empleos/desarrollador-fullstack-senior-829393
2026-05-08 13:41:34 | INFO | Oferta duplicada omitida: https://www.magneto365.com/co/empleos/desarrollador-php-freelance-884817
2026-05-08 13:41:34 | INFO | Oferta duplicada omitida: https://www.magneto365.com/co/empleos/desarrollador-a-de-software-891058
2026-05-08 13:41:34 | INFO | Oferta duplicada omitida: https://www.magneto365.com/co/empleos/desarrollador-frontend-y-gestion-de-contenido-medellin-884727
2026-05-08 13:41:34 | INFO | Oferta duplicada omitida: https://www.magneto365.com/co/empleos/desarrollador-frontend-webmaster-847312
2026-05-08 13:41:34 | INFO | Oferta duplicada omitida: https://www.magneto365.com/co/empleos/senior-frontend-engineer-907809
2026-05-08 13:41:34 | INFO | Oferta duplicada omitida: https://www.magneto365.com/co/empleos/desarrollador-front-end-ecommerce-897233
2026-05-08 13:41:34 | INFO | Oferta duplicada omitida: https://www.magneto365.com/co/empleos/desarrollador-backend-912569
2026-05-08 13:41:34 | INFO | Oferta duplicada omitida: https://www.magneto365.com/co/empleos/desarrollador-backend-oracle-plsql-hxgn-eam-galapa-907640
2026-05-08 13:41:34 | INFO | Oferta duplicada omitida: https://www.magneto365.com/co/empleos/desarrollador-backend-884791
2026-05-08 13:41:34 | INFO | Oferta duplicada omitida: https://www.magneto365.com/co/empleos/desarrollador-senior-java-spring-boot-y-python-remoto-colombia-899477
2026-05-08 13:41:34 | INFO | Oferta duplicada omitida: https://www.magneto365.com/co/empleos/desarrollador-full-stack-895178
2026-05-08 13:41:34 | INFO | Oferta duplicada omitida: https://www.magneto365.com/co/empleos/especialista-i-desarrollador-pco-886336
2026-05-08 13:41:34 | INFO | Oferta duplicada omitida: https://www.magneto365.com/co/empleos/desarrollador-full-stack-python-react-ia-cali-908099
2026-05-08 13:41:34 | INFO | Oferta duplicada omitida: https://www.magneto365.com/co/empleos/desarrollador-senior-full-stack-909405
2026-05-08 13:41:34 | INFO | Oferta duplicada omitida: https://www.magneto365.com/co/empleos/desarrolladorprogramador-bi-financiera-888680
2026-05-08 13:41:34 | INFO | Oferta duplicada omitida: https://www.magneto365.com/co/empleos/desarrollador-especialista-de-software-medellin-843102
2026-05-08 13:41:34 | INFO | Oferta duplicada omitida: https://www.magneto365.com/co/empleos/desarrollador-de-software-835075
2026-05-08 13:41:34 | INFO | Oferta duplicada omitida: https://www.magneto365.com/co/empleos/ingeniero-a-tecnologia-talento-que-transforma-913134
2026-05-08 13:41:34 | INFO | Oferta duplicada omitida: https://www.magneto365.com/co/empleos/tester-qa-pruebas-de-software-hibrido-bogota-908108
2026-05-08 13:41:34 | INFO | Oferta duplicada omitida: https://www.magneto365.com/co/empleos/coordinadora-de-servicios-de-desarrollo-de-software-1626119083-2-900284
2026-05-08 13:41:34 | INFO | Oferta duplicada omitida: https://www.magneto365.com/co/empleos/arquitecto-de-software-899087
2026-05-08 13:41:34 | INFO | Oferta duplicada omitida: https://www.magneto365.com/co/empleos/lider-tecnico-desarrollo-software-java-888526
2026-05-08 13:41:34 | INFO | Oferta duplicada omitida: https://www.magneto365.com/co/empleos/arquitecto-de-software-para-transformacion-digital-en-salud-y-contabilidad-886496
2026-05-08 13:41:34 | INFO | Oferta duplicada omitida: https://www.magneto365.com/co/empleos/arquitecto-de-software-822827
2026-05-08 13:41:34 | INFO | Oferta duplicada omitida: https://www.magneto365.com/co/empleos/practicante-sistemas-de-informacion-base-comercial-895470
2026-05-08 13:41:34 | INFO | Oferta duplicada omitida: https://www.magneto365.com/co/empleos/desarrollador-de-software-lider-microservicios-remoto-894672
2026-05-08 13:41:34 | INFO | Oferta duplicada omitida: https://www.magneto365.com/co/empleos/analista-tecnico-senior-desarrollo-de-software-bilingue-884537
2026-05-08 13:41:34 | INFO | Oferta duplicada omitida: https://www.magneto365.com/co/empleos/practicante-ingenieria-de-sistemas-desarrollo-y-soporte-ti-bogota-901179
2026-05-08 13:41:34 | INFO | Oferta duplicada omitida: https://www.magneto365.com/co/empleos/practicante-profesional-ingenieria-de-sistemas-medellin-899409
2026-05-08 13:41:34 | INFO | Oferta duplicada omitida: https://www.magneto365.com/co/empleos/practicante-chatbot-contratacion-y-colaboradores-whatsapp-895458
2026-05-08 13:41:34 | INFO | Oferta duplicada omitida: https://www.magneto365.com/co/empleos/analista-desarrollo-comercial-ii-bogota-899720
2026-05-08 13:41:34 | INFO | Oferta duplicada omitida: https://www.magneto365.com/co/empleos/analista-de-desarrollo-de-software-net-angular-sql-server-colombia-914543
2026-05-08 13:41:34 | INFO | Oferta duplicada omitida: https://www.magneto365.com/co/empleos/analista-de-ingenieria-desarrollo-de-producto-industrial-914466
2026-05-08 13:41:34 | INFO | Oferta duplicada omitida: https://www.magneto365.com/co/empleos/analista-de-desarrollo-logistico-908067
2026-05-08 13:41:34 | INFO | Oferta duplicada omitida: https://www.magneto365.com/co/empleos/analista-de-desarrollo-de-productos-industria-colombia-906038
2026-05-08 13:41:34 | INFO | Oferta duplicada omitida: https://www.magneto365.com/co/empleos/analista-de-desarrollo-905172
2026-05-08 13:41:34 | INFO | Oferta duplicada omitida: https://www.magneto365.com/co/empleos/analista-de-formacion-y-desarrollo-de-talento-905159
2026-05-08 13:41:34 | INFO | Oferta duplicada omitida: https://www.magneto365.com/co/empleos/analista-de-cultura-y-desarrollo-temporal-por-licencia-de-maternidad-901840
2026-05-08 13:41:34 | INFO | Oferta duplicada omitida: https://www.magneto365.com/co/empleos/analista-de-automatizacion-y-desarrollo-termino-fijo-900710
2026-05-08 13:41:34 | INFO | Oferta duplicada omitida: https://www.magneto365.com/co/empleos/analista-de-desarrollo-de-software-1626071855-68-897977
2026-05-08 13:41:34 | INFO | Oferta duplicada omitida: https://www.magneto365.com/co/empleos/analista-de-desarrollo-humano-897395
2026-05-08 13:41:34 | INFO | Oferta duplicada omitida: https://www.magneto365.com/co/empleos/analista-de-atraccion-cultura-y-desarrollo-1626073720-39-887030
2026-05-08 13:41:34 | INFO | Oferta duplicada omitida: https://www.magneto365.com/co/empleos/desarrolladora-de-software-1626142096-3-908837
2026-05-08 13:41:34 | INFO | Oferta duplicada omitida: https://www.magneto365.com/co/empleos/ceid-desarrolladora-de-software-senior-rpa-905848
2026-05-08 13:41:34 | INFO | Oferta duplicada omitida: https://www.magneto365.com/co/empleos/desarrolladora-de-software-qa-1626436242-51-906064
2026-05-08 13:41:34 | INFO | Oferta duplicada omitida: https://www.magneto365.com/co/empleos/ceid-desarrollador-de-software-semisenior-1626492604-5-891596
2026-05-08 13:41:34 | INFO | Oferta duplicada omitida: https://www.magneto365.com/co/empleos/desarrollador-de-negocios-bogota-910216
2026-05-08 13:41:34 | INFO | Oferta duplicada omitida: https://www.magneto365.com/co/empleos/desarrollador-mid-level-sprint-contributor-902838
2026-05-08 13:41:34 | INFO | Oferta duplicada omitida: https://www.magneto365.com/co/empleos/desarrolladora-fronted-1626040293-334-896881
2026-05-08 13:41:34 | INFO | Oferta duplicada omitida: https://www.magneto365.com/co/empleos/programador-de-publicidad-digital-893246
2026-05-08 13:41:34 | INFO | Oferta duplicada omitida: https://www.magneto365.com/co/empleos/programador-tornero-cnc-puente-aranda-891925
2026-05-08 13:41:34 | INFO | Oferta duplicada omitida: https://www.magneto365.com/co/empleos/programador-de-flota-33303-886852
2026-05-08 13:41:34 | INFO | Oferta duplicada omitida: https://www.magneto365.com/co/empleos/instrumentador-quirurgico-888639
2026-05-08 13:41:34 | INFO | Oferta duplicada omitida: https://www.magneto365.com/co/empleos/analista-de-programacion-de-turnos-en-empresas-de-seguridad-881373
2026-05-08 13:41:34 | INFO | Oferta duplicada omitida: https://www.magneto365.com/co/empleos/integracion-automatizacion-control-ensamble-832860
2026-05-08 13:41:34 | INFO | Oferta duplicada omitida: https://www.magneto365.com/co/empleos/lider-de-planeacion-y-programacion-de-produccion-colombia-894342
2026-05-08 13:41:34 | INFO | Resumen ciclo | revisadas=80 | aplicadas=0 | errores=0 | omitidas=80
2026-05-08 13:41:34 | INFO | Esperando 180 segundos para el siguiente ciclo.
2026-05-08 13:44:34 | INFO | Buscando en Magneto: https://www.magneto365.com/co/trabajos/buscar/full-stack-developer
2026-05-08 13:44:35 | INFO | Ofertas extraídas de Magneto: 7
2026-05-08 13:44:35 | INFO | Buscando en Magneto: https://www.magneto365.com/co/trabajos/buscar/fullstack-developer
2026-05-08 13:44:36 | INFO | Ofertas extraídas de Magneto: 6
2026-05-08 13:44:36 | INFO | Buscando en Magneto: https://www.magneto365.com/co/trabajos/buscar/frontend-developer
2026-05-08 13:44:37 | INFO | Ofertas extraídas de Magneto: 1
2026-05-08 13:44:37 | INFO | Buscando en Magneto: https://www.magneto365.com/co/trabajos/buscar/backend-developer
2026-05-08 13:44:38 | INFO | Ofertas extraídas de Magneto: 4
2026-05-08 13:44:38 | INFO | Buscando en Magneto: https://www.magneto365.com/co/trabajos/buscar/react-developer
2026-05-08 13:44:39 | INFO | Ofertas extraídas de Magneto: 6
2026-05-08 13:44:39 | INFO | Buscando en Magneto: https://www.magneto365.com/co/trabajos/buscar/react-native
2026-05-08 13:44:40 | INFO | Ofertas extraídas de Magneto: 3
2026-05-08 13:44:40 | INFO | Buscando en Magneto: https://www.magneto365.com/co/trabajos/buscar/node-js-developer
2026-05-08 13:45:01 | INFO | No se encontraron resultados visibles en la búsqueda actual.
2026-05-08 13:45:01 | INFO | Ofertas extraídas de Magneto: 0
2026-05-08 13:45:01 | INFO | Busqueda por URL sin resultados. Usando pagina de ciudad para: Node.js Developer
2026-05-08 13:45:03 | INFO | Ofertas extraídas de Magneto: 0
2026-05-08 13:45:03 | INFO | Buscando en Magneto: https://www.magneto365.com/co/trabajos/buscar/javascript-developer
2026-05-08 13:45:04 | INFO | Ofertas extraídas de Magneto: 6
2026-05-08 13:45:04 | INFO | Buscando en Magneto: https://www.magneto365.com/co/trabajos/buscar/typescript-developer
2026-05-08 13:45:25 | INFO | No se encontraron resultados visibles en la búsqueda actual.
2026-05-08 13:45:25 | INFO | Ofertas extraídas de Magneto: 0
2026-05-08 13:45:25 | INFO | Busqueda por URL sin resultados. Usando pagina de ciudad para: TypeScript Developer
2026-05-08 13:45:27 | INFO | Ofertas extraídas de Magneto: 0
2026-05-08 13:45:27 | INFO | Buscando en Magneto: https://www.magneto365.com/co/trabajos/buscar/software-engineer
2026-05-08 13:45:28 | INFO | Ofertas extraídas de Magneto: 6
2026-05-08 13:45:28 | INFO | Buscando en Magneto: https://www.magneto365.com/co/trabajos/buscar/desarrollador-fullstack
2026-05-08 13:45:29 | INFO | Ofertas extraídas de Magneto: 12
2026-05-08 13:45:29 | INFO | Buscando en Magneto: https://www.magneto365.com/co/trabajos/buscar/desarrollador-frontend
2026-05-08 13:45:30 | INFO | Ofertas extraídas de Magneto: 5
2026-05-08 13:45:30 | INFO | Buscando en Magneto: https://www.magneto365.com/co/trabajos/buscar/desarrollador-backend
2026-05-08 13:45:31 | INFO | Ofertas extraídas de Magneto: 10
2026-05-08 13:45:31 | INFO | Buscando en Magneto: https://www.magneto365.com/co/trabajos/buscar/desarrollador-react
2026-05-08 13:45:32 | INFO | Ofertas extraídas de Magneto: 13
2026-05-08 13:45:32 | INFO | Buscando en Magneto: https://www.magneto365.com/co/trabajos/buscar/desarrollador-javascript
2026-05-08 13:45:33 | INFO | Ofertas extraídas de Magneto: 11
2026-05-08 13:45:33 | INFO | Buscando en Magneto: https://www.magneto365.com/co/trabajos/buscar/desarrollador-typescript
2026-05-08 13:45:34 | INFO | Ofertas extraídas de Magneto: 1
2026-05-08 13:45:34 | INFO | Buscando en Magneto: https://www.magneto365.com/co/trabajos/buscar/desarrollador-node
2026-05-08 13:45:35 | INFO | Ofertas extraídas de Magneto: 2
2026-05-08 13:45:35 | INFO | Buscando en Magneto: https://www.magneto365.com/co/trabajos/buscar/ingeniero-software
2026-05-08 13:45:36 | INFO | Ofertas extraídas de Magneto: 17
2026-05-08 13:45:36 | INFO | Buscando en Magneto: https://www.magneto365.com/co/trabajos/buscar/analista-desarrollo
2026-05-08 13:45:39 | INFO | Ofertas extraídas de Magneto: 12
2026-05-08 13:45:39 | INFO | Buscando en Magneto: https://www.magneto365.com/co/trabajos/buscar/desarrollador-software
2026-05-08 13:45:41 | INFO | Ofertas extraídas de Magneto: 19
2026-05-08 13:45:41 | INFO | Buscando en Magneto: https://www.magneto365.com/co/trabajos/buscar/programador
2026-05-08 13:45:42 | INFO | Ofertas extraídas de Magneto: 17
2026-05-08 13:45:42 | INFO | Oferta duplicada omitida: https://www.magneto365.com/co/empleos/full-stack-developer-1626494698-9-912135
2026-05-08 13:45:42 | INFO | Oferta duplicada omitida: https://www.magneto365.com/co/empleos/desarrollador-full-stack-895702
2026-05-08 13:45:42 | INFO | Oferta duplicada omitida: https://www.magneto365.com/co/empleos/desarrollador-full-896787
2026-05-08 13:45:42 | INFO | Oferta duplicada omitida: https://www.magneto365.com/co/empleos/desarrollador-fullstack-javascriptnode-js-colombia-906260
2026-05-08 13:45:42 | INFO | Oferta duplicada omitida: https://www.magneto365.com/co/empleos/desarrollador-de-software-con-enfoque-en-inteligencia-artificial-899657
2026-05-08 13:45:42 | INFO | Oferta duplicada omitida: https://www.magneto365.com/co/empleos/desarrollador-de-software-ia-javascript-react-bucaramanga-913803
2026-05-08 13:45:42 | INFO | Oferta duplicada omitida: https://www.magneto365.com/co/empleos/desarrollador-python-bogota-909596
2026-05-08 13:45:42 | INFO | Oferta duplicada omitida: https://www.magneto365.com/co/empleos/desarrolladora-fullstack-896069
2026-05-08 13:45:42 | INFO | Oferta duplicada omitida: https://www.magneto365.com/co/empleos/desarrollador-fullstack-884799
2026-05-08 13:45:42 | INFO | Oferta duplicada omitida: https://www.magneto365.com/co/empleos/ingeniero-fullstack-senior-net-flutter-angular-teletrabajo-en-colombia-882683
2026-05-08 13:45:42 | INFO | Oferta duplicada omitida: https://www.magneto365.com/co/empleos/desarrollador-fullstack-senior-net-react-teletrabajo-colombia-889531
2026-05-08 13:45:42 | INFO | Oferta duplicada omitida: https://www.magneto365.com/co/empleos/desarrollador-fullstack-medellin-846369
2026-05-08 13:45:42 | INFO | Oferta duplicada omitida: https://www.magneto365.com/co/empleos/desarrollador-backend-senior-python-897964
2026-05-08 13:45:42 | INFO | Oferta duplicada omitida: https://www.magneto365.com/co/empleos/desarrollador-a-mobile-react-native-bogota-913246
2026-05-08 13:45:42 | INFO | Oferta duplicada omitida: https://www.magneto365.com/co/empleos/analista-tecnico-senior-bilingue-b2c1-java-react-react-native-remoto-bogota-887625
2026-05-08 13:45:42 | INFO | Oferta duplicada omitida: https://www.magneto365.com/co/empleos/desarrollador-senior-full-stack-bilingue-java-react-remoto-bogota-892791
2026-05-08 13:45:42 | INFO | Oferta duplicada omitida: https://www.magneto365.com/co/empleos/desarrollador-de-software-909610
2026-05-08 13:45:42 | INFO | Oferta duplicada omitida: https://www.magneto365.com/co/empleos/senior-data-engineer-1626494698-8-892405
2026-05-08 13:45:42 | INFO | Oferta duplicada omitida: https://www.magneto365.com/co/empleos/ingeniero-devops-mid-junior-899771
2026-05-08 13:45:42 | INFO | Oferta duplicada omitida: https://www.magneto365.com/co/empleos/analista-qa-882273
2026-05-08 13:45:42 | INFO | Oferta duplicada omitida: https://www.magneto365.com/co/empleos/desarrollador-fullstack-senior-hibrido-en-cali-895467
2026-05-08 13:45:42 | INFO | Oferta duplicada omitida: https://www.magneto365.com/co/empleos/desarrollador-fullstack-en-hidrocarburos-python-java-891227
2026-05-08 13:45:42 | INFO | Oferta duplicada omitida: https://www.magneto365.com/co/empleos/desarrollador-fullstack-senior-hibrido-en-cali-848809
2026-05-08 13:45:42 | INFO | Oferta duplicada omitida: https://www.magneto365.com/co/empleos/desarrollador-fullstack-senior-829393
2026-05-08 13:45:42 | INFO | Oferta duplicada omitida: https://www.magneto365.com/co/empleos/desarrollador-php-freelance-884817
2026-05-08 13:45:42 | INFO | Oferta duplicada omitida: https://www.magneto365.com/co/empleos/desarrollador-a-de-software-891058
2026-05-08 13:45:42 | INFO | Oferta duplicada omitida: https://www.magneto365.com/co/empleos/desarrollador-frontend-y-gestion-de-contenido-medellin-884727
2026-05-08 13:45:42 | INFO | Oferta duplicada omitida: https://www.magneto365.com/co/empleos/desarrollador-frontend-webmaster-847312
2026-05-08 13:45:42 | INFO | Oferta duplicada omitida: https://www.magneto365.com/co/empleos/senior-frontend-engineer-907809
2026-05-08 13:45:42 | INFO | Oferta duplicada omitida: https://www.magneto365.com/co/empleos/desarrollador-front-end-ecommerce-897233
2026-05-08 13:45:42 | INFO | Oferta duplicada omitida: https://www.magneto365.com/co/empleos/desarrollador-backend-912569
2026-05-08 13:45:42 | INFO | Oferta duplicada omitida: https://www.magneto365.com/co/empleos/desarrollador-backend-oracle-plsql-hxgn-eam-galapa-907640
2026-05-08 13:45:42 | INFO | Oferta duplicada omitida: https://www.magneto365.com/co/empleos/desarrollador-backend-884791
2026-05-08 13:45:42 | INFO | Oferta duplicada omitida: https://www.magneto365.com/co/empleos/desarrollador-senior-java-spring-boot-y-python-remoto-colombia-899477
2026-05-08 13:45:42 | INFO | Oferta duplicada omitida: https://www.magneto365.com/co/empleos/desarrollador-full-stack-895178
2026-05-08 13:45:42 | INFO | Oferta duplicada omitida: https://www.magneto365.com/co/empleos/especialista-i-desarrollador-pco-886336
2026-05-08 13:45:42 | INFO | Oferta duplicada omitida: https://www.magneto365.com/co/empleos/desarrollador-full-stack-python-react-ia-cali-908099
2026-05-08 13:45:42 | INFO | Oferta duplicada omitida: https://www.magneto365.com/co/empleos/desarrollador-senior-full-stack-909405
2026-05-08 13:45:42 | INFO | Oferta duplicada omitida: https://www.magneto365.com/co/empleos/desarrolladorprogramador-bi-financiera-888680
2026-05-08 13:45:42 | INFO | Oferta duplicada omitida: https://www.magneto365.com/co/empleos/desarrollador-especialista-de-software-medellin-843102
2026-05-08 13:45:42 | INFO | Oferta duplicada omitida: https://www.magneto365.com/co/empleos/desarrollador-de-software-835075
2026-05-08 13:45:42 | INFO | Oferta duplicada omitida: https://www.magneto365.com/co/empleos/ingeniero-a-tecnologia-talento-que-transforma-913134
2026-05-08 13:45:42 | INFO | Oferta duplicada omitida: https://www.magneto365.com/co/empleos/tester-qa-pruebas-de-software-hibrido-bogota-908108
2026-05-08 13:45:42 | INFO | Oferta duplicada omitida: https://www.magneto365.com/co/empleos/coordinadora-de-servicios-de-desarrollo-de-software-1626119083-2-900284
2026-05-08 13:45:42 | INFO | Oferta duplicada omitida: https://www.magneto365.com/co/empleos/arquitecto-de-software-899087
2026-05-08 13:45:42 | INFO | Oferta duplicada omitida: https://www.magneto365.com/co/empleos/lider-tecnico-desarrollo-software-java-888526
2026-05-08 13:45:42 | INFO | Oferta duplicada omitida: https://www.magneto365.com/co/empleos/arquitecto-de-software-para-transformacion-digital-en-salud-y-contabilidad-886496
2026-05-08 13:45:42 | INFO | Oferta duplicada omitida: https://www.magneto365.com/co/empleos/arquitecto-de-software-822827
2026-05-08 13:45:42 | INFO | Oferta duplicada omitida: https://www.magneto365.com/co/empleos/practicante-sistemas-de-informacion-base-comercial-895470
2026-05-08 13:45:42 | INFO | Oferta duplicada omitida: https://www.magneto365.com/co/empleos/desarrollador-de-software-lider-microservicios-remoto-894672
2026-05-08 13:45:42 | INFO | Oferta duplicada omitida: https://www.magneto365.com/co/empleos/analista-tecnico-senior-desarrollo-de-software-bilingue-884537
2026-05-08 13:45:42 | INFO | Oferta duplicada omitida: https://www.magneto365.com/co/empleos/practicante-ingenieria-de-sistemas-desarrollo-y-soporte-ti-bogota-901179
2026-05-08 13:45:42 | INFO | Oferta duplicada omitida: https://www.magneto365.com/co/empleos/practicante-profesional-ingenieria-de-sistemas-medellin-899409
2026-05-08 13:45:42 | INFO | Oferta duplicada omitida: https://www.magneto365.com/co/empleos/practicante-chatbot-contratacion-y-colaboradores-whatsapp-895458
2026-05-08 13:45:42 | INFO | Oferta duplicada omitida: https://www.magneto365.com/co/empleos/analista-desarrollo-comercial-ii-bogota-899720
2026-05-08 13:45:42 | INFO | Oferta duplicada omitida: https://www.magneto365.com/co/empleos/analista-de-desarrollo-de-software-net-angular-sql-server-colombia-914543
2026-05-08 13:45:42 | INFO | Oferta duplicada omitida: https://www.magneto365.com/co/empleos/analista-de-ingenieria-desarrollo-de-producto-industrial-914466
2026-05-08 13:45:42 | INFO | Oferta duplicada omitida: https://www.magneto365.com/co/empleos/analista-de-desarrollo-logistico-908067
2026-05-08 13:45:42 | INFO | Oferta duplicada omitida: https://www.magneto365.com/co/empleos/analista-de-desarrollo-de-productos-industria-colombia-906038
2026-05-08 13:45:42 | INFO | Oferta duplicada omitida: https://www.magneto365.com/co/empleos/analista-de-desarrollo-905172
2026-05-08 13:45:42 | INFO | Oferta duplicada omitida: https://www.magneto365.com/co/empleos/analista-de-formacion-y-desarrollo-de-talento-905159
2026-05-08 13:45:42 | INFO | Oferta duplicada omitida: https://www.magneto365.com/co/empleos/analista-de-cultura-y-desarrollo-temporal-por-licencia-de-maternidad-901840
2026-05-08 13:45:42 | INFO | Oferta duplicada omitida: https://www.magneto365.com/co/empleos/analista-de-automatizacion-y-desarrollo-termino-fijo-900710
2026-05-08 13:45:42 | INFO | Oferta duplicada omitida: https://www.magneto365.com/co/empleos/analista-de-desarrollo-de-software-1626071855-68-897977
2026-05-08 13:45:42 | INFO | Oferta duplicada omitida: https://www.magneto365.com/co/empleos/analista-de-desarrollo-humano-897395
2026-05-08 13:45:42 | INFO | Oferta duplicada omitida: https://www.magneto365.com/co/empleos/analista-de-atraccion-cultura-y-desarrollo-1626073720-39-887030
2026-05-08 13:45:42 | INFO | Oferta duplicada omitida: https://www.magneto365.com/co/empleos/desarrolladora-de-software-1626142096-3-908837
2026-05-08 13:45:42 | INFO | Oferta duplicada omitida: https://www.magneto365.com/co/empleos/ceid-desarrolladora-de-software-senior-rpa-905848
2026-05-08 13:45:42 | INFO | Oferta duplicada omitida: https://www.magneto365.com/co/empleos/desarrolladora-de-software-qa-1626436242-51-906064
2026-05-08 13:45:42 | INFO | Oferta duplicada omitida: https://www.magneto365.com/co/empleos/ceid-desarrollador-de-software-semisenior-1626492604-5-891596
2026-05-08 13:45:42 | INFO | Oferta duplicada omitida: https://www.magneto365.com/co/empleos/desarrollador-de-negocios-bogota-910216
2026-05-08 13:45:42 | INFO | Oferta duplicada omitida: https://www.magneto365.com/co/empleos/desarrollador-mid-level-sprint-contributor-902838
2026-05-08 13:45:42 | INFO | Oferta duplicada omitida: https://www.magneto365.com/co/empleos/desarrolladora-fronted-1626040293-334-896881
2026-05-08 13:45:42 | INFO | Oferta duplicada omitida: https://www.magneto365.com/co/empleos/programador-de-publicidad-digital-893246
2026-05-08 13:45:42 | INFO | Oferta duplicada omitida: https://www.magneto365.com/co/empleos/programador-tornero-cnc-puente-aranda-891925
2026-05-08 13:45:42 | INFO | Oferta duplicada omitida: https://www.magneto365.com/co/empleos/programador-de-flota-33303-886852
2026-05-08 13:45:42 | INFO | Oferta duplicada omitida: https://www.magneto365.com/co/empleos/instrumentador-quirurgico-888639
2026-05-08 13:45:42 | INFO | Oferta duplicada omitida: https://www.magneto365.com/co/empleos/analista-de-programacion-de-turnos-en-empresas-de-seguridad-881373
2026-05-08 13:45:42 | INFO | Oferta duplicada omitida: https://www.magneto365.com/co/empleos/integracion-automatizacion-control-ensamble-832860
2026-05-08 13:45:42 | INFO | Oferta duplicada omitida: https://www.magneto365.com/co/empleos/lider-de-planeacion-y-programacion-de-produccion-colombia-894342
2026-05-08 13:45:42 | INFO | Resumen ciclo | revisadas=80 | aplicadas=0 | errores=0 | omitidas=80
2026-05-08 13:45:42 | INFO | Esperando 180 segundos para el siguiente ciclo.
2026-05-08 13:48:42 | INFO | Buscando en Magneto: https://www.magneto365.com/co/trabajos/buscar/full-stack-developer
2026-05-08 13:50:00 | INFO | No hay sesion activa en Magneto. Abriendo inicio de sesion.
2026-05-08 13:50:11 | INFO | No se encontro boton de Google. Esperando inicio manual.
2026-05-08 13:50:11 | INFO | Sesion iniciada correctamente.
2026-05-08 13:50:11 | INFO | Buscando en Magneto: https://www.magneto365.com/co/trabajos/buscar/full-stack-developer
2026-05-08 13:50:13 | INFO | Ofertas extraídas de Magneto: 7
2026-05-08 13:50:13 | INFO | Buscando en Magneto: https://www.magneto365.com/co/trabajos/buscar/fullstack-developer
2026-05-08 13:50:14 | INFO | Ofertas extraídas de Magneto: 6
2026-05-08 13:50:14 | INFO | Buscando en Magneto: https://www.magneto365.com/co/trabajos/buscar/frontend-developer
2026-05-08 13:50:15 | INFO | Ofertas extraídas de Magneto: 1
2026-05-08 13:50:15 | INFO | Buscando en Magneto: https://www.magneto365.com/co/trabajos/buscar/backend-developer
2026-05-08 13:50:16 | INFO | Ofertas extraídas de Magneto: 4
2026-05-08 13:50:16 | INFO | Buscando en Magneto: https://www.magneto365.com/co/trabajos/buscar/react-developer
2026-05-08 13:50:17 | INFO | Ofertas extraídas de Magneto: 6
2026-05-08 13:50:17 | INFO | Buscando en Magneto: https://www.magneto365.com/co/trabajos/buscar/react-native
2026-05-08 13:50:18 | INFO | Ofertas extraídas de Magneto: 3
2026-05-08 13:50:18 | INFO | Buscando en Magneto: https://www.magneto365.com/co/trabajos/buscar/node-js-developer
2026-05-08 13:50:39 | INFO | No se encontraron resultados visibles en la búsqueda actual.
2026-05-08 13:50:39 | INFO | Ofertas extraídas de Magneto: 0
2026-05-08 13:50:39 | INFO | Busqueda por URL sin resultados. Usando pagina de ciudad para: Node.js Developer
2026-05-08 13:50:41 | INFO | Ofertas extraídas de Magneto: 0
2026-05-08 13:50:41 | INFO | Buscando en Magneto: https://www.magneto365.com/co/trabajos/buscar/javascript-developer
2026-05-08 13:50:42 | INFO | Ofertas extraídas de Magneto: 6
2026-05-08 13:50:42 | INFO | Buscando en Magneto: https://www.magneto365.com/co/trabajos/buscar/typescript-developer
2026-05-08 13:51:03 | INFO | No se encontraron resultados visibles en la búsqueda actual.
2026-05-08 13:51:03 | INFO | Ofertas extraídas de Magneto: 0
2026-05-08 13:51:03 | INFO | Busqueda por URL sin resultados. Usando pagina de ciudad para: TypeScript Developer
2026-05-08 13:51:04 | INFO | Ofertas extraídas de Magneto: 0
2026-05-08 13:51:04 | INFO | Buscando en Magneto: https://www.magneto365.com/co/trabajos/buscar/software-engineer
2026-05-08 13:51:05 | INFO | Ofertas extraídas de Magneto: 6
2026-05-08 13:51:05 | INFO | Buscando en Magneto: https://www.magneto365.com/co/trabajos/buscar/desarrollador-fullstack
2026-05-08 13:51:06 | INFO | Ofertas extraídas de Magneto: 12
2026-05-08 13:51:06 | INFO | Buscando en Magneto: https://www.magneto365.com/co/trabajos/buscar/desarrollador-frontend
2026-05-08 13:51:07 | INFO | Ofertas extraídas de Magneto: 5
2026-05-08 13:51:07 | INFO | Buscando en Magneto: https://www.magneto365.com/co/trabajos/buscar/desarrollador-backend
2026-05-08 13:51:09 | INFO | Ofertas extraídas de Magneto: 10
2026-05-08 13:51:09 | INFO | Buscando en Magneto: https://www.magneto365.com/co/trabajos/buscar/desarrollador-react
2026-05-08 13:51:10 | INFO | Ofertas extraídas de Magneto: 13
2026-05-08 13:51:10 | INFO | Buscando en Magneto: https://www.magneto365.com/co/trabajos/buscar/desarrollador-javascript
2026-05-08 13:51:11 | INFO | Ofertas extraídas de Magneto: 11
2026-05-08 13:51:11 | INFO | Buscando en Magneto: https://www.magneto365.com/co/trabajos/buscar/desarrollador-typescript
2026-05-08 13:51:12 | INFO | Ofertas extraídas de Magneto: 1
2026-05-08 13:51:12 | INFO | Buscando en Magneto: https://www.magneto365.com/co/trabajos/buscar/desarrollador-node
2026-05-08 13:51:13 | INFO | Ofertas extraídas de Magneto: 2
2026-05-08 13:51:13 | INFO | Buscando en Magneto: https://www.magneto365.com/co/trabajos/buscar/ingeniero-software
2026-05-08 13:51:15 | INFO | Ofertas extraídas de Magneto: 17
2026-05-08 13:51:15 | INFO | Buscando en Magneto: https://www.magneto365.com/co/trabajos/buscar/analista-desarrollo
2026-05-08 13:51:16 | INFO | Ofertas extraídas de Magneto: 12
2026-05-08 13:51:16 | INFO | Buscando en Magneto: https://www.magneto365.com/co/trabajos/buscar/desarrollador-software
2026-05-08 13:51:18 | INFO | Ofertas extraídas de Magneto: 19
2026-05-08 13:51:18 | INFO | Buscando en Magneto: https://www.magneto365.com/co/trabajos/buscar/programador
2026-05-08 13:51:19 | INFO | Ofertas extraídas de Magneto: 16
2026-05-08 13:51:19 | INFO | Oferta duplicada omitida: https://www.magneto365.com/co/empleos/full-stack-developer-1626494698-9-912135
2026-05-08 13:51:19 | INFO | Oferta duplicada omitida: https://www.magneto365.com/co/empleos/desarrollador-full-stack-895702
2026-05-08 13:51:19 | INFO | Oferta duplicada omitida: https://www.magneto365.com/co/empleos/desarrollador-full-896787
2026-05-08 13:51:19 | INFO | Oferta duplicada omitida: https://www.magneto365.com/co/empleos/desarrollador-fullstack-javascriptnode-js-colombia-906260
2026-05-08 13:51:19 | INFO | Oferta duplicada omitida: https://www.magneto365.com/co/empleos/desarrollador-de-software-con-enfoque-en-inteligencia-artificial-899657
2026-05-08 13:51:19 | INFO | Oferta duplicada omitida: https://www.magneto365.com/co/empleos/desarrollador-de-software-ia-javascript-react-bucaramanga-913803
2026-05-08 13:51:19 | INFO | Oferta duplicada omitida: https://www.magneto365.com/co/empleos/desarrollador-python-bogota-909596
2026-05-08 13:51:19 | INFO | Oferta duplicada omitida: https://www.magneto365.com/co/empleos/desarrolladora-fullstack-896069
2026-05-08 13:51:19 | INFO | Oferta duplicada omitida: https://www.magneto365.com/co/empleos/desarrollador-fullstack-884799
2026-05-08 13:51:19 | INFO | Oferta duplicada omitida: https://www.magneto365.com/co/empleos/ingeniero-fullstack-senior-net-flutter-angular-teletrabajo-en-colombia-882683
2026-05-08 13:51:19 | INFO | Oferta duplicada omitida: https://www.magneto365.com/co/empleos/desarrollador-fullstack-senior-net-react-teletrabajo-colombia-889531
2026-05-08 13:51:19 | INFO | Oferta duplicada omitida: https://www.magneto365.com/co/empleos/desarrollador-fullstack-medellin-846369
2026-05-08 13:51:19 | INFO | Oferta duplicada omitida: https://www.magneto365.com/co/empleos/desarrollador-backend-senior-python-897964
2026-05-08 13:51:19 | INFO | Oferta duplicada omitida: https://www.magneto365.com/co/empleos/desarrollador-a-mobile-react-native-bogota-913246
2026-05-08 13:51:19 | INFO | Oferta duplicada omitida: https://www.magneto365.com/co/empleos/analista-tecnico-senior-bilingue-b2c1-java-react-react-native-remoto-bogota-887625
2026-05-08 13:51:19 | INFO | Oferta duplicada omitida: https://www.magneto365.com/co/empleos/desarrollador-senior-full-stack-bilingue-java-react-remoto-bogota-892791
2026-05-08 13:51:19 | INFO | Oferta duplicada omitida: https://www.magneto365.com/co/empleos/desarrollador-de-software-909610
2026-05-08 13:51:19 | INFO | Oferta duplicada omitida: https://www.magneto365.com/co/empleos/senior-data-engineer-1626494698-8-892405
2026-05-08 13:51:19 | INFO | Oferta duplicada omitida: https://www.magneto365.com/co/empleos/ingeniero-devops-mid-junior-899771
2026-05-08 13:51:19 | INFO | Oferta duplicada omitida: https://www.magneto365.com/co/empleos/analista-qa-882273
2026-05-08 13:51:19 | INFO | Oferta duplicada omitida: https://www.magneto365.com/co/empleos/desarrollador-fullstack-senior-hibrido-en-cali-895467
2026-05-08 13:51:19 | INFO | Oferta duplicada omitida: https://www.magneto365.com/co/empleos/desarrollador-fullstack-en-hidrocarburos-python-java-891227
2026-05-08 13:51:19 | INFO | Oferta duplicada omitida: https://www.magneto365.com/co/empleos/desarrollador-fullstack-senior-hibrido-en-cali-848809
2026-05-08 13:51:19 | INFO | Oferta duplicada omitida: https://www.magneto365.com/co/empleos/desarrollador-fullstack-senior-829393
2026-05-08 13:51:19 | INFO | Oferta duplicada omitida: https://www.magneto365.com/co/empleos/desarrollador-php-freelance-884817
2026-05-08 13:51:19 | INFO | Oferta duplicada omitida: https://www.magneto365.com/co/empleos/desarrollador-a-de-software-891058
2026-05-08 13:51:19 | INFO | Oferta duplicada omitida: https://www.magneto365.com/co/empleos/desarrollador-frontend-y-gestion-de-contenido-medellin-884727
2026-05-08 13:51:19 | INFO | Oferta duplicada omitida: https://www.magneto365.com/co/empleos/desarrollador-frontend-webmaster-847312
2026-05-08 13:51:19 | INFO | Oferta duplicada omitida: https://www.magneto365.com/co/empleos/senior-frontend-engineer-907809
2026-05-08 13:51:19 | INFO | Oferta duplicada omitida: https://www.magneto365.com/co/empleos/desarrollador-front-end-ecommerce-897233
2026-05-08 13:51:19 | INFO | Oferta duplicada omitida: https://www.magneto365.com/co/empleos/desarrollador-backend-912569
2026-05-08 13:51:19 | INFO | Oferta duplicada omitida: https://www.magneto365.com/co/empleos/desarrollador-backend-oracle-plsql-hxgn-eam-galapa-907640
2026-05-08 13:51:19 | INFO | Oferta duplicada omitida: https://www.magneto365.com/co/empleos/desarrollador-backend-884791
2026-05-08 13:51:19 | INFO | Oferta duplicada omitida: https://www.magneto365.com/co/empleos/desarrollador-senior-java-spring-boot-y-python-remoto-colombia-899477
2026-05-08 13:51:19 | INFO | Oferta duplicada omitida: https://www.magneto365.com/co/empleos/desarrollador-full-stack-895178
2026-05-08 13:51:19 | INFO | Oferta duplicada omitida: https://www.magneto365.com/co/empleos/especialista-i-desarrollador-pco-886336
2026-05-08 13:51:19 | INFO | Oferta duplicada omitida: https://www.magneto365.com/co/empleos/desarrollador-full-stack-python-react-ia-cali-908099
2026-05-08 13:51:19 | INFO | Oferta duplicada omitida: https://www.magneto365.com/co/empleos/desarrollador-senior-full-stack-909405
2026-05-08 13:51:19 | INFO | Oferta duplicada omitida: https://www.magneto365.com/co/empleos/desarrolladorprogramador-bi-financiera-888680
2026-05-08 13:51:19 | INFO | Oferta duplicada omitida: https://www.magneto365.com/co/empleos/desarrollador-especialista-de-software-medellin-843102
2026-05-08 13:51:19 | INFO | Oferta duplicada omitida: https://www.magneto365.com/co/empleos/desarrollador-de-software-835075
2026-05-08 13:51:19 | INFO | Oferta duplicada omitida: https://www.magneto365.com/co/empleos/ingeniero-a-tecnologia-talento-que-transforma-913134
2026-05-08 13:51:19 | INFO | Oferta duplicada omitida: https://www.magneto365.com/co/empleos/tester-qa-pruebas-de-software-hibrido-bogota-908108
2026-05-08 13:51:19 | INFO | Oferta duplicada omitida: https://www.magneto365.com/co/empleos/coordinadora-de-servicios-de-desarrollo-de-software-1626119083-2-900284
2026-05-08 13:51:19 | INFO | Oferta duplicada omitida: https://www.magneto365.com/co/empleos/arquitecto-de-software-899087
2026-05-08 13:51:19 | INFO | Oferta duplicada omitida: https://www.magneto365.com/co/empleos/lider-tecnico-desarrollo-software-java-888526
2026-05-08 13:51:19 | INFO | Oferta duplicada omitida: https://www.magneto365.com/co/empleos/arquitecto-de-software-para-transformacion-digital-en-salud-y-contabilidad-886496
2026-05-08 13:51:19 | INFO | Oferta duplicada omitida: https://www.magneto365.com/co/empleos/arquitecto-de-software-822827
2026-05-08 13:51:19 | INFO | Oferta duplicada omitida: https://www.magneto365.com/co/empleos/practicante-sistemas-de-informacion-base-comercial-895470
2026-05-08 13:51:19 | INFO | Oferta duplicada omitida: https://www.magneto365.com/co/empleos/desarrollador-de-software-lider-microservicios-remoto-894672
2026-05-08 13:51:19 | INFO | Oferta duplicada omitida: https://www.magneto365.com/co/empleos/analista-tecnico-senior-desarrollo-de-software-bilingue-884537
2026-05-08 13:51:19 | INFO | Oferta duplicada omitida: https://www.magneto365.com/co/empleos/practicante-ingenieria-de-sistemas-desarrollo-y-soporte-ti-bogota-901179
2026-05-08 13:51:19 | INFO | Oferta duplicada omitida: https://www.magneto365.com/co/empleos/practicante-profesional-ingenieria-de-sistemas-medellin-899409
2026-05-08 13:51:19 | INFO | Oferta duplicada omitida: https://www.magneto365.com/co/empleos/practicante-chatbot-contratacion-y-colaboradores-whatsapp-895458
2026-05-08 13:51:19 | INFO | Oferta duplicada omitida: https://www.magneto365.com/co/empleos/analista-desarrollo-comercial-ii-bogota-899720
2026-05-08 13:51:19 | INFO | Oferta duplicada omitida: https://www.magneto365.com/co/empleos/analista-de-desarrollo-de-software-net-angular-sql-server-colombia-914543
2026-05-08 13:51:19 | INFO | Oferta duplicada omitida: https://www.magneto365.com/co/empleos/analista-de-ingenieria-desarrollo-de-producto-industrial-914466
2026-05-08 13:51:19 | INFO | Oferta duplicada omitida: https://www.magneto365.com/co/empleos/analista-de-desarrollo-logistico-908067
2026-05-08 13:51:19 | INFO | Oferta duplicada omitida: https://www.magneto365.com/co/empleos/analista-de-desarrollo-de-productos-industria-colombia-906038
2026-05-08 13:51:19 | INFO | Oferta duplicada omitida: https://www.magneto365.com/co/empleos/analista-de-desarrollo-905172
2026-05-08 13:51:19 | INFO | Oferta duplicada omitida: https://www.magneto365.com/co/empleos/analista-de-formacion-y-desarrollo-de-talento-905159
2026-05-08 13:51:19 | INFO | Oferta duplicada omitida: https://www.magneto365.com/co/empleos/analista-de-cultura-y-desarrollo-temporal-por-licencia-de-maternidad-901840
2026-05-08 13:51:19 | INFO | Oferta duplicada omitida: https://www.magneto365.com/co/empleos/analista-de-automatizacion-y-desarrollo-termino-fijo-900710
2026-05-08 13:51:19 | INFO | Oferta duplicada omitida: https://www.magneto365.com/co/empleos/analista-de-desarrollo-de-software-1626071855-68-897977
2026-05-08 13:51:19 | INFO | Oferta duplicada omitida: https://www.magneto365.com/co/empleos/analista-de-desarrollo-humano-897395
2026-05-08 13:51:19 | INFO | Oferta duplicada omitida: https://www.magneto365.com/co/empleos/analista-de-atraccion-cultura-y-desarrollo-1626073720-39-887030
2026-05-08 13:51:19 | INFO | Oferta duplicada omitida: https://www.magneto365.com/co/empleos/desarrolladora-de-software-1626142096-3-908837
2026-05-08 13:51:19 | INFO | Oferta duplicada omitida: https://www.magneto365.com/co/empleos/ceid-desarrolladora-de-software-senior-rpa-905848
2026-05-08 13:51:19 | INFO | Oferta duplicada omitida: https://www.magneto365.com/co/empleos/desarrolladora-de-software-qa-1626436242-51-906064
2026-05-08 13:51:19 | INFO | Oferta duplicada omitida: https://www.magneto365.com/co/empleos/ceid-desarrollador-de-software-semisenior-1626492604-5-891596
2026-05-08 13:51:19 | INFO | Oferta duplicada omitida: https://www.magneto365.com/co/empleos/desarrollador-de-negocios-bogota-910216
2026-05-08 13:51:19 | INFO | Oferta duplicada omitida: https://www.magneto365.com/co/empleos/desarrollador-mid-level-sprint-contributor-902838
2026-05-08 13:51:19 | INFO | Oferta duplicada omitida: https://www.magneto365.com/co/empleos/desarrolladora-fronted-1626040293-334-896881
2026-05-08 13:51:19 | INFO | Oferta duplicada omitida: https://www.magneto365.com/co/empleos/programador-de-publicidad-digital-893246
2026-05-08 13:51:19 | INFO | Oferta duplicada omitida: https://www.magneto365.com/co/empleos/programador-tornero-cnc-puente-aranda-891925
2026-05-08 13:51:19 | INFO | Oferta duplicada omitida: https://www.magneto365.com/co/empleos/programador-de-flota-33303-886852
2026-05-08 13:51:19 | INFO | Oferta duplicada omitida: https://www.magneto365.com/co/empleos/instrumentador-quirurgico-888639
2026-05-08 13:51:19 | INFO | Oferta duplicada omitida: https://www.magneto365.com/co/empleos/analista-de-programacion-de-turnos-en-empresas-de-seguridad-881373
2026-05-08 13:51:19 | INFO | Oferta duplicada omitida: https://www.magneto365.com/co/empleos/integracion-automatizacion-control-ensamble-832860
2026-05-08 13:51:19 | INFO | Oferta duplicada omitida: https://www.magneto365.com/co/empleos/lider-de-planeacion-y-programacion-de-produccion-colombia-894342
2026-05-08 13:51:19 | INFO | Resumen ciclo | revisadas=80 | aplicadas=0 | errores=0 | omitidas=80
2026-05-08 13:51:19 | INFO | Esperando 180 segundos para el siguiente ciclo.
2026-05-08 14:20:00 | INFO | No hay sesion activa en Magneto. Abriendo inicio de sesion.
2026-05-08 14:20:12 | INFO | No se encontro boton de Google. Esperando inicio manual.
2026-05-08 14:20:12 | INFO | Sesion iniciada correctamente.
2026-05-08 14:20:12 | INFO | Buscando en Magneto: https://www.magneto365.com/co/trabajos/buscar/full-stack-developer
2026-05-08 14:20:14 | INFO | Ofertas extraídas de Magneto: 7
2026-05-08 14:20:14 | INFO | Buscando en Magneto: https://www.magneto365.com/co/trabajos/buscar/fullstack-developer
2026-05-08 14:20:15 | INFO | Ofertas extraídas de Magneto: 6
2026-05-08 14:20:15 | INFO | Buscando en Magneto: https://www.magneto365.com/co/trabajos/buscar/frontend-developer
2026-05-08 14:20:16 | INFO | Ofertas extraídas de Magneto: 1
2026-05-08 14:20:16 | INFO | Buscando en Magneto: https://www.magneto365.com/co/trabajos/buscar/backend-developer
2026-05-08 14:20:19 | INFO | Ofertas extraídas de Magneto: 4
2026-05-08 14:20:19 | INFO | Buscando en Magneto: https://www.magneto365.com/co/trabajos/buscar/react-developer
2026-05-08 14:20:20 | INFO | Ofertas extraídas de Magneto: 6
2026-05-08 14:20:20 | INFO | Buscando en Magneto: https://www.magneto365.com/co/trabajos/buscar/react-native
2026-05-08 14:20:21 | INFO | Ofertas extraídas de Magneto: 3
2026-05-08 14:20:21 | INFO | Buscando en Magneto: https://www.magneto365.com/co/trabajos/buscar/node-js-developer
2026-05-08 14:20:42 | INFO | No se encontraron resultados visibles en la búsqueda actual.
2026-05-08 14:20:42 | INFO | Ofertas extraídas de Magneto: 0
2026-05-08 14:20:42 | INFO | Busqueda por URL sin resultados. Usando pagina de ciudad para: Node.js Developer
2026-05-08 14:20:44 | INFO | Ofertas extraídas de Magneto: 0
2026-05-08 14:20:44 | INFO | Buscando en Magneto: https://www.magneto365.com/co/trabajos/buscar/javascript-developer
2026-05-08 14:20:45 | INFO | Ofertas extraídas de Magneto: 6
2026-05-08 14:20:45 | INFO | Buscando en Magneto: https://www.magneto365.com/co/trabajos/buscar/typescript-developer
2026-05-08 14:21:06 | INFO | No se encontraron resultados visibles en la búsqueda actual.
2026-05-08 14:21:06 | INFO | Ofertas extraídas de Magneto: 0
2026-05-08 14:21:06 | INFO | Busqueda por URL sin resultados. Usando pagina de ciudad para: TypeScript Developer
2026-05-08 14:21:08 | INFO | Ofertas extraídas de Magneto: 0
2026-05-08 14:21:08 | INFO | Buscando en Magneto: https://www.magneto365.com/co/trabajos/buscar/software-engineer
2026-05-08 14:21:09 | INFO | Ofertas extraídas de Magneto: 6
2026-05-08 14:21:09 | INFO | Buscando en Magneto: https://www.magneto365.com/co/trabajos/buscar/desarrollador-fullstack
2026-05-08 14:21:10 | INFO | Ofertas extraídas de Magneto: 12
2026-05-08 14:21:10 | INFO | Buscando en Magneto: https://www.magneto365.com/co/trabajos/buscar/desarrollador-frontend
2026-05-08 14:21:11 | INFO | Ofertas extraídas de Magneto: 5
2026-05-08 14:21:11 | INFO | Buscando en Magneto: https://www.magneto365.com/co/trabajos/buscar/desarrollador-backend
2026-05-08 14:21:12 | INFO | Ofertas extraídas de Magneto: 10
2026-05-08 14:21:12 | INFO | Buscando en Magneto: https://www.magneto365.com/co/trabajos/buscar/desarrollador-react
2026-05-08 14:21:14 | INFO | Ofertas extraídas de Magneto: 13
2026-05-08 14:21:14 | INFO | Buscando en Magneto: https://www.magneto365.com/co/trabajos/buscar/desarrollador-javascript
2026-05-08 14:21:15 | INFO | Ofertas extraídas de Magneto: 11
2026-05-08 14:21:15 | INFO | Buscando en Magneto: https://www.magneto365.com/co/trabajos/buscar/desarrollador-typescript
2026-05-08 14:21:16 | INFO | Ofertas extraídas de Magneto: 1
2026-05-08 14:21:16 | INFO | Buscando en Magneto: https://www.magneto365.com/co/trabajos/buscar/desarrollador-node
2026-05-08 14:21:17 | INFO | Ofertas extraídas de Magneto: 2
2026-05-08 14:21:17 | INFO | Buscando en Magneto: https://www.magneto365.com/co/trabajos/buscar/ingeniero-software
2026-05-08 14:21:18 | INFO | Ofertas extraídas de Magneto: 17
2026-05-08 14:21:18 | INFO | Buscando en Magneto: https://www.magneto365.com/co/trabajos/buscar/analista-desarrollo
2026-05-08 14:21:20 | INFO | Ofertas extraídas de Magneto: 12
2026-05-08 14:21:20 | INFO | Buscando en Magneto: https://www.magneto365.com/co/trabajos/buscar/desarrollador-software
2026-05-08 14:21:21 | INFO | Ofertas extraídas de Magneto: 19
2026-05-08 14:21:21 | INFO | Buscando en Magneto: https://www.magneto365.com/co/trabajos/buscar/programador
2026-05-08 14:21:23 | INFO | Ofertas extraídas de Magneto: 17
2026-05-08 14:21:23 | INFO | Oferta duplicada omitida: https://www.magneto365.com/co/empleos/full-stack-developer-1626494698-9-912135
2026-05-08 14:21:23 | INFO | Oferta duplicada omitida: https://www.magneto365.com/co/empleos/desarrollador-full-stack-895702
2026-05-08 14:21:23 | INFO | Oferta duplicada omitida: https://www.magneto365.com/co/empleos/desarrollador-full-896787
2026-05-08 14:21:23 | INFO | Oferta duplicada omitida: https://www.magneto365.com/co/empleos/desarrollador-fullstack-javascriptnode-js-colombia-906260
2026-05-08 14:21:23 | INFO | Oferta duplicada omitida: https://www.magneto365.com/co/empleos/desarrollador-de-software-con-enfoque-en-inteligencia-artificial-899657
2026-05-08 14:21:23 | INFO | Oferta duplicada omitida: https://www.magneto365.com/co/empleos/desarrollador-de-software-ia-javascript-react-bucaramanga-913803
2026-05-08 14:21:23 | INFO | Oferta duplicada omitida: https://www.magneto365.com/co/empleos/desarrollador-python-bogota-909596
2026-05-08 14:21:23 | INFO | Oferta duplicada omitida: https://www.magneto365.com/co/empleos/desarrolladora-fullstack-896069
2026-05-08 14:21:23 | INFO | Oferta duplicada omitida: https://www.magneto365.com/co/empleos/desarrollador-fullstack-884799
2026-05-08 14:21:23 | INFO | Oferta duplicada omitida: https://www.magneto365.com/co/empleos/ingeniero-fullstack-senior-net-flutter-angular-teletrabajo-en-colombia-882683
2026-05-08 14:21:23 | INFO | Oferta duplicada omitida: https://www.magneto365.com/co/empleos/desarrollador-fullstack-senior-net-react-teletrabajo-colombia-889531
2026-05-08 14:21:23 | INFO | Oferta duplicada omitida: https://www.magneto365.com/co/empleos/desarrollador-fullstack-medellin-846369
2026-05-08 14:21:23 | INFO | Oferta duplicada omitida: https://www.magneto365.com/co/empleos/desarrollador-backend-senior-python-897964
2026-05-08 14:21:23 | INFO | Oferta duplicada omitida: https://www.magneto365.com/co/empleos/desarrollador-a-mobile-react-native-bogota-913246
2026-05-08 14:21:23 | INFO | Oferta duplicada omitida: https://www.magneto365.com/co/empleos/analista-tecnico-senior-bilingue-b2c1-java-react-react-native-remoto-bogota-887625
2026-05-08 14:21:23 | INFO | Oferta duplicada omitida: https://www.magneto365.com/co/empleos/desarrollador-senior-full-stack-bilingue-java-react-remoto-bogota-892791
2026-05-08 14:21:23 | INFO | Oferta duplicada omitida: https://www.magneto365.com/co/empleos/desarrollador-de-software-909610
2026-05-08 14:21:23 | INFO | Oferta duplicada omitida: https://www.magneto365.com/co/empleos/senior-data-engineer-1626494698-8-892405
2026-05-08 14:21:23 | INFO | Oferta duplicada omitida: https://www.magneto365.com/co/empleos/ingeniero-devops-mid-junior-899771
2026-05-08 14:21:23 | INFO | Oferta duplicada omitida: https://www.magneto365.com/co/empleos/analista-qa-882273
2026-05-08 14:21:23 | INFO | Oferta duplicada omitida: https://www.magneto365.com/co/empleos/desarrollador-fullstack-senior-hibrido-en-cali-895467
2026-05-08 14:21:23 | INFO | Oferta duplicada omitida: https://www.magneto365.com/co/empleos/desarrollador-fullstack-en-hidrocarburos-python-java-891227
2026-05-08 14:21:23 | INFO | Oferta duplicada omitida: https://www.magneto365.com/co/empleos/desarrollador-fullstack-senior-hibrido-en-cali-848809
2026-05-08 14:21:23 | INFO | Oferta duplicada omitida: https://www.magneto365.com/co/empleos/desarrollador-fullstack-senior-829393
2026-05-08 14:21:23 | INFO | Oferta duplicada omitida: https://www.magneto365.com/co/empleos/desarrollador-php-freelance-884817
2026-05-08 14:21:23 | INFO | Oferta duplicada omitida: https://www.magneto365.com/co/empleos/desarrollador-a-de-software-891058
2026-05-08 14:21:23 | INFO | Oferta duplicada omitida: https://www.magneto365.com/co/empleos/desarrollador-frontend-y-gestion-de-contenido-medellin-884727
2026-05-08 14:21:23 | INFO | Oferta duplicada omitida: https://www.magneto365.com/co/empleos/desarrollador-frontend-webmaster-847312
2026-05-08 14:21:23 | INFO | Oferta duplicada omitida: https://www.magneto365.com/co/empleos/senior-frontend-engineer-907809
2026-05-08 14:21:23 | INFO | Oferta duplicada omitida: https://www.magneto365.com/co/empleos/desarrollador-front-end-ecommerce-897233
2026-05-08 14:21:23 | INFO | Oferta duplicada omitida: https://www.magneto365.com/co/empleos/desarrollador-backend-912569
2026-05-08 14:21:23 | INFO | Oferta duplicada omitida: https://www.magneto365.com/co/empleos/desarrollador-backend-oracle-plsql-hxgn-eam-galapa-907640
2026-05-08 14:21:23 | INFO | Oferta duplicada omitida: https://www.magneto365.com/co/empleos/desarrollador-backend-884791
2026-05-08 14:21:23 | INFO | Oferta duplicada omitida: https://www.magneto365.com/co/empleos/desarrollador-senior-java-spring-boot-y-python-remoto-colombia-899477
2026-05-08 14:21:23 | INFO | Oferta duplicada omitida: https://www.magneto365.com/co/empleos/desarrollador-full-stack-895178
2026-05-08 14:21:23 | INFO | Oferta duplicada omitida: https://www.magneto365.com/co/empleos/especialista-i-desarrollador-pco-886336
2026-05-08 14:21:23 | INFO | Oferta duplicada omitida: https://www.magneto365.com/co/empleos/desarrollador-full-stack-python-react-ia-cali-908099
2026-05-08 14:21:23 | INFO | Oferta duplicada omitida: https://www.magneto365.com/co/empleos/desarrollador-senior-full-stack-909405
2026-05-08 14:21:23 | INFO | Oferta duplicada omitida: https://www.magneto365.com/co/empleos/desarrolladorprogramador-bi-financiera-888680
2026-05-08 14:21:23 | INFO | Oferta duplicada omitida: https://www.magneto365.com/co/empleos/desarrollador-especialista-de-software-medellin-843102
2026-05-08 14:21:23 | INFO | Oferta duplicada omitida: https://www.magneto365.com/co/empleos/desarrollador-de-software-835075
2026-05-08 14:21:23 | INFO | Oferta duplicada omitida: https://www.magneto365.com/co/empleos/ingeniero-a-tecnologia-talento-que-transforma-913134
2026-05-08 14:21:23 | INFO | Oferta duplicada omitida: https://www.magneto365.com/co/empleos/tester-qa-pruebas-de-software-hibrido-bogota-908108
2026-05-08 14:21:23 | INFO | Oferta duplicada omitida: https://www.magneto365.com/co/empleos/coordinadora-de-servicios-de-desarrollo-de-software-1626119083-2-900284
2026-05-08 14:21:23 | INFO | Oferta duplicada omitida: https://www.magneto365.com/co/empleos/arquitecto-de-software-899087
2026-05-08 14:21:23 | INFO | Oferta duplicada omitida: https://www.magneto365.com/co/empleos/lider-tecnico-desarrollo-software-java-888526
2026-05-08 14:21:23 | INFO | Oferta duplicada omitida: https://www.magneto365.com/co/empleos/arquitecto-de-software-para-transformacion-digital-en-salud-y-contabilidad-886496
2026-05-08 14:21:23 | INFO | Oferta duplicada omitida: https://www.magneto365.com/co/empleos/arquitecto-de-software-822827
2026-05-08 14:21:23 | INFO | Oferta duplicada omitida: https://www.magneto365.com/co/empleos/practicante-sistemas-de-informacion-base-comercial-895470
2026-05-08 14:21:23 | INFO | Oferta duplicada omitida: https://www.magneto365.com/co/empleos/desarrollador-de-software-lider-microservicios-remoto-894672
2026-05-08 14:21:23 | INFO | Oferta duplicada omitida: https://www.magneto365.com/co/empleos/analista-tecnico-senior-desarrollo-de-software-bilingue-884537
2026-05-08 14:21:23 | INFO | Oferta duplicada omitida: https://www.magneto365.com/co/empleos/practicante-ingenieria-de-sistemas-desarrollo-y-soporte-ti-bogota-901179
2026-05-08 14:21:23 | INFO | Oferta duplicada omitida: https://www.magneto365.com/co/empleos/practicante-profesional-ingenieria-de-sistemas-medellin-899409
2026-05-08 14:21:23 | INFO | Oferta duplicada omitida: https://www.magneto365.com/co/empleos/practicante-chatbot-contratacion-y-colaboradores-whatsapp-895458
2026-05-08 14:21:23 | INFO | Oferta duplicada omitida: https://www.magneto365.com/co/empleos/analista-desarrollo-comercial-ii-bogota-899720
2026-05-08 14:21:23 | INFO | Oferta duplicada omitida: https://www.magneto365.com/co/empleos/analista-de-desarrollo-de-software-net-angular-sql-server-colombia-914543
2026-05-08 14:21:23 | INFO | Oferta duplicada omitida: https://www.magneto365.com/co/empleos/analista-de-ingenieria-desarrollo-de-producto-industrial-914466
2026-05-08 14:21:23 | INFO | Oferta duplicada omitida: https://www.magneto365.com/co/empleos/analista-de-desarrollo-logistico-908067
2026-05-08 14:21:23 | INFO | Oferta duplicada omitida: https://www.magneto365.com/co/empleos/analista-de-desarrollo-de-productos-industria-colombia-906038
2026-05-08 14:21:23 | INFO | Oferta duplicada omitida: https://www.magneto365.com/co/empleos/analista-de-desarrollo-905172
2026-05-08 14:21:23 | INFO | Oferta duplicada omitida: https://www.magneto365.com/co/empleos/analista-de-formacion-y-desarrollo-de-talento-905159
2026-05-08 14:21:23 | INFO | Oferta duplicada omitida: https://www.magneto365.com/co/empleos/analista-de-cultura-y-desarrollo-temporal-por-licencia-de-maternidad-901840
2026-05-08 14:21:23 | INFO | Oferta duplicada omitida: https://www.magneto365.com/co/empleos/analista-de-automatizacion-y-desarrollo-termino-fijo-900710
2026-05-08 14:21:23 | INFO | Oferta duplicada omitida: https://www.magneto365.com/co/empleos/analista-de-desarrollo-de-software-1626071855-68-897977
2026-05-08 14:21:23 | INFO | Oferta duplicada omitida: https://www.magneto365.com/co/empleos/analista-de-desarrollo-humano-897395
2026-05-08 14:21:23 | INFO | Oferta duplicada omitida: https://www.magneto365.com/co/empleos/analista-de-atraccion-cultura-y-desarrollo-1626073720-39-887030
2026-05-08 14:21:23 | INFO | Oferta duplicada omitida: https://www.magneto365.com/co/empleos/desarrolladora-de-software-1626142096-3-908837
2026-05-08 14:21:23 | INFO | Oferta duplicada omitida: https://www.magneto365.com/co/empleos/ceid-desarrolladora-de-software-senior-rpa-905848
2026-05-08 14:21:23 | INFO | Oferta duplicada omitida: https://www.magneto365.com/co/empleos/desarrolladora-de-software-qa-1626436242-51-906064
2026-05-08 14:21:23 | INFO | Oferta duplicada omitida: https://www.magneto365.com/co/empleos/ceid-desarrollador-de-software-semisenior-1626492604-5-891596
2026-05-08 14:21:23 | INFO | Oferta duplicada omitida: https://www.magneto365.com/co/empleos/desarrollador-de-negocios-bogota-910216
2026-05-08 14:21:23 | INFO | Oferta duplicada omitida: https://www.magneto365.com/co/empleos/desarrollador-mid-level-sprint-contributor-902838
2026-05-08 14:21:23 | INFO | Oferta duplicada omitida: https://www.magneto365.com/co/empleos/desarrolladora-fronted-1626040293-334-896881
2026-05-08 14:21:23 | INFO | Oferta duplicada omitida: https://www.magneto365.com/co/empleos/programador-de-publicidad-digital-893246
2026-05-08 14:21:23 | INFO | Oferta duplicada omitida: https://www.magneto365.com/co/empleos/programador-tornero-cnc-puente-aranda-891925
2026-05-08 14:21:23 | INFO | Oferta duplicada omitida: https://www.magneto365.com/co/empleos/programador-de-flota-33303-886852
2026-05-08 14:21:23 | INFO | Oferta duplicada omitida: https://www.magneto365.com/co/empleos/instrumentador-quirurgico-888639
2026-05-08 14:21:23 | INFO | Oferta duplicada omitida: https://www.magneto365.com/co/empleos/analista-de-programacion-de-turnos-en-empresas-de-seguridad-881373
2026-05-08 14:21:23 | INFO | Oferta duplicada omitida: https://www.magneto365.com/co/empleos/integracion-automatizacion-control-ensamble-832860
2026-05-08 14:21:23 | INFO | Oferta duplicada omitida: https://www.magneto365.com/co/empleos/lider-de-planeacion-y-programacion-de-produccion-colombia-894342
2026-05-08 14:21:23 | INFO | Resumen ciclo | revisadas=80 | aplicadas=0 | errores=0 | omitidas=80
2026-05-08 14:21:23 | INFO | Esperando 180 segundos para el siguiente ciclo.
2026-05-08 14:24:23 | INFO | Buscando en Magneto: https://www.magneto365.com/co/trabajos/buscar/full-stack-developer
2026-05-08 14:24:24 | INFO | Ofertas extraídas de Magneto: 7
2026-05-08 14:24:24 | INFO | Buscando en Magneto: https://www.magneto365.com/co/trabajos/buscar/fullstack-developer
2026-05-08 14:24:25 | INFO | Ofertas extraídas de Magneto: 6
2026-05-08 14:24:25 | INFO | Buscando en Magneto: https://www.magneto365.com/co/trabajos/buscar/frontend-developer
2026-05-08 14:24:30 | INFO | Ofertas extraídas de Magneto: 1
2026-05-08 14:24:30 | INFO | Buscando en Magneto: https://www.magneto365.com/co/trabajos/buscar/backend-developer
2026-05-08 14:24:31 | INFO | Ofertas extraídas de Magneto: 4
2026-05-08 14:24:31 | INFO | Buscando en Magneto: https://www.magneto365.com/co/trabajos/buscar/react-developer
2026-05-08 14:24:32 | INFO | Ofertas extraídas de Magneto: 6
2026-05-08 14:24:32 | INFO | Buscando en Magneto: https://www.magneto365.com/co/trabajos/buscar/react-native
2026-05-08 14:24:33 | INFO | Ofertas extraídas de Magneto: 3
2026-05-08 14:24:33 | INFO | Buscando en Magneto: https://www.magneto365.com/co/trabajos/buscar/node-js-developer
2026-05-08 14:24:54 | INFO | No se encontraron resultados visibles en la búsqueda actual.
2026-05-08 14:24:54 | INFO | Ofertas extraídas de Magneto: 0
2026-05-08 14:24:54 | INFO | Busqueda por URL sin resultados. Usando pagina de ciudad para: Node.js Developer
2026-05-08 14:24:55 | INFO | Ofertas extraídas de Magneto: 0
2026-05-08 14:24:55 | INFO | Buscando en Magneto: https://www.magneto365.com/co/trabajos/buscar/javascript-developer
2026-05-08 14:24:56 | INFO | Ofertas extraídas de Magneto: 6
2026-05-08 14:24:56 | INFO | Buscando en Magneto: https://www.magneto365.com/co/trabajos/buscar/typescript-developer
2026-05-08 14:25:17 | INFO | No se encontraron resultados visibles en la búsqueda actual.
2026-05-08 14:25:17 | INFO | Ofertas extraídas de Magneto: 0
2026-05-08 14:25:17 | INFO | Busqueda por URL sin resultados. Usando pagina de ciudad para: TypeScript Developer
2026-05-08 14:25:19 | INFO | Ofertas extraídas de Magneto: 0
2026-05-08 14:25:19 | INFO | Buscando en Magneto: https://www.magneto365.com/co/trabajos/buscar/software-engineer
2026-05-08 14:25:20 | INFO | Ofertas extraídas de Magneto: 6
2026-05-08 14:25:20 | INFO | Buscando en Magneto: https://www.magneto365.com/co/trabajos/buscar/desarrollador-fullstack
2026-05-08 14:25:21 | INFO | Ofertas extraídas de Magneto: 12
2026-05-08 14:25:21 | INFO | Buscando en Magneto: https://www.magneto365.com/co/trabajos/buscar/desarrollador-frontend
2026-05-08 14:25:22 | INFO | Ofertas extraídas de Magneto: 5
2026-05-08 14:25:22 | INFO | Buscando en Magneto: https://www.magneto365.com/co/trabajos/buscar/desarrollador-backend
2026-05-08 14:25:23 | INFO | Ofertas extraídas de Magneto: 10
2026-05-08 14:25:23 | INFO | Buscando en Magneto: https://www.magneto365.com/co/trabajos/buscar/desarrollador-react
2026-05-08 14:25:25 | INFO | Ofertas extraídas de Magneto: 13
2026-05-08 14:25:25 | INFO | Buscando en Magneto: https://www.magneto365.com/co/trabajos/buscar/desarrollador-javascript
2026-05-08 14:25:26 | INFO | Ofertas extraídas de Magneto: 11
2026-05-08 14:25:26 | INFO | Buscando en Magneto: https://www.magneto365.com/co/trabajos/buscar/desarrollador-typescript
2026-05-08 14:25:27 | INFO | Ofertas extraídas de Magneto: 1
2026-05-08 14:25:27 | INFO | Buscando en Magneto: https://www.magneto365.com/co/trabajos/buscar/desarrollador-node
2026-05-08 14:25:28 | INFO | Ofertas extraídas de Magneto: 2
2026-05-08 14:25:28 | INFO | Buscando en Magneto: https://www.magneto365.com/co/trabajos/buscar/ingeniero-software
2026-05-08 14:25:30 | INFO | Ofertas extraídas de Magneto: 17
2026-05-08 14:25:30 | INFO | Buscando en Magneto: https://www.magneto365.com/co/trabajos/buscar/analista-desarrollo
2026-05-08 14:25:31 | INFO | Ofertas extraídas de Magneto: 12
2026-05-08 14:25:31 | INFO | Buscando en Magneto: https://www.magneto365.com/co/trabajos/buscar/desarrollador-software
2026-05-08 14:25:33 | INFO | Ofertas extraídas de Magneto: 19
2026-05-08 14:25:33 | INFO | Buscando en Magneto: https://www.magneto365.com/co/trabajos/buscar/programador
2026-05-08 14:25:34 | INFO | Ofertas extraídas de Magneto: 17
2026-05-08 14:25:34 | INFO | Oferta duplicada omitida: https://www.magneto365.com/co/empleos/full-stack-developer-1626494698-9-912135
2026-05-08 14:25:34 | INFO | Oferta duplicada omitida: https://www.magneto365.com/co/empleos/desarrollador-full-stack-895702
2026-05-08 14:25:34 | INFO | Oferta duplicada omitida: https://www.magneto365.com/co/empleos/desarrollador-full-896787
2026-05-08 14:25:34 | INFO | Oferta duplicada omitida: https://www.magneto365.com/co/empleos/desarrollador-fullstack-javascriptnode-js-colombia-906260
2026-05-08 14:25:34 | INFO | Oferta duplicada omitida: https://www.magneto365.com/co/empleos/desarrollador-de-software-con-enfoque-en-inteligencia-artificial-899657
2026-05-08 14:25:34 | INFO | Oferta duplicada omitida: https://www.magneto365.com/co/empleos/desarrollador-de-software-ia-javascript-react-bucaramanga-913803
2026-05-08 14:25:34 | INFO | Oferta duplicada omitida: https://www.magneto365.com/co/empleos/desarrollador-python-bogota-909596
2026-05-08 14:25:34 | INFO | Oferta duplicada omitida: https://www.magneto365.com/co/empleos/desarrolladora-fullstack-896069
2026-05-08 14:25:34 | INFO | Oferta duplicada omitida: https://www.magneto365.com/co/empleos/desarrollador-fullstack-884799
2026-05-08 14:25:34 | INFO | Oferta duplicada omitida: https://www.magneto365.com/co/empleos/ingeniero-fullstack-senior-net-flutter-angular-teletrabajo-en-colombia-882683
2026-05-08 14:25:34 | INFO | Oferta duplicada omitida: https://www.magneto365.com/co/empleos/desarrollador-fullstack-senior-net-react-teletrabajo-colombia-889531
2026-05-08 14:25:34 | INFO | Oferta duplicada omitida: https://www.magneto365.com/co/empleos/desarrollador-fullstack-medellin-846369
2026-05-08 14:25:34 | INFO | Oferta duplicada omitida: https://www.magneto365.com/co/empleos/desarrollador-backend-senior-python-897964
2026-05-08 14:25:34 | INFO | Oferta duplicada omitida: https://www.magneto365.com/co/empleos/desarrollador-a-mobile-react-native-bogota-913246
2026-05-08 14:25:34 | INFO | Oferta duplicada omitida: https://www.magneto365.com/co/empleos/analista-tecnico-senior-bilingue-b2c1-java-react-react-native-remoto-bogota-887625
2026-05-08 14:25:34 | INFO | Oferta duplicada omitida: https://www.magneto365.com/co/empleos/desarrollador-senior-full-stack-bilingue-java-react-remoto-bogota-892791
2026-05-08 14:25:34 | INFO | Oferta duplicada omitida: https://www.magneto365.com/co/empleos/desarrollador-de-software-909610
2026-05-08 14:25:34 | INFO | Oferta duplicada omitida: https://www.magneto365.com/co/empleos/senior-data-engineer-1626494698-8-892405
2026-05-08 14:25:34 | INFO | Oferta duplicada omitida: https://www.magneto365.com/co/empleos/ingeniero-devops-mid-junior-899771
2026-05-08 14:25:34 | INFO | Oferta duplicada omitida: https://www.magneto365.com/co/empleos/analista-qa-882273
2026-05-08 14:25:34 | INFO | Oferta duplicada omitida: https://www.magneto365.com/co/empleos/desarrollador-fullstack-senior-hibrido-en-cali-895467
2026-05-08 14:25:34 | INFO | Oferta duplicada omitida: https://www.magneto365.com/co/empleos/desarrollador-fullstack-en-hidrocarburos-python-java-891227
2026-05-08 14:25:34 | INFO | Oferta duplicada omitida: https://www.magneto365.com/co/empleos/desarrollador-fullstack-senior-hibrido-en-cali-848809
2026-05-08 14:25:34 | INFO | Oferta duplicada omitida: https://www.magneto365.com/co/empleos/desarrollador-fullstack-senior-829393
2026-05-08 14:25:34 | INFO | Oferta duplicada omitida: https://www.magneto365.com/co/empleos/desarrollador-php-freelance-884817
2026-05-08 14:25:34 | INFO | Oferta duplicada omitida: https://www.magneto365.com/co/empleos/desarrollador-a-de-software-891058
2026-05-08 14:25:34 | INFO | Oferta duplicada omitida: https://www.magneto365.com/co/empleos/desarrollador-frontend-y-gestion-de-contenido-medellin-884727
2026-05-08 14:25:34 | INFO | Oferta duplicada omitida: https://www.magneto365.com/co/empleos/desarrollador-frontend-webmaster-847312
2026-05-08 14:25:34 | INFO | Oferta duplicada omitida: https://www.magneto365.com/co/empleos/senior-frontend-engineer-907809
2026-05-08 14:25:34 | INFO | Oferta duplicada omitida: https://www.magneto365.com/co/empleos/desarrollador-front-end-ecommerce-897233
2026-05-08 14:25:34 | INFO | Oferta duplicada omitida: https://www.magneto365.com/co/empleos/desarrollador-backend-912569
2026-05-08 14:25:34 | INFO | Oferta duplicada omitida: https://www.magneto365.com/co/empleos/desarrollador-backend-oracle-plsql-hxgn-eam-galapa-907640
2026-05-08 14:25:34 | INFO | Oferta duplicada omitida: https://www.magneto365.com/co/empleos/desarrollador-backend-884791
2026-05-08 14:25:34 | INFO | Oferta duplicada omitida: https://www.magneto365.com/co/empleos/desarrollador-senior-java-spring-boot-y-python-remoto-colombia-899477
2026-05-08 14:25:34 | INFO | Oferta duplicada omitida: https://www.magneto365.com/co/empleos/desarrollador-full-stack-895178
2026-05-08 14:25:34 | INFO | Oferta duplicada omitida: https://www.magneto365.com/co/empleos/especialista-i-desarrollador-pco-886336
2026-05-08 14:25:34 | INFO | Oferta duplicada omitida: https://www.magneto365.com/co/empleos/desarrollador-full-stack-python-react-ia-cali-908099
2026-05-08 14:25:34 | INFO | Oferta duplicada omitida: https://www.magneto365.com/co/empleos/desarrollador-senior-full-stack-909405
2026-05-08 14:25:34 | INFO | Oferta duplicada omitida: https://www.magneto365.com/co/empleos/desarrolladorprogramador-bi-financiera-888680
2026-05-08 14:25:34 | INFO | Oferta duplicada omitida: https://www.magneto365.com/co/empleos/desarrollador-especialista-de-software-medellin-843102
2026-05-08 14:25:34 | INFO | Oferta duplicada omitida: https://www.magneto365.com/co/empleos/desarrollador-de-software-835075
2026-05-08 14:25:34 | INFO | Oferta duplicada omitida: https://www.magneto365.com/co/empleos/ingeniero-a-tecnologia-talento-que-transforma-913134
2026-05-08 14:25:34 | INFO | Oferta duplicada omitida: https://www.magneto365.com/co/empleos/tester-qa-pruebas-de-software-hibrido-bogota-908108
2026-05-08 14:25:34 | INFO | Oferta duplicada omitida: https://www.magneto365.com/co/empleos/coordinadora-de-servicios-de-desarrollo-de-software-1626119083-2-900284
2026-05-08 14:25:34 | INFO | Oferta duplicada omitida: https://www.magneto365.com/co/empleos/arquitecto-de-software-899087
2026-05-08 14:25:34 | INFO | Oferta duplicada omitida: https://www.magneto365.com/co/empleos/lider-tecnico-desarrollo-software-java-888526
2026-05-08 14:25:34 | INFO | Oferta duplicada omitida: https://www.magneto365.com/co/empleos/arquitecto-de-software-para-transformacion-digital-en-salud-y-contabilidad-886496
2026-05-08 14:25:34 | INFO | Oferta duplicada omitida: https://www.magneto365.com/co/empleos/arquitecto-de-software-822827
2026-05-08 14:25:34 | INFO | Oferta duplicada omitida: https://www.magneto365.com/co/empleos/practicante-sistemas-de-informacion-base-comercial-895470
2026-05-08 14:25:34 | INFO | Oferta duplicada omitida: https://www.magneto365.com/co/empleos/desarrollador-de-software-lider-microservicios-remoto-894672
2026-05-08 14:25:34 | INFO | Oferta duplicada omitida: https://www.magneto365.com/co/empleos/analista-tecnico-senior-desarrollo-de-software-bilingue-884537
2026-05-08 14:25:34 | INFO | Oferta duplicada omitida: https://www.magneto365.com/co/empleos/practicante-ingenieria-de-sistemas-desarrollo-y-soporte-ti-bogota-901179
2026-05-08 14:25:34 | INFO | Oferta duplicada omitida: https://www.magneto365.com/co/empleos/practicante-profesional-ingenieria-de-sistemas-medellin-899409
2026-05-08 14:25:34 | INFO | Oferta duplicada omitida: https://www.magneto365.com/co/empleos/practicante-chatbot-contratacion-y-colaboradores-whatsapp-895458
2026-05-08 14:25:34 | INFO | Oferta duplicada omitida: https://www.magneto365.com/co/empleos/analista-desarrollo-comercial-ii-bogota-899720
2026-05-08 14:25:34 | INFO | Oferta duplicada omitida: https://www.magneto365.com/co/empleos/analista-de-desarrollo-de-software-net-angular-sql-server-colombia-914543
2026-05-08 14:25:34 | INFO | Oferta duplicada omitida: https://www.magneto365.com/co/empleos/analista-de-ingenieria-desarrollo-de-producto-industrial-914466
2026-05-08 14:25:34 | INFO | Oferta duplicada omitida: https://www.magneto365.com/co/empleos/analista-de-desarrollo-logistico-908067
2026-05-08 14:25:34 | INFO | Oferta duplicada omitida: https://www.magneto365.com/co/empleos/analista-de-desarrollo-de-productos-industria-colombia-906038
2026-05-08 14:25:34 | INFO | Oferta duplicada omitida: https://www.magneto365.com/co/empleos/analista-de-desarrollo-905172
2026-05-08 14:25:34 | INFO | Oferta duplicada omitida: https://www.magneto365.com/co/empleos/analista-de-formacion-y-desarrollo-de-talento-905159
2026-05-08 14:25:34 | INFO | Oferta duplicada omitida: https://www.magneto365.com/co/empleos/analista-de-cultura-y-desarrollo-temporal-por-licencia-de-maternidad-901840
2026-05-08 14:25:34 | INFO | Oferta duplicada omitida: https://www.magneto365.com/co/empleos/analista-de-automatizacion-y-desarrollo-termino-fijo-900710
2026-05-08 14:25:34 | INFO | Oferta duplicada omitida: https://www.magneto365.com/co/empleos/analista-de-desarrollo-de-software-1626071855-68-897977
2026-05-08 14:25:34 | INFO | Oferta duplicada omitida: https://www.magneto365.com/co/empleos/analista-de-desarrollo-humano-897395
2026-05-08 14:25:34 | INFO | Oferta duplicada omitida: https://www.magneto365.com/co/empleos/analista-de-atraccion-cultura-y-desarrollo-1626073720-39-887030
2026-05-08 14:25:34 | INFO | Oferta duplicada omitida: https://www.magneto365.com/co/empleos/desarrolladora-de-software-1626142096-3-908837
2026-05-08 14:25:34 | INFO | Oferta duplicada omitida: https://www.magneto365.com/co/empleos/ceid-desarrolladora-de-software-senior-rpa-905848
2026-05-08 14:25:34 | INFO | Oferta duplicada omitida: https://www.magneto365.com/co/empleos/desarrolladora-de-software-qa-1626436242-51-906064
2026-05-08 14:25:34 | INFO | Oferta duplicada omitida: https://www.magneto365.com/co/empleos/ceid-desarrollador-de-software-semisenior-1626492604-5-891596
2026-05-08 14:25:34 | INFO | Oferta duplicada omitida: https://www.magneto365.com/co/empleos/desarrollador-de-negocios-bogota-910216
2026-05-08 14:25:34 | INFO | Oferta duplicada omitida: https://www.magneto365.com/co/empleos/desarrollador-mid-level-sprint-contributor-902838
2026-05-08 14:25:34 | INFO | Oferta duplicada omitida: https://www.magneto365.com/co/empleos/desarrolladora-fronted-1626040293-334-896881
2026-05-08 14:25:34 | INFO | Oferta duplicada omitida: https://www.magneto365.com/co/empleos/programador-de-publicidad-digital-893246
2026-05-08 14:25:34 | INFO | Oferta duplicada omitida: https://www.magneto365.com/co/empleos/programador-tornero-cnc-puente-aranda-891925
2026-05-08 14:25:34 | INFO | Oferta duplicada omitida: https://www.magneto365.com/co/empleos/programador-de-flota-33303-886852
2026-05-08 14:25:34 | INFO | Oferta duplicada omitida: https://www.magneto365.com/co/empleos/instrumentador-quirurgico-888639
2026-05-08 14:25:34 | INFO | Oferta duplicada omitida: https://www.magneto365.com/co/empleos/analista-de-programacion-de-turnos-en-empresas-de-seguridad-881373
2026-05-08 14:25:34 | INFO | Oferta duplicada omitida: https://www.magneto365.com/co/empleos/integracion-automatizacion-control-ensamble-832860
2026-05-08 14:25:34 | INFO | Oferta duplicada omitida: https://www.magneto365.com/co/empleos/lider-de-planeacion-y-programacion-de-produccion-colombia-894342
2026-05-08 14:25:34 | INFO | Resumen ciclo | revisadas=80 | aplicadas=0 | errores=0 | omitidas=80
2026-05-08 14:25:34 | INFO | Esperando 180 segundos para el siguiente ciclo.
2026-05-08 14:28:34 | INFO | Buscando en Magneto: https://www.magneto365.com/co/trabajos/buscar/full-stack-developer
2026-05-08 14:28:35 | INFO | Ofertas extraídas de Magneto: 7
2026-05-08 14:28:35 | INFO | Buscando en Magneto: https://www.magneto365.com/co/trabajos/buscar/fullstack-developer
2026-05-08 14:28:36 | INFO | Ofertas extraídas de Magneto: 6
2026-05-08 14:28:36 | INFO | Buscando en Magneto: https://www.magneto365.com/co/trabajos/buscar/frontend-developer
2026-05-08 14:28:37 | INFO | Ofertas extraídas de Magneto: 1
2026-05-08 14:28:37 | INFO | Buscando en Magneto: https://www.magneto365.com/co/trabajos/buscar/backend-developer
2026-05-08 14:28:38 | INFO | Ofertas extraídas de Magneto: 4
2026-05-08 14:28:38 | INFO | Buscando en Magneto: https://www.magneto365.com/co/trabajos/buscar/react-developer
2026-05-08 14:28:39 | INFO | Ofertas extraídas de Magneto: 6
2026-05-08 14:28:39 | INFO | Buscando en Magneto: https://www.magneto365.com/co/trabajos/buscar/react-native
2026-05-08 14:28:40 | INFO | Ofertas extraídas de Magneto: 3
2026-05-08 14:28:40 | INFO | Buscando en Magneto: https://www.magneto365.com/co/trabajos/buscar/node-js-developer
2026-05-08 14:29:01 | INFO | No se encontraron resultados visibles en la búsqueda actual.
2026-05-08 14:29:01 | INFO | Ofertas extraídas de Magneto: 0
2026-05-08 14:29:01 | INFO | Busqueda por URL sin resultados. Usando pagina de ciudad para: Node.js Developer
2026-05-08 14:29:03 | INFO | Ofertas extraídas de Magneto: 0
2026-05-08 14:29:03 | INFO | Buscando en Magneto: https://www.magneto365.com/co/trabajos/buscar/javascript-developer
2026-05-08 14:29:04 | INFO | Ofertas extraídas de Magneto: 6
2026-05-08 14:29:04 | INFO | Buscando en Magneto: https://www.magneto365.com/co/trabajos/buscar/typescript-developer
2026-05-08 14:29:25 | INFO | No se encontraron resultados visibles en la búsqueda actual.
2026-05-08 14:29:25 | INFO | Ofertas extraídas de Magneto: 0
2026-05-08 14:29:25 | INFO | Busqueda por URL sin resultados. Usando pagina de ciudad para: TypeScript Developer
2026-05-08 14:29:27 | INFO | Ofertas extraídas de Magneto: 0
2026-05-08 14:29:27 | INFO | Buscando en Magneto: https://www.magneto365.com/co/trabajos/buscar/software-engineer
2026-05-08 14:29:28 | INFO | Ofertas extraídas de Magneto: 6
2026-05-08 14:29:28 | INFO | Buscando en Magneto: https://www.magneto365.com/co/trabajos/buscar/desarrollador-fullstack
2026-05-08 14:29:29 | INFO | Ofertas extraídas de Magneto: 12
2026-05-08 14:29:29 | INFO | Buscando en Magneto: https://www.magneto365.com/co/trabajos/buscar/desarrollador-frontend
2026-05-08 14:29:30 | INFO | Ofertas extraídas de Magneto: 5
2026-05-08 14:29:30 | INFO | Buscando en Magneto: https://www.magneto365.com/co/trabajos/buscar/desarrollador-backend
2026-05-08 14:29:32 | INFO | Ofertas extraídas de Magneto: 10
2026-05-08 14:29:32 | INFO | Buscando en Magneto: https://www.magneto365.com/co/trabajos/buscar/desarrollador-react
2026-05-08 14:29:34 | INFO | Ofertas extraídas de Magneto: 13
2026-05-08 14:29:34 | INFO | Buscando en Magneto: https://www.magneto365.com/co/trabajos/buscar/desarrollador-javascript
2026-05-08 14:29:35 | INFO | Ofertas extraídas de Magneto: 11
2026-05-08 14:29:35 | INFO | Buscando en Magneto: https://www.magneto365.com/co/trabajos/buscar/desarrollador-typescript
2026-05-08 14:29:36 | INFO | Ofertas extraídas de Magneto: 1
2026-05-08 14:29:36 | INFO | Buscando en Magneto: https://www.magneto365.com/co/trabajos/buscar/desarrollador-node
2026-05-08 14:29:37 | INFO | Ofertas extraídas de Magneto: 2
2026-05-08 14:29:37 | INFO | Buscando en Magneto: https://www.magneto365.com/co/trabajos/buscar/ingeniero-software
2026-05-08 14:29:38 | INFO | Ofertas extraídas de Magneto: 17
2026-05-08 14:29:38 | INFO | Buscando en Magneto: https://www.magneto365.com/co/trabajos/buscar/analista-desarrollo
2026-05-08 14:29:40 | INFO | Ofertas extraídas de Magneto: 12
2026-05-08 14:29:40 | INFO | Buscando en Magneto: https://www.magneto365.com/co/trabajos/buscar/desarrollador-software
2026-05-08 14:29:42 | INFO | Ofertas extraídas de Magneto: 19
2026-05-08 14:29:42 | INFO | Buscando en Magneto: https://www.magneto365.com/co/trabajos/buscar/programador
2026-05-08 14:29:43 | INFO | Ofertas extraídas de Magneto: 17
2026-05-08 14:29:43 | INFO | Oferta duplicada omitida: https://www.magneto365.com/co/empleos/full-stack-developer-1626494698-9-912135
2026-05-08 14:29:43 | INFO | Oferta duplicada omitida: https://www.magneto365.com/co/empleos/desarrollador-full-stack-895702
2026-05-08 14:29:43 | INFO | Oferta duplicada omitida: https://www.magneto365.com/co/empleos/desarrollador-full-896787
2026-05-08 14:29:43 | INFO | Oferta duplicada omitida: https://www.magneto365.com/co/empleos/desarrollador-fullstack-javascriptnode-js-colombia-906260
2026-05-08 14:29:43 | INFO | Oferta duplicada omitida: https://www.magneto365.com/co/empleos/desarrollador-de-software-con-enfoque-en-inteligencia-artificial-899657
2026-05-08 14:29:43 | INFO | Oferta duplicada omitida: https://www.magneto365.com/co/empleos/desarrollador-de-software-ia-javascript-react-bucaramanga-913803
2026-05-08 14:29:43 | INFO | Oferta duplicada omitida: https://www.magneto365.com/co/empleos/desarrollador-python-bogota-909596
2026-05-08 14:29:43 | INFO | Oferta duplicada omitida: https://www.magneto365.com/co/empleos/desarrolladora-fullstack-896069
2026-05-08 14:29:43 | INFO | Oferta duplicada omitida: https://www.magneto365.com/co/empleos/desarrollador-fullstack-884799
2026-05-08 14:29:43 | INFO | Oferta duplicada omitida: https://www.magneto365.com/co/empleos/ingeniero-fullstack-senior-net-flutter-angular-teletrabajo-en-colombia-882683
2026-05-08 14:29:43 | INFO | Oferta duplicada omitida: https://www.magneto365.com/co/empleos/desarrollador-fullstack-senior-net-react-teletrabajo-colombia-889531
2026-05-08 14:29:43 | INFO | Oferta duplicada omitida: https://www.magneto365.com/co/empleos/desarrollador-fullstack-medellin-846369
2026-05-08 14:29:43 | INFO | Oferta duplicada omitida: https://www.magneto365.com/co/empleos/desarrollador-backend-senior-python-897964
2026-05-08 14:29:43 | INFO | Oferta duplicada omitida: https://www.magneto365.com/co/empleos/desarrollador-a-mobile-react-native-bogota-913246
2026-05-08 14:29:43 | INFO | Oferta duplicada omitida: https://www.magneto365.com/co/empleos/analista-tecnico-senior-bilingue-b2c1-java-react-react-native-remoto-bogota-887625
2026-05-08 14:29:43 | INFO | Oferta duplicada omitida: https://www.magneto365.com/co/empleos/desarrollador-senior-full-stack-bilingue-java-react-remoto-bogota-892791
2026-05-08 14:29:43 | INFO | Oferta duplicada omitida: https://www.magneto365.com/co/empleos/desarrollador-de-software-909610
2026-05-08 14:29:43 | INFO | Oferta duplicada omitida: https://www.magneto365.com/co/empleos/senior-data-engineer-1626494698-8-892405
2026-05-08 14:29:43 | INFO | Oferta duplicada omitida: https://www.magneto365.com/co/empleos/ingeniero-devops-mid-junior-899771
2026-05-08 14:29:43 | INFO | Oferta duplicada omitida: https://www.magneto365.com/co/empleos/analista-qa-882273
2026-05-08 14:29:43 | INFO | Oferta duplicada omitida: https://www.magneto365.com/co/empleos/desarrollador-fullstack-senior-hibrido-en-cali-895467
2026-05-08 14:29:43 | INFO | Oferta duplicada omitida: https://www.magneto365.com/co/empleos/desarrollador-fullstack-en-hidrocarburos-python-java-891227
2026-05-08 14:29:43 | INFO | Oferta duplicada omitida: https://www.magneto365.com/co/empleos/desarrollador-fullstack-senior-hibrido-en-cali-848809
2026-05-08 14:29:43 | INFO | Oferta duplicada omitida: https://www.magneto365.com/co/empleos/desarrollador-fullstack-senior-829393
2026-05-08 14:29:43 | INFO | Oferta duplicada omitida: https://www.magneto365.com/co/empleos/desarrollador-php-freelance-884817
2026-05-08 14:29:43 | INFO | Oferta duplicada omitida: https://www.magneto365.com/co/empleos/desarrollador-a-de-software-891058
2026-05-08 14:29:43 | INFO | Oferta duplicada omitida: https://www.magneto365.com/co/empleos/desarrollador-frontend-y-gestion-de-contenido-medellin-884727
2026-05-08 14:29:43 | INFO | Oferta duplicada omitida: https://www.magneto365.com/co/empleos/desarrollador-frontend-webmaster-847312
2026-05-08 14:29:43 | INFO | Oferta duplicada omitida: https://www.magneto365.com/co/empleos/senior-frontend-engineer-907809
2026-05-08 14:29:43 | INFO | Oferta duplicada omitida: https://www.magneto365.com/co/empleos/desarrollador-front-end-ecommerce-897233
2026-05-08 14:29:43 | INFO | Oferta duplicada omitida: https://www.magneto365.com/co/empleos/desarrollador-backend-912569
2026-05-08 14:29:43 | INFO | Oferta duplicada omitida: https://www.magneto365.com/co/empleos/desarrollador-backend-oracle-plsql-hxgn-eam-galapa-907640
2026-05-08 14:29:43 | INFO | Oferta duplicada omitida: https://www.magneto365.com/co/empleos/desarrollador-backend-884791
2026-05-08 14:29:43 | INFO | Oferta duplicada omitida: https://www.magneto365.com/co/empleos/desarrollador-senior-java-spring-boot-y-python-remoto-colombia-899477
2026-05-08 14:29:43 | INFO | Oferta duplicada omitida: https://www.magneto365.com/co/empleos/desarrollador-full-stack-895178
2026-05-08 14:29:43 | INFO | Oferta duplicada omitida: https://www.magneto365.com/co/empleos/especialista-i-desarrollador-pco-886336
2026-05-08 14:29:43 | INFO | Oferta duplicada omitida: https://www.magneto365.com/co/empleos/desarrollador-full-stack-python-react-ia-cali-908099
2026-05-08 14:29:43 | INFO | Oferta duplicada omitida: https://www.magneto365.com/co/empleos/desarrollador-senior-full-stack-909405
2026-05-08 14:29:43 | INFO | Oferta duplicada omitida: https://www.magneto365.com/co/empleos/desarrolladorprogramador-bi-financiera-888680
2026-05-08 14:29:43 | INFO | Oferta duplicada omitida: https://www.magneto365.com/co/empleos/desarrollador-especialista-de-software-medellin-843102
2026-05-08 14:29:43 | INFO | Oferta duplicada omitida: https://www.magneto365.com/co/empleos/desarrollador-de-software-835075
2026-05-08 14:29:43 | INFO | Oferta duplicada omitida: https://www.magneto365.com/co/empleos/ingeniero-a-tecnologia-talento-que-transforma-913134
2026-05-08 14:29:43 | INFO | Oferta duplicada omitida: https://www.magneto365.com/co/empleos/tester-qa-pruebas-de-software-hibrido-bogota-908108
2026-05-08 14:29:43 | INFO | Oferta duplicada omitida: https://www.magneto365.com/co/empleos/coordinadora-de-servicios-de-desarrollo-de-software-1626119083-2-900284
2026-05-08 14:29:43 | INFO | Oferta duplicada omitida: https://www.magneto365.com/co/empleos/arquitecto-de-software-899087
2026-05-08 14:29:43 | INFO | Oferta duplicada omitida: https://www.magneto365.com/co/empleos/lider-tecnico-desarrollo-software-java-888526
2026-05-08 14:29:43 | INFO | Oferta duplicada omitida: https://www.magneto365.com/co/empleos/arquitecto-de-software-para-transformacion-digital-en-salud-y-contabilidad-886496
2026-05-08 14:29:43 | INFO | Oferta duplicada omitida: https://www.magneto365.com/co/empleos/arquitecto-de-software-822827
2026-05-08 14:29:43 | INFO | Oferta duplicada omitida: https://www.magneto365.com/co/empleos/practicante-sistemas-de-informacion-base-comercial-895470
2026-05-08 14:29:43 | INFO | Oferta duplicada omitida: https://www.magneto365.com/co/empleos/desarrollador-de-software-lider-microservicios-remoto-894672
2026-05-08 14:29:43 | INFO | Oferta duplicada omitida: https://www.magneto365.com/co/empleos/analista-tecnico-senior-desarrollo-de-software-bilingue-884537
2026-05-08 14:29:43 | INFO | Oferta duplicada omitida: https://www.magneto365.com/co/empleos/practicante-ingenieria-de-sistemas-desarrollo-y-soporte-ti-bogota-901179
2026-05-08 14:29:43 | INFO | Oferta duplicada omitida: https://www.magneto365.com/co/empleos/practicante-profesional-ingenieria-de-sistemas-medellin-899409
2026-05-08 14:29:43 | INFO | Oferta duplicada omitida: https://www.magneto365.com/co/empleos/practicante-chatbot-contratacion-y-colaboradores-whatsapp-895458
2026-05-08 14:29:43 | INFO | Oferta duplicada omitida: https://www.magneto365.com/co/empleos/analista-desarrollo-comercial-ii-bogota-899720
2026-05-08 14:29:43 | INFO | Oferta duplicada omitida: https://www.magneto365.com/co/empleos/analista-de-desarrollo-de-software-net-angular-sql-server-colombia-914543
2026-05-08 14:29:43 | INFO | Oferta duplicada omitida: https://www.magneto365.com/co/empleos/analista-de-ingenieria-desarrollo-de-producto-industrial-914466
2026-05-08 14:29:43 | INFO | Oferta duplicada omitida: https://www.magneto365.com/co/empleos/analista-de-desarrollo-logistico-908067
2026-05-08 14:29:43 | INFO | Oferta duplicada omitida: https://www.magneto365.com/co/empleos/analista-de-desarrollo-de-productos-industria-colombia-906038
2026-05-08 14:29:43 | INFO | Oferta duplicada omitida: https://www.magneto365.com/co/empleos/analista-de-desarrollo-905172
2026-05-08 14:29:43 | INFO | Oferta duplicada omitida: https://www.magneto365.com/co/empleos/analista-de-formacion-y-desarrollo-de-talento-905159
2026-05-08 14:29:43 | INFO | Oferta duplicada omitida: https://www.magneto365.com/co/empleos/analista-de-cultura-y-desarrollo-temporal-por-licencia-de-maternidad-901840
2026-05-08 14:29:43 | INFO | Oferta duplicada omitida: https://www.magneto365.com/co/empleos/analista-de-automatizacion-y-desarrollo-termino-fijo-900710
2026-05-08 14:29:43 | INFO | Oferta duplicada omitida: https://www.magneto365.com/co/empleos/analista-de-desarrollo-de-software-1626071855-68-897977
2026-05-08 14:29:43 | INFO | Oferta duplicada omitida: https://www.magneto365.com/co/empleos/analista-de-desarrollo-humano-897395
2026-05-08 14:29:43 | INFO | Oferta duplicada omitida: https://www.magneto365.com/co/empleos/analista-de-atraccion-cultura-y-desarrollo-1626073720-39-887030
2026-05-08 14:29:43 | INFO | Oferta duplicada omitida: https://www.magneto365.com/co/empleos/desarrolladora-de-software-1626142096-3-908837
2026-05-08 14:29:43 | INFO | Oferta duplicada omitida: https://www.magneto365.com/co/empleos/ceid-desarrolladora-de-software-senior-rpa-905848
2026-05-08 14:29:43 | INFO | Oferta duplicada omitida: https://www.magneto365.com/co/empleos/desarrolladora-de-software-qa-1626436242-51-906064
2026-05-08 14:29:43 | INFO | Oferta duplicada omitida: https://www.magneto365.com/co/empleos/ceid-desarrollador-de-software-semisenior-1626492604-5-891596
2026-05-08 14:29:43 | INFO | Oferta duplicada omitida: https://www.magneto365.com/co/empleos/desarrollador-de-negocios-bogota-910216
2026-05-08 14:29:43 | INFO | Oferta duplicada omitida: https://www.magneto365.com/co/empleos/desarrollador-mid-level-sprint-contributor-902838
2026-05-08 14:29:43 | INFO | Oferta duplicada omitida: https://www.magneto365.com/co/empleos/desarrolladora-fronted-1626040293-334-896881
2026-05-08 14:29:43 | INFO | Oferta duplicada omitida: https://www.magneto365.com/co/empleos/programador-de-publicidad-digital-893246
2026-05-08 14:29:43 | INFO | Oferta duplicada omitida: https://www.magneto365.com/co/empleos/programador-tornero-cnc-puente-aranda-891925
2026-05-08 14:29:43 | INFO | Oferta duplicada omitida: https://www.magneto365.com/co/empleos/programador-de-flota-33303-886852
2026-05-08 14:29:43 | INFO | Oferta duplicada omitida: https://www.magneto365.com/co/empleos/instrumentador-quirurgico-888639
2026-05-08 14:29:43 | INFO | Oferta duplicada omitida: https://www.magneto365.com/co/empleos/analista-de-programacion-de-turnos-en-empresas-de-seguridad-881373
2026-05-08 14:29:43 | INFO | Oferta duplicada omitida: https://www.magneto365.com/co/empleos/integracion-automatizacion-control-ensamble-832860
2026-05-08 14:29:43 | INFO | Oferta duplicada omitida: https://www.magneto365.com/co/empleos/lider-de-planeacion-y-programacion-de-produccion-colombia-894342
2026-05-08 14:29:43 | INFO | Resumen ciclo | revisadas=80 | aplicadas=0 | errores=0 | omitidas=80
2026-05-08 14:29:43 | INFO | Esperando 180 segundos para el siguiente ciclo.
2026-05-08 14:32:43 | INFO | Buscando en Magneto: https://www.magneto365.com/co/trabajos/buscar/full-stack-developer
2026-05-08 14:32:44 | INFO | Ofertas extraídas de Magneto: 7
2026-05-08 14:32:44 | INFO | Buscando en Magneto: https://www.magneto365.com/co/trabajos/buscar/fullstack-developer
2026-05-08 14:32:46 | INFO | Ofertas extraídas de Magneto: 6
2026-05-08 14:32:46 | INFO | Buscando en Magneto: https://www.magneto365.com/co/trabajos/buscar/frontend-developer
2026-05-08 14:32:46 | INFO | Ofertas extraídas de Magneto: 1
2026-05-08 14:32:46 | INFO | Buscando en Magneto: https://www.magneto365.com/co/trabajos/buscar/backend-developer
2026-05-08 14:32:48 | INFO | Ofertas extraídas de Magneto: 4
2026-05-08 14:32:48 | INFO | Buscando en Magneto: https://www.magneto365.com/co/trabajos/buscar/react-developer
2026-05-08 14:32:49 | INFO | Ofertas extraídas de Magneto: 6
2026-05-08 14:32:49 | INFO | Buscando en Magneto: https://www.magneto365.com/co/trabajos/buscar/react-native
2026-05-08 14:32:50 | INFO | Ofertas extraídas de Magneto: 3
2026-05-08 14:32:50 | INFO | Buscando en Magneto: https://www.magneto365.com/co/trabajos/buscar/node-js-developer
2026-05-08 14:33:11 | INFO | No se encontraron resultados visibles en la búsqueda actual.
2026-05-08 14:33:11 | INFO | Ofertas extraídas de Magneto: 0
2026-05-08 14:33:11 | INFO | Busqueda por URL sin resultados. Usando pagina de ciudad para: Node.js Developer
2026-05-08 14:33:13 | INFO | Ofertas extraídas de Magneto: 0
2026-05-08 14:33:13 | INFO | Buscando en Magneto: https://www.magneto365.com/co/trabajos/buscar/javascript-developer
2026-05-08 14:33:14 | INFO | Ofertas extraídas de Magneto: 6
2026-05-08 14:33:14 | INFO | Buscando en Magneto: https://www.magneto365.com/co/trabajos/buscar/typescript-developer
2026-05-08 14:33:37 | INFO | No se encontraron resultados visibles en la búsqueda actual.
2026-05-08 14:33:37 | INFO | Ofertas extraídas de Magneto: 0
2026-05-08 14:33:37 | INFO | Busqueda por URL sin resultados. Usando pagina de ciudad para: TypeScript Developer
2026-05-08 14:33:39 | INFO | Ofertas extraídas de Magneto: 0
2026-05-08 14:33:39 | INFO | Buscando en Magneto: https://www.magneto365.com/co/trabajos/buscar/software-engineer
2026-05-08 14:33:40 | INFO | Ofertas extraídas de Magneto: 6
2026-05-08 14:33:40 | INFO | Buscando en Magneto: https://www.magneto365.com/co/trabajos/buscar/desarrollador-fullstack
2026-05-08 14:33:41 | INFO | Ofertas extraídas de Magneto: 12
2026-05-08 14:33:41 | INFO | Buscando en Magneto: https://www.magneto365.com/co/trabajos/buscar/desarrollador-frontend
2026-05-08 14:33:42 | INFO | Ofertas extraídas de Magneto: 5
2026-05-08 14:33:42 | INFO | Buscando en Magneto: https://www.magneto365.com/co/trabajos/buscar/desarrollador-backend
2026-05-08 14:33:43 | INFO | Ofertas extraídas de Magneto: 10
2026-05-08 14:33:43 | INFO | Buscando en Magneto: https://www.magneto365.com/co/trabajos/buscar/desarrollador-react
2026-05-08 14:33:44 | INFO | Ofertas extraídas de Magneto: 13
2026-05-08 14:33:44 | INFO | Buscando en Magneto: https://www.magneto365.com/co/trabajos/buscar/desarrollador-javascript
2026-05-08 14:33:45 | INFO | Ofertas extraídas de Magneto: 11
2026-05-08 14:33:45 | INFO | Buscando en Magneto: https://www.magneto365.com/co/trabajos/buscar/desarrollador-typescript
2026-05-08 14:33:47 | INFO | Ofertas extraídas de Magneto: 1
2026-05-08 14:33:47 | INFO | Buscando en Magneto: https://www.magneto365.com/co/trabajos/buscar/desarrollador-node
2026-05-08 14:33:48 | INFO | Ofertas extraídas de Magneto: 2
2026-05-08 14:33:48 | INFO | Buscando en Magneto: https://www.magneto365.com/co/trabajos/buscar/ingeniero-software
2026-05-08 14:33:49 | INFO | Ofertas extraídas de Magneto: 17
2026-05-08 14:33:49 | INFO | Buscando en Magneto: https://www.magneto365.com/co/trabajos/buscar/analista-desarrollo
2026-05-08 14:33:50 | INFO | Ofertas extraídas de Magneto: 12
2026-05-08 14:33:50 | INFO | Buscando en Magneto: https://www.magneto365.com/co/trabajos/buscar/desarrollador-software
2026-05-08 14:33:52 | INFO | Ofertas extraídas de Magneto: 19
2026-05-08 14:33:52 | INFO | Buscando en Magneto: https://www.magneto365.com/co/trabajos/buscar/programador
2026-05-08 14:33:54 | INFO | Ofertas extraídas de Magneto: 17
2026-05-08 14:33:54 | INFO | Oferta duplicada omitida: https://www.magneto365.com/co/empleos/full-stack-developer-1626494698-9-912135
2026-05-08 14:33:54 | INFO | Oferta duplicada omitida: https://www.magneto365.com/co/empleos/desarrollador-full-stack-895702
2026-05-08 14:33:54 | INFO | Oferta duplicada omitida: https://www.magneto365.com/co/empleos/desarrollador-full-896787
2026-05-08 14:33:54 | INFO | Oferta duplicada omitida: https://www.magneto365.com/co/empleos/desarrollador-fullstack-javascriptnode-js-colombia-906260
2026-05-08 14:33:54 | INFO | Oferta duplicada omitida: https://www.magneto365.com/co/empleos/desarrollador-de-software-con-enfoque-en-inteligencia-artificial-899657
2026-05-08 14:33:54 | INFO | Oferta duplicada omitida: https://www.magneto365.com/co/empleos/desarrollador-de-software-ia-javascript-react-bucaramanga-913803
2026-05-08 14:33:54 | INFO | Oferta duplicada omitida: https://www.magneto365.com/co/empleos/desarrollador-python-bogota-909596
2026-05-08 14:33:54 | INFO | Oferta duplicada omitida: https://www.magneto365.com/co/empleos/desarrolladora-fullstack-896069
2026-05-08 14:33:54 | INFO | Oferta duplicada omitida: https://www.magneto365.com/co/empleos/desarrollador-fullstack-884799
2026-05-08 14:33:54 | INFO | Oferta duplicada omitida: https://www.magneto365.com/co/empleos/ingeniero-fullstack-senior-net-flutter-angular-teletrabajo-en-colombia-882683
2026-05-08 14:33:54 | INFO | Oferta duplicada omitida: https://www.magneto365.com/co/empleos/desarrollador-fullstack-senior-net-react-teletrabajo-colombia-889531
2026-05-08 14:33:54 | INFO | Oferta duplicada omitida: https://www.magneto365.com/co/empleos/desarrollador-fullstack-medellin-846369
2026-05-08 14:33:54 | INFO | Oferta duplicada omitida: https://www.magneto365.com/co/empleos/desarrollador-backend-senior-python-897964
2026-05-08 14:33:54 | INFO | Oferta duplicada omitida: https://www.magneto365.com/co/empleos/desarrollador-a-mobile-react-native-bogota-913246
2026-05-08 14:33:54 | INFO | Oferta duplicada omitida: https://www.magneto365.com/co/empleos/analista-tecnico-senior-bilingue-b2c1-java-react-react-native-remoto-bogota-887625
2026-05-08 14:33:54 | INFO | Oferta duplicada omitida: https://www.magneto365.com/co/empleos/desarrollador-senior-full-stack-bilingue-java-react-remoto-bogota-892791
2026-05-08 14:33:54 | INFO | Oferta duplicada omitida: https://www.magneto365.com/co/empleos/desarrollador-de-software-909610
2026-05-08 14:33:54 | INFO | Oferta duplicada omitida: https://www.magneto365.com/co/empleos/senior-data-engineer-1626494698-8-892405
2026-05-08 14:33:54 | INFO | Oferta duplicada omitida: https://www.magneto365.com/co/empleos/ingeniero-devops-mid-junior-899771
2026-05-08 14:33:54 | INFO | Oferta duplicada omitida: https://www.magneto365.com/co/empleos/analista-qa-882273
2026-05-08 14:33:54 | INFO | Oferta duplicada omitida: https://www.magneto365.com/co/empleos/desarrollador-fullstack-senior-hibrido-en-cali-895467
2026-05-08 14:33:54 | INFO | Oferta duplicada omitida: https://www.magneto365.com/co/empleos/desarrollador-fullstack-en-hidrocarburos-python-java-891227
2026-05-08 14:33:54 | INFO | Oferta duplicada omitida: https://www.magneto365.com/co/empleos/desarrollador-fullstack-senior-hibrido-en-cali-848809
2026-05-08 14:33:54 | INFO | Oferta duplicada omitida: https://www.magneto365.com/co/empleos/desarrollador-fullstack-senior-829393
2026-05-08 14:33:54 | INFO | Oferta duplicada omitida: https://www.magneto365.com/co/empleos/desarrollador-php-freelance-884817
2026-05-08 14:33:54 | INFO | Oferta duplicada omitida: https://www.magneto365.com/co/empleos/desarrollador-a-de-software-891058
2026-05-08 14:33:54 | INFO | Oferta duplicada omitida: https://www.magneto365.com/co/empleos/desarrollador-frontend-y-gestion-de-contenido-medellin-884727
2026-05-08 14:33:54 | INFO | Oferta duplicada omitida: https://www.magneto365.com/co/empleos/desarrollador-frontend-webmaster-847312
2026-05-08 14:33:54 | INFO | Oferta duplicada omitida: https://www.magneto365.com/co/empleos/senior-frontend-engineer-907809
2026-05-08 14:33:54 | INFO | Oferta duplicada omitida: https://www.magneto365.com/co/empleos/desarrollador-front-end-ecommerce-897233
2026-05-08 14:33:54 | INFO | Oferta duplicada omitida: https://www.magneto365.com/co/empleos/desarrollador-backend-912569
2026-05-08 14:33:54 | INFO | Oferta duplicada omitida: https://www.magneto365.com/co/empleos/desarrollador-backend-oracle-plsql-hxgn-eam-galapa-907640
2026-05-08 14:33:54 | INFO | Oferta duplicada omitida: https://www.magneto365.com/co/empleos/desarrollador-backend-884791
2026-05-08 14:33:54 | INFO | Oferta duplicada omitida: https://www.magneto365.com/co/empleos/desarrollador-senior-java-spring-boot-y-python-remoto-colombia-899477
2026-05-08 14:33:54 | INFO | Oferta duplicada omitida: https://www.magneto365.com/co/empleos/desarrollador-full-stack-895178
2026-05-08 14:33:54 | INFO | Oferta duplicada omitida: https://www.magneto365.com/co/empleos/especialista-i-desarrollador-pco-886336
2026-05-08 14:33:54 | INFO | Oferta duplicada omitida: https://www.magneto365.com/co/empleos/desarrollador-full-stack-python-react-ia-cali-908099
2026-05-08 14:33:54 | INFO | Oferta duplicada omitida: https://www.magneto365.com/co/empleos/desarrollador-senior-full-stack-909405
2026-05-08 14:33:54 | INFO | Oferta duplicada omitida: https://www.magneto365.com/co/empleos/desarrolladorprogramador-bi-financiera-888680
2026-05-08 14:33:54 | INFO | Oferta duplicada omitida: https://www.magneto365.com/co/empleos/desarrollador-especialista-de-software-medellin-843102
2026-05-08 14:33:54 | INFO | Oferta duplicada omitida: https://www.magneto365.com/co/empleos/desarrollador-de-software-835075
2026-05-08 14:33:54 | INFO | Oferta duplicada omitida: https://www.magneto365.com/co/empleos/ingeniero-a-tecnologia-talento-que-transforma-913134
2026-05-08 14:33:54 | INFO | Oferta duplicada omitida: https://www.magneto365.com/co/empleos/tester-qa-pruebas-de-software-hibrido-bogota-908108
2026-05-08 14:33:54 | INFO | Oferta duplicada omitida: https://www.magneto365.com/co/empleos/coordinadora-de-servicios-de-desarrollo-de-software-1626119083-2-900284
2026-05-08 14:33:54 | INFO | Oferta duplicada omitida: https://www.magneto365.com/co/empleos/arquitecto-de-software-899087
2026-05-08 14:33:54 | INFO | Oferta duplicada omitida: https://www.magneto365.com/co/empleos/lider-tecnico-desarrollo-software-java-888526
2026-05-08 14:33:54 | INFO | Oferta duplicada omitida: https://www.magneto365.com/co/empleos/arquitecto-de-software-para-transformacion-digital-en-salud-y-contabilidad-886496
2026-05-08 14:33:54 | INFO | Oferta duplicada omitida: https://www.magneto365.com/co/empleos/arquitecto-de-software-822827
2026-05-08 14:33:54 | INFO | Oferta duplicada omitida: https://www.magneto365.com/co/empleos/practicante-sistemas-de-informacion-base-comercial-895470
2026-05-08 14:33:54 | INFO | Oferta duplicada omitida: https://www.magneto365.com/co/empleos/desarrollador-de-software-lider-microservicios-remoto-894672
2026-05-08 14:33:54 | INFO | Oferta duplicada omitida: https://www.magneto365.com/co/empleos/analista-tecnico-senior-desarrollo-de-software-bilingue-884537
2026-05-08 14:33:54 | INFO | Oferta duplicada omitida: https://www.magneto365.com/co/empleos/practicante-ingenieria-de-sistemas-desarrollo-y-soporte-ti-bogota-901179
2026-05-08 14:33:54 | INFO | Oferta duplicada omitida: https://www.magneto365.com/co/empleos/practicante-profesional-ingenieria-de-sistemas-medellin-899409
2026-05-08 14:33:54 | INFO | Oferta duplicada omitida: https://www.magneto365.com/co/empleos/practicante-chatbot-contratacion-y-colaboradores-whatsapp-895458
2026-05-08 14:33:54 | INFO | Oferta duplicada omitida: https://www.magneto365.com/co/empleos/analista-desarrollo-comercial-ii-bogota-899720
2026-05-08 14:33:54 | INFO | Oferta duplicada omitida: https://www.magneto365.com/co/empleos/analista-de-desarrollo-de-software-net-angular-sql-server-colombia-914543
2026-05-08 14:33:54 | INFO | Oferta duplicada omitida: https://www.magneto365.com/co/empleos/analista-de-ingenieria-desarrollo-de-producto-industrial-914466
2026-05-08 14:33:54 | INFO | Oferta duplicada omitida: https://www.magneto365.com/co/empleos/analista-de-desarrollo-logistico-908067
2026-05-08 14:33:54 | INFO | Oferta duplicada omitida: https://www.magneto365.com/co/empleos/analista-de-desarrollo-de-productos-industria-colombia-906038
2026-05-08 14:33:54 | INFO | Oferta duplicada omitida: https://www.magneto365.com/co/empleos/analista-de-desarrollo-905172
2026-05-08 14:33:54 | INFO | Oferta duplicada omitida: https://www.magneto365.com/co/empleos/analista-de-formacion-y-desarrollo-de-talento-905159
2026-05-08 14:33:54 | INFO | Oferta duplicada omitida: https://www.magneto365.com/co/empleos/analista-de-cultura-y-desarrollo-temporal-por-licencia-de-maternidad-901840
2026-05-08 14:33:54 | INFO | Oferta duplicada omitida: https://www.magneto365.com/co/empleos/analista-de-automatizacion-y-desarrollo-termino-fijo-900710
2026-05-08 14:33:54 | INFO | Oferta duplicada omitida: https://www.magneto365.com/co/empleos/analista-de-desarrollo-de-software-1626071855-68-897977
2026-05-08 14:33:54 | INFO | Oferta duplicada omitida: https://www.magneto365.com/co/empleos/analista-de-desarrollo-humano-897395
2026-05-08 14:33:54 | INFO | Oferta duplicada omitida: https://www.magneto365.com/co/empleos/analista-de-atraccion-cultura-y-desarrollo-1626073720-39-887030
2026-05-08 14:33:54 | INFO | Oferta duplicada omitida: https://www.magneto365.com/co/empleos/desarrolladora-de-software-1626142096-3-908837
2026-05-08 14:33:54 | INFO | Oferta duplicada omitida: https://www.magneto365.com/co/empleos/ceid-desarrolladora-de-software-senior-rpa-905848
2026-05-08 14:33:54 | INFO | Oferta duplicada omitida: https://www.magneto365.com/co/empleos/desarrolladora-de-software-qa-1626436242-51-906064
2026-05-08 14:33:54 | INFO | Oferta duplicada omitida: https://www.magneto365.com/co/empleos/ceid-desarrollador-de-software-semisenior-1626492604-5-891596
2026-05-08 14:33:54 | INFO | Oferta duplicada omitida: https://www.magneto365.com/co/empleos/desarrollador-de-negocios-bogota-910216
2026-05-08 14:33:54 | INFO | Oferta duplicada omitida: https://www.magneto365.com/co/empleos/desarrollador-mid-level-sprint-contributor-902838
2026-05-08 14:33:54 | INFO | Oferta duplicada omitida: https://www.magneto365.com/co/empleos/desarrolladora-fronted-1626040293-334-896881
2026-05-08 14:33:54 | INFO | Oferta duplicada omitida: https://www.magneto365.com/co/empleos/programador-de-publicidad-digital-893246
2026-05-08 14:33:54 | INFO | Oferta duplicada omitida: https://www.magneto365.com/co/empleos/programador-tornero-cnc-puente-aranda-891925
2026-05-08 14:33:54 | INFO | Oferta duplicada omitida: https://www.magneto365.com/co/empleos/programador-de-flota-33303-886852
2026-05-08 14:33:54 | INFO | Oferta duplicada omitida: https://www.magneto365.com/co/empleos/instrumentador-quirurgico-888639
2026-05-08 14:33:54 | INFO | Oferta duplicada omitida: https://www.magneto365.com/co/empleos/analista-de-programacion-de-turnos-en-empresas-de-seguridad-881373
2026-05-08 14:33:54 | INFO | Oferta duplicada omitida: https://www.magneto365.com/co/empleos/integracion-automatizacion-control-ensamble-832860
2026-05-08 14:33:54 | INFO | Oferta duplicada omitida: https://www.magneto365.com/co/empleos/lider-de-planeacion-y-programacion-de-produccion-colombia-894342
2026-05-08 14:33:54 | INFO | Resumen ciclo | revisadas=80 | aplicadas=0 | errores=0 | omitidas=80
2026-05-08 14:33:54 | INFO | Esperando 180 segundos para el siguiente ciclo.
2026-05-08 14:36:54 | INFO | Buscando en Magneto: https://www.magneto365.com/co/trabajos/buscar/full-stack-developer
2026-05-08 14:36:55 | INFO | Ofertas extraídas de Magneto: 7
2026-05-08 14:36:55 | INFO | Buscando en Magneto: https://www.magneto365.com/co/trabajos/buscar/fullstack-developer
2026-05-08 14:36:56 | INFO | Ofertas extraídas de Magneto: 6
2026-05-08 14:36:56 | INFO | Buscando en Magneto: https://www.magneto365.com/co/trabajos/buscar/frontend-developer
2026-05-08 14:36:57 | INFO | Ofertas extraídas de Magneto: 1
2026-05-08 14:36:57 | INFO | Buscando en Magneto: https://www.magneto365.com/co/trabajos/buscar/backend-developer
2026-05-08 14:36:58 | INFO | Ofertas extraídas de Magneto: 4
2026-05-08 14:36:58 | INFO | Buscando en Magneto: https://www.magneto365.com/co/trabajos/buscar/react-developer
2026-05-08 14:36:59 | INFO | Ofertas extraídas de Magneto: 6
2026-05-08 14:36:59 | INFO | Buscando en Magneto: https://www.magneto365.com/co/trabajos/buscar/react-native
2026-05-08 14:37:03 | INFO | Ofertas extraídas de Magneto: 3
2026-05-08 14:37:03 | INFO | Buscando en Magneto: https://www.magneto365.com/co/trabajos/buscar/node-js-developer
2026-05-08 14:37:24 | INFO | No se encontraron resultados visibles en la búsqueda actual.
2026-05-08 14:37:24 | INFO | Ofertas extraídas de Magneto: 0
2026-05-08 14:37:24 | INFO | Busqueda por URL sin resultados. Usando pagina de ciudad para: Node.js Developer
2026-05-08 14:37:26 | INFO | Ofertas extraídas de Magneto: 1
2026-05-08 14:37:26 | INFO | Buscando en Magneto: https://www.magneto365.com/co/trabajos/buscar/javascript-developer
2026-05-08 14:37:27 | INFO | Ofertas extraídas de Magneto: 6
2026-05-08 14:37:27 | INFO | Buscando en Magneto: https://www.magneto365.com/co/trabajos/buscar/typescript-developer
2026-05-08 14:37:48 | INFO | No se encontraron resultados visibles en la búsqueda actual.
2026-05-08 14:37:48 | INFO | Ofertas extraídas de Magneto: 0
2026-05-08 14:37:48 | INFO | Busqueda por URL sin resultados. Usando pagina de ciudad para: TypeScript Developer
2026-05-08 14:37:50 | INFO | Ofertas extraídas de Magneto: 1
2026-05-08 14:37:50 | INFO | Buscando en Magneto: https://www.magneto365.com/co/trabajos/buscar/software-engineer
2026-05-08 14:37:54 | INFO | Ofertas extraídas de Magneto: 6
2026-05-08 14:37:54 | INFO | Buscando en Magneto: https://www.magneto365.com/co/trabajos/buscar/desarrollador-fullstack
2026-05-08 14:37:56 | INFO | Ofertas extraídas de Magneto: 12
2026-05-08 14:37:56 | INFO | Buscando en Magneto: https://www.magneto365.com/co/trabajos/buscar/desarrollador-frontend
2026-05-08 14:37:57 | INFO | Ofertas extraídas de Magneto: 5
2026-05-08 14:37:57 | INFO | Buscando en Magneto: https://www.magneto365.com/co/trabajos/buscar/desarrollador-backend
2026-05-08 14:37:59 | INFO | Ofertas extraídas de Magneto: 10
2026-05-08 14:37:59 | INFO | Buscando en Magneto: https://www.magneto365.com/co/trabajos/buscar/desarrollador-react
2026-05-08 14:38:00 | INFO | Ofertas extraídas de Magneto: 13
2026-05-08 14:38:00 | INFO | Buscando en Magneto: https://www.magneto365.com/co/trabajos/buscar/desarrollador-javascript
2026-05-08 14:38:01 | INFO | Ofertas extraídas de Magneto: 11
2026-05-08 14:38:01 | INFO | Buscando en Magneto: https://www.magneto365.com/co/trabajos/buscar/desarrollador-typescript
2026-05-08 14:38:03 | INFO | Ofertas extraídas de Magneto: 1
2026-05-08 14:38:03 | INFO | Buscando en Magneto: https://www.magneto365.com/co/trabajos/buscar/desarrollador-node
2026-05-08 14:38:04 | INFO | Ofertas extraídas de Magneto: 2
2026-05-08 14:38:04 | INFO | Buscando en Magneto: https://www.magneto365.com/co/trabajos/buscar/ingeniero-software
2026-05-08 14:38:05 | INFO | Ofertas extraídas de Magneto: 17
2026-05-08 14:38:05 | INFO | Buscando en Magneto: https://www.magneto365.com/co/trabajos/buscar/analista-desarrollo
2026-05-08 14:38:07 | INFO | Ofertas extraídas de Magneto: 12
2026-05-08 14:38:07 | INFO | Buscando en Magneto: https://www.magneto365.com/co/trabajos/buscar/desarrollador-software
2026-05-08 14:38:09 | INFO | Ofertas extraídas de Magneto: 19
2026-05-08 14:38:09 | INFO | Buscando en Magneto: https://www.magneto365.com/co/trabajos/buscar/programador
2026-05-08 14:38:11 | INFO | Ofertas extraídas de Magneto: 17
2026-05-08 14:38:11 | INFO | Oferta duplicada omitida: https://www.magneto365.com/co/empleos/full-stack-developer-1626494698-9-912135
2026-05-08 14:38:11 | INFO | Oferta duplicada omitida: https://www.magneto365.com/co/empleos/desarrollador-full-stack-895702
2026-05-08 14:38:11 | INFO | Oferta duplicada omitida: https://www.magneto365.com/co/empleos/desarrollador-full-896787
2026-05-08 14:38:11 | INFO | Oferta duplicada omitida: https://www.magneto365.com/co/empleos/desarrollador-fullstack-javascriptnode-js-colombia-906260
2026-05-08 14:38:11 | INFO | Oferta duplicada omitida: https://www.magneto365.com/co/empleos/desarrollador-de-software-con-enfoque-en-inteligencia-artificial-899657
2026-05-08 14:38:11 | INFO | Oferta duplicada omitida: https://www.magneto365.com/co/empleos/desarrollador-de-software-ia-javascript-react-bucaramanga-913803
2026-05-08 14:38:11 | INFO | Oferta duplicada omitida: https://www.magneto365.com/co/empleos/desarrollador-python-bogota-909596
2026-05-08 14:38:11 | INFO | Oferta duplicada omitida: https://www.magneto365.com/co/empleos/desarrolladora-fullstack-896069
2026-05-08 14:38:11 | INFO | Oferta duplicada omitida: https://www.magneto365.com/co/empleos/desarrollador-fullstack-884799
2026-05-08 14:38:11 | INFO | Oferta duplicada omitida: https://www.magneto365.com/co/empleos/ingeniero-fullstack-senior-net-flutter-angular-teletrabajo-en-colombia-882683
2026-05-08 14:38:11 | INFO | Oferta duplicada omitida: https://www.magneto365.com/co/empleos/desarrollador-fullstack-senior-net-react-teletrabajo-colombia-889531
2026-05-08 14:38:11 | INFO | Oferta duplicada omitida: https://www.magneto365.com/co/empleos/desarrollador-fullstack-medellin-846369
2026-05-08 14:38:11 | INFO | Oferta duplicada omitida: https://www.magneto365.com/co/empleos/desarrollador-backend-senior-python-897964
2026-05-08 14:38:11 | INFO | Oferta duplicada omitida: https://www.magneto365.com/co/empleos/desarrollador-a-mobile-react-native-bogota-913246
2026-05-08 14:38:11 | INFO | Oferta duplicada omitida: https://www.magneto365.com/co/empleos/analista-tecnico-senior-bilingue-b2c1-java-react-react-native-remoto-bogota-887625
2026-05-08 14:38:11 | INFO | Oferta duplicada omitida: https://www.magneto365.com/co/empleos/desarrollador-senior-full-stack-bilingue-java-react-remoto-bogota-892791
2026-05-08 14:38:11 | INFO | Abriendo oferta: https://www.magneto365.com/co/empleos/desarrollador-ti-911545
2026-05-08 14:38:28 | INFO | Oferta duplicada omitida: https://www.magneto365.com/co/empleos/desarrollador-de-software-909610
2026-05-08 14:38:28 | INFO | Oferta duplicada omitida: https://www.magneto365.com/co/empleos/senior-data-engineer-1626494698-8-892405
2026-05-08 14:38:28 | INFO | Oferta duplicada omitida: https://www.magneto365.com/co/empleos/ingeniero-devops-mid-junior-899771
2026-05-08 14:38:28 | INFO | Oferta duplicada omitida: https://www.magneto365.com/co/empleos/analista-qa-882273
2026-05-08 14:38:28 | INFO | Oferta duplicada omitida: https://www.magneto365.com/co/empleos/desarrollador-fullstack-senior-hibrido-en-cali-895467
2026-05-08 14:38:28 | INFO | Oferta duplicada omitida: https://www.magneto365.com/co/empleos/desarrollador-fullstack-en-hidrocarburos-python-java-891227
2026-05-08 14:38:28 | INFO | Oferta duplicada omitida: https://www.magneto365.com/co/empleos/desarrollador-fullstack-senior-hibrido-en-cali-848809
2026-05-08 14:38:28 | INFO | Oferta duplicada omitida: https://www.magneto365.com/co/empleos/desarrollador-fullstack-senior-829393
2026-05-08 14:38:28 | INFO | Oferta duplicada omitida: https://www.magneto365.com/co/empleos/desarrollador-php-freelance-884817
2026-05-08 14:38:28 | INFO | Oferta duplicada omitida: https://www.magneto365.com/co/empleos/desarrollador-a-de-software-891058
2026-05-08 14:38:28 | INFO | Oferta duplicada omitida: https://www.magneto365.com/co/empleos/desarrollador-frontend-y-gestion-de-contenido-medellin-884727
2026-05-08 14:38:28 | INFO | Oferta duplicada omitida: https://www.magneto365.com/co/empleos/desarrollador-frontend-webmaster-847312
2026-05-08 14:38:28 | INFO | Oferta duplicada omitida: https://www.magneto365.com/co/empleos/senior-frontend-engineer-907809
2026-05-08 14:38:28 | INFO | Oferta duplicada omitida: https://www.magneto365.com/co/empleos/desarrollador-front-end-ecommerce-897233
2026-05-08 14:38:28 | INFO | Oferta duplicada omitida: https://www.magneto365.com/co/empleos/desarrollador-backend-912569
2026-05-08 14:38:28 | INFO | Oferta duplicada omitida: https://www.magneto365.com/co/empleos/desarrollador-backend-oracle-plsql-hxgn-eam-galapa-907640
2026-05-08 14:38:28 | INFO | Oferta duplicada omitida: https://www.magneto365.com/co/empleos/desarrollador-backend-884791
2026-05-08 14:38:28 | INFO | Oferta duplicada omitida: https://www.magneto365.com/co/empleos/desarrollador-senior-java-spring-boot-y-python-remoto-colombia-899477
2026-05-08 14:38:28 | INFO | Oferta duplicada omitida: https://www.magneto365.com/co/empleos/desarrollador-full-stack-895178
2026-05-08 14:38:28 | INFO | Oferta duplicada omitida: https://www.magneto365.com/co/empleos/especialista-i-desarrollador-pco-886336
2026-05-08 14:38:28 | INFO | Oferta duplicada omitida: https://www.magneto365.com/co/empleos/desarrollador-full-stack-python-react-ia-cali-908099
2026-05-08 14:38:28 | INFO | Oferta duplicada omitida: https://www.magneto365.com/co/empleos/desarrollador-senior-full-stack-909405
2026-05-08 14:38:28 | INFO | Oferta duplicada omitida: https://www.magneto365.com/co/empleos/desarrolladorprogramador-bi-financiera-888680
2026-05-08 14:38:28 | INFO | Oferta duplicada omitida: https://www.magneto365.com/co/empleos/desarrollador-especialista-de-software-medellin-843102
2026-05-08 14:38:28 | INFO | Oferta duplicada omitida: https://www.magneto365.com/co/empleos/desarrollador-de-software-835075
2026-05-08 14:38:28 | INFO | Oferta duplicada omitida: https://www.magneto365.com/co/empleos/ingeniero-a-tecnologia-talento-que-transforma-913134
2026-05-08 14:38:28 | INFO | Oferta duplicada omitida: https://www.magneto365.com/co/empleos/tester-qa-pruebas-de-software-hibrido-bogota-908108
2026-05-08 14:38:28 | INFO | Oferta duplicada omitida: https://www.magneto365.com/co/empleos/coordinadora-de-servicios-de-desarrollo-de-software-1626119083-2-900284
2026-05-08 14:38:28 | INFO | Oferta duplicada omitida: https://www.magneto365.com/co/empleos/arquitecto-de-software-899087
2026-05-08 14:38:28 | INFO | Oferta duplicada omitida: https://www.magneto365.com/co/empleos/lider-tecnico-desarrollo-software-java-888526
2026-05-08 14:38:28 | INFO | Oferta duplicada omitida: https://www.magneto365.com/co/empleos/arquitecto-de-software-para-transformacion-digital-en-salud-y-contabilidad-886496
2026-05-08 14:38:28 | INFO | Oferta duplicada omitida: https://www.magneto365.com/co/empleos/arquitecto-de-software-822827
2026-05-08 14:38:28 | INFO | Oferta duplicada omitida: https://www.magneto365.com/co/empleos/practicante-sistemas-de-informacion-base-comercial-895470
2026-05-08 14:38:28 | INFO | Oferta duplicada omitida: https://www.magneto365.com/co/empleos/desarrollador-de-software-lider-microservicios-remoto-894672
2026-05-08 14:38:28 | INFO | Oferta duplicada omitida: https://www.magneto365.com/co/empleos/analista-tecnico-senior-desarrollo-de-software-bilingue-884537
2026-05-08 14:38:28 | INFO | Oferta duplicada omitida: https://www.magneto365.com/co/empleos/practicante-ingenieria-de-sistemas-desarrollo-y-soporte-ti-bogota-901179
2026-05-08 14:38:28 | INFO | Oferta duplicada omitida: https://www.magneto365.com/co/empleos/practicante-profesional-ingenieria-de-sistemas-medellin-899409
2026-05-08 14:38:28 | INFO | Oferta duplicada omitida: https://www.magneto365.com/co/empleos/practicante-chatbot-contratacion-y-colaboradores-whatsapp-895458
2026-05-08 14:38:28 | INFO | Oferta duplicada omitida: https://www.magneto365.com/co/empleos/analista-desarrollo-comercial-ii-bogota-899720
2026-05-08 14:38:28 | INFO | Oferta duplicada omitida: https://www.magneto365.com/co/empleos/analista-de-desarrollo-de-software-net-angular-sql-server-colombia-914543
2026-05-08 14:38:28 | INFO | Oferta duplicada omitida: https://www.magneto365.com/co/empleos/analista-de-ingenieria-desarrollo-de-producto-industrial-914466
2026-05-08 14:38:28 | INFO | Oferta duplicada omitida: https://www.magneto365.com/co/empleos/analista-de-desarrollo-logistico-908067
2026-05-08 14:38:28 | INFO | Oferta duplicada omitida: https://www.magneto365.com/co/empleos/analista-de-desarrollo-de-productos-industria-colombia-906038
2026-05-08 14:38:28 | INFO | Oferta duplicada omitida: https://www.magneto365.com/co/empleos/analista-de-desarrollo-905172
2026-05-08 14:38:28 | INFO | Oferta duplicada omitida: https://www.magneto365.com/co/empleos/analista-de-formacion-y-desarrollo-de-talento-905159
2026-05-08 14:38:28 | INFO | Oferta duplicada omitida: https://www.magneto365.com/co/empleos/analista-de-cultura-y-desarrollo-temporal-por-licencia-de-maternidad-901840
2026-05-08 14:38:28 | INFO | Oferta duplicada omitida: https://www.magneto365.com/co/empleos/analista-de-automatizacion-y-desarrollo-termino-fijo-900710
2026-05-08 14:38:28 | INFO | Oferta duplicada omitida: https://www.magneto365.com/co/empleos/analista-de-desarrollo-de-software-1626071855-68-897977
2026-05-08 14:38:28 | INFO | Oferta duplicada omitida: https://www.magneto365.com/co/empleos/analista-de-desarrollo-humano-897395
2026-05-08 14:38:28 | INFO | Oferta duplicada omitida: https://www.magneto365.com/co/empleos/analista-de-atraccion-cultura-y-desarrollo-1626073720-39-887030
2026-05-08 14:38:28 | INFO | Oferta duplicada omitida: https://www.magneto365.com/co/empleos/desarrolladora-de-software-1626142096-3-908837
2026-05-08 14:38:28 | INFO | Oferta duplicada omitida: https://www.magneto365.com/co/empleos/ceid-desarrolladora-de-software-senior-rpa-905848
2026-05-08 14:38:28 | INFO | Oferta duplicada omitida: https://www.magneto365.com/co/empleos/desarrolladora-de-software-qa-1626436242-51-906064
2026-05-08 14:38:28 | INFO | Oferta duplicada omitida: https://www.magneto365.com/co/empleos/ceid-desarrollador-de-software-semisenior-1626492604-5-891596
2026-05-08 14:38:28 | INFO | Oferta duplicada omitida: https://www.magneto365.com/co/empleos/desarrollador-de-negocios-bogota-910216
2026-05-08 14:38:28 | INFO | Oferta duplicada omitida: https://www.magneto365.com/co/empleos/desarrollador-mid-level-sprint-contributor-902838
2026-05-08 14:38:28 | INFO | Oferta duplicada omitida: https://www.magneto365.com/co/empleos/desarrolladora-fronted-1626040293-334-896881
2026-05-08 14:38:28 | INFO | Oferta duplicada omitida: https://www.magneto365.com/co/empleos/programador-de-publicidad-digital-893246
2026-05-08 14:38:28 | INFO | Oferta duplicada omitida: https://www.magneto365.com/co/empleos/programador-tornero-cnc-puente-aranda-891925
2026-05-08 14:38:28 | INFO | Oferta duplicada omitida: https://www.magneto365.com/co/empleos/programador-de-flota-33303-886852
2026-05-08 14:38:28 | INFO | Oferta duplicada omitida: https://www.magneto365.com/co/empleos/instrumentador-quirurgico-888639
2026-05-08 14:38:28 | INFO | Oferta duplicada omitida: https://www.magneto365.com/co/empleos/analista-de-programacion-de-turnos-en-empresas-de-seguridad-881373
2026-05-08 14:38:28 | INFO | Oferta duplicada omitida: https://www.magneto365.com/co/empleos/integracion-automatizacion-control-ensamble-832860
2026-05-08 14:38:28 | INFO | Resumen ciclo | revisadas=80 | aplicadas=1 | errores=0 | omitidas=79
2026-05-08 14:38:28 | INFO | Esperando 180 segundos para el siguiente ciclo.
2026-05-08 14:41:28 | INFO | Buscando en Magneto: https://www.magneto365.com/co/trabajos/buscar/full-stack-developer
2026-05-08 14:41:29 | INFO | Ofertas extraídas de Magneto: 8
2026-05-08 14:41:29 | INFO | Buscando en Magneto: https://www.magneto365.com/co/trabajos/buscar/fullstack-developer
2026-05-08 14:41:30 | INFO | Ofertas extraídas de Magneto: 6
2026-05-08 14:41:30 | INFO | Buscando en Magneto: https://www.magneto365.com/co/trabajos/buscar/frontend-developer
2026-05-08 14:41:31 | INFO | Ofertas extraídas de Magneto: 1
2026-05-08 14:41:31 | INFO | Buscando en Magneto: https://www.magneto365.com/co/trabajos/buscar/backend-developer
2026-05-08 14:41:33 | INFO | Ofertas extraídas de Magneto: 4
2026-05-08 14:41:33 | INFO | Buscando en Magneto: https://www.magneto365.com/co/trabajos/buscar/react-developer
2026-05-08 14:41:34 | INFO | Ofertas extraídas de Magneto: 6
2026-05-08 14:41:34 | INFO | Buscando en Magneto: https://www.magneto365.com/co/trabajos/buscar/react-native
2026-05-08 14:41:35 | INFO | Ofertas extraídas de Magneto: 3
2026-05-08 14:41:35 | INFO | Buscando en Magneto: https://www.magneto365.com/co/trabajos/buscar/node-js-developer
2026-05-08 14:41:56 | INFO | No se encontraron resultados visibles en la búsqueda actual.
2026-05-08 14:41:56 | INFO | Ofertas extraídas de Magneto: 0
2026-05-08 14:41:56 | INFO | Busqueda por URL sin resultados. Usando pagina de ciudad para: Node.js Developer
2026-05-08 14:42:02 | INFO | Ofertas extraídas de Magneto: 0
2026-05-08 14:42:02 | INFO | Buscando en Magneto: https://www.magneto365.com/co/trabajos/buscar/javascript-developer
2026-05-08 14:42:03 | INFO | Ofertas extraídas de Magneto: 6
2026-05-08 14:42:03 | INFO | Buscando en Magneto: https://www.magneto365.com/co/trabajos/buscar/typescript-developer
2026-05-08 14:42:24 | INFO | No se encontraron resultados visibles en la búsqueda actual.
2026-05-08 14:42:24 | INFO | Ofertas extraídas de Magneto: 0
2026-05-08 14:42:24 | INFO | Busqueda por URL sin resultados. Usando pagina de ciudad para: TypeScript Developer
2026-05-08 14:42:26 | INFO | Ofertas extraídas de Magneto: 0
2026-05-08 14:42:26 | INFO | Buscando en Magneto: https://www.magneto365.com/co/trabajos/buscar/software-engineer
2026-05-08 14:42:27 | INFO | Ofertas extraídas de Magneto: 6
2026-05-08 14:42:27 | INFO | Buscando en Magneto: https://www.magneto365.com/co/trabajos/buscar/desarrollador-fullstack
2026-05-08 14:42:28 | INFO | Ofertas extraídas de Magneto: 12
2026-05-08 14:42:28 | INFO | Buscando en Magneto: https://www.magneto365.com/co/trabajos/buscar/desarrollador-frontend
2026-05-08 14:42:29 | INFO | Ofertas extraídas de Magneto: 5
2026-05-08 14:42:29 | INFO | Buscando en Magneto: https://www.magneto365.com/co/trabajos/buscar/desarrollador-backend
2026-05-08 14:42:30 | INFO | Ofertas extraídas de Magneto: 10
2026-05-08 14:42:30 | INFO | Buscando en Magneto: https://www.magneto365.com/co/trabajos/buscar/desarrollador-react
2026-05-08 14:42:32 | INFO | Ofertas extraídas de Magneto: 13
2026-05-08 14:42:32 | INFO | Buscando en Magneto: https://www.magneto365.com/co/trabajos/buscar/desarrollador-javascript
2026-05-08 14:42:33 | INFO | Ofertas extraídas de Magneto: 11
2026-05-08 14:42:33 | INFO | Buscando en Magneto: https://www.magneto365.com/co/trabajos/buscar/desarrollador-typescript
2026-05-08 14:42:34 | INFO | Ofertas extraídas de Magneto: 1
2026-05-08 14:42:34 | INFO | Buscando en Magneto: https://www.magneto365.com/co/trabajos/buscar/desarrollador-node
2026-05-08 14:42:35 | INFO | Ofertas extraídas de Magneto: 2
2026-05-08 14:42:35 | INFO | Buscando en Magneto: https://www.magneto365.com/co/trabajos/buscar/ingeniero-software
2026-05-08 14:42:36 | INFO | Ofertas extraídas de Magneto: 17
2026-05-08 14:42:36 | INFO | Buscando en Magneto: https://www.magneto365.com/co/trabajos/buscar/analista-desarrollo
2026-05-08 14:42:37 | INFO | Ofertas extraídas de Magneto: 12
2026-05-08 14:42:37 | INFO | Buscando en Magneto: https://www.magneto365.com/co/trabajos/buscar/desarrollador-software
2026-05-08 14:42:39 | INFO | Ofertas extraídas de Magneto: 19
2026-05-08 14:42:39 | INFO | Buscando en Magneto: https://www.magneto365.com/co/trabajos/buscar/programador
2026-05-08 14:42:40 | INFO | Ofertas extraídas de Magneto: 17
2026-05-08 14:42:40 | INFO | Oferta duplicada omitida: https://www.magneto365.com/co/empleos/full-stack-developer-1626494698-9-912135
2026-05-08 14:42:40 | INFO | Oferta duplicada omitida: https://www.magneto365.com/co/empleos/desarrollador-ti-911545
2026-05-08 14:42:40 | INFO | Oferta duplicada omitida: https://www.magneto365.com/co/empleos/desarrollador-full-stack-895702
2026-05-08 14:42:40 | INFO | Oferta duplicada omitida: https://www.magneto365.com/co/empleos/desarrollador-full-896787
2026-05-08 14:42:40 | INFO | Oferta duplicada omitida: https://www.magneto365.com/co/empleos/desarrollador-fullstack-javascriptnode-js-colombia-906260
2026-05-08 14:42:40 | INFO | Oferta duplicada omitida: https://www.magneto365.com/co/empleos/desarrollador-de-software-con-enfoque-en-inteligencia-artificial-899657
2026-05-08 14:42:40 | INFO | Oferta duplicada omitida: https://www.magneto365.com/co/empleos/desarrollador-de-software-ia-javascript-react-bucaramanga-913803
2026-05-08 14:42:40 | INFO | Oferta duplicada omitida: https://www.magneto365.com/co/empleos/desarrollador-python-bogota-909596
2026-05-08 14:42:40 | INFO | Oferta duplicada omitida: https://www.magneto365.com/co/empleos/desarrolladora-fullstack-896069
2026-05-08 14:42:40 | INFO | Oferta duplicada omitida: https://www.magneto365.com/co/empleos/desarrollador-fullstack-884799
2026-05-08 14:42:40 | INFO | Oferta duplicada omitida: https://www.magneto365.com/co/empleos/ingeniero-fullstack-senior-net-flutter-angular-teletrabajo-en-colombia-882683
2026-05-08 14:42:40 | INFO | Oferta duplicada omitida: https://www.magneto365.com/co/empleos/desarrollador-fullstack-senior-net-react-teletrabajo-colombia-889531
2026-05-08 14:42:40 | INFO | Oferta duplicada omitida: https://www.magneto365.com/co/empleos/desarrollador-fullstack-medellin-846369
2026-05-08 14:42:40 | INFO | Oferta duplicada omitida: https://www.magneto365.com/co/empleos/desarrollador-backend-senior-python-897964
2026-05-08 14:42:40 | INFO | Oferta duplicada omitida: https://www.magneto365.com/co/empleos/desarrollador-a-mobile-react-native-bogota-913246
2026-05-08 14:42:40 | INFO | Oferta duplicada omitida: https://www.magneto365.com/co/empleos/analista-tecnico-senior-bilingue-b2c1-java-react-react-native-remoto-bogota-887625
2026-05-08 14:42:40 | INFO | Oferta duplicada omitida: https://www.magneto365.com/co/empleos/desarrollador-senior-full-stack-bilingue-java-react-remoto-bogota-892791
2026-05-08 14:42:40 | INFO | Oferta duplicada omitida: https://www.magneto365.com/co/empleos/desarrollador-de-software-909610
2026-05-08 14:42:40 | INFO | Oferta duplicada omitida: https://www.magneto365.com/co/empleos/senior-data-engineer-1626494698-8-892405
2026-05-08 14:42:40 | INFO | Oferta duplicada omitida: https://www.magneto365.com/co/empleos/ingeniero-devops-mid-junior-899771
2026-05-08 14:42:40 | INFO | Oferta duplicada omitida: https://www.magneto365.com/co/empleos/analista-qa-882273
2026-05-08 14:42:40 | INFO | Oferta duplicada omitida: https://www.magneto365.com/co/empleos/desarrollador-fullstack-senior-hibrido-en-cali-895467
2026-05-08 14:42:40 | INFO | Oferta duplicada omitida: https://www.magneto365.com/co/empleos/desarrollador-fullstack-en-hidrocarburos-python-java-891227
2026-05-08 14:42:40 | INFO | Oferta duplicada omitida: https://www.magneto365.com/co/empleos/desarrollador-fullstack-senior-hibrido-en-cali-848809
2026-05-08 14:42:40 | INFO | Oferta duplicada omitida: https://www.magneto365.com/co/empleos/desarrollador-fullstack-senior-829393
2026-05-08 14:42:40 | INFO | Oferta duplicada omitida: https://www.magneto365.com/co/empleos/desarrollador-php-freelance-884817
2026-05-08 14:42:40 | INFO | Oferta duplicada omitida: https://www.magneto365.com/co/empleos/desarrollador-a-de-software-891058
2026-05-08 14:42:40 | INFO | Oferta duplicada omitida: https://www.magneto365.com/co/empleos/desarrollador-frontend-y-gestion-de-contenido-medellin-884727
2026-05-08 14:42:40 | INFO | Oferta duplicada omitida: https://www.magneto365.com/co/empleos/desarrollador-frontend-webmaster-847312
2026-05-08 14:42:40 | INFO | Oferta duplicada omitida: https://www.magneto365.com/co/empleos/senior-frontend-engineer-907809
2026-05-08 14:42:40 | INFO | Oferta duplicada omitida: https://www.magneto365.com/co/empleos/desarrollador-front-end-ecommerce-897233
2026-05-08 14:42:40 | INFO | Oferta duplicada omitida: https://www.magneto365.com/co/empleos/desarrollador-backend-912569
2026-05-08 14:42:40 | INFO | Oferta duplicada omitida: https://www.magneto365.com/co/empleos/desarrollador-backend-oracle-plsql-hxgn-eam-galapa-907640
2026-05-08 14:42:40 | INFO | Oferta duplicada omitida: https://www.magneto365.com/co/empleos/desarrollador-backend-884791
2026-05-08 14:42:40 | INFO | Oferta duplicada omitida: https://www.magneto365.com/co/empleos/desarrollador-senior-java-spring-boot-y-python-remoto-colombia-899477
2026-05-08 14:42:40 | INFO | Oferta duplicada omitida: https://www.magneto365.com/co/empleos/desarrollador-full-stack-895178
2026-05-08 14:42:40 | INFO | Oferta duplicada omitida: https://www.magneto365.com/co/empleos/especialista-i-desarrollador-pco-886336
2026-05-08 14:42:40 | INFO | Oferta duplicada omitida: https://www.magneto365.com/co/empleos/desarrollador-full-stack-python-react-ia-cali-908099
2026-05-08 14:42:40 | INFO | Oferta duplicada omitida: https://www.magneto365.com/co/empleos/desarrollador-senior-full-stack-909405
2026-05-08 14:42:40 | INFO | Oferta duplicada omitida: https://www.magneto365.com/co/empleos/desarrolladorprogramador-bi-financiera-888680
2026-05-08 14:42:40 | INFO | Oferta duplicada omitida: https://www.magneto365.com/co/empleos/desarrollador-especialista-de-software-medellin-843102
2026-05-08 14:42:40 | INFO | Oferta duplicada omitida: https://www.magneto365.com/co/empleos/desarrollador-de-software-835075
2026-05-08 14:42:40 | INFO | Oferta duplicada omitida: https://www.magneto365.com/co/empleos/ingeniero-a-tecnologia-talento-que-transforma-913134
2026-05-08 14:42:40 | INFO | Oferta duplicada omitida: https://www.magneto365.com/co/empleos/tester-qa-pruebas-de-software-hibrido-bogota-908108
2026-05-08 14:42:40 | INFO | Oferta duplicada omitida: https://www.magneto365.com/co/empleos/coordinadora-de-servicios-de-desarrollo-de-software-1626119083-2-900284
2026-05-08 14:42:40 | INFO | Oferta duplicada omitida: https://www.magneto365.com/co/empleos/arquitecto-de-software-899087
2026-05-08 14:42:40 | INFO | Oferta duplicada omitida: https://www.magneto365.com/co/empleos/lider-tecnico-desarrollo-software-java-888526
2026-05-08 14:42:40 | INFO | Oferta duplicada omitida: https://www.magneto365.com/co/empleos/arquitecto-de-software-para-transformacion-digital-en-salud-y-contabilidad-886496
2026-05-08 14:42:40 | INFO | Oferta duplicada omitida: https://www.magneto365.com/co/empleos/arquitecto-de-software-822827
2026-05-08 14:42:40 | INFO | Oferta duplicada omitida: https://www.magneto365.com/co/empleos/practicante-sistemas-de-informacion-base-comercial-895470
2026-05-08 14:42:40 | INFO | Oferta duplicada omitida: https://www.magneto365.com/co/empleos/desarrollador-de-software-lider-microservicios-remoto-894672
2026-05-08 14:42:40 | INFO | Oferta duplicada omitida: https://www.magneto365.com/co/empleos/analista-tecnico-senior-desarrollo-de-software-bilingue-884537
2026-05-08 14:42:40 | INFO | Oferta duplicada omitida: https://www.magneto365.com/co/empleos/practicante-ingenieria-de-sistemas-desarrollo-y-soporte-ti-bogota-901179
2026-05-08 14:42:40 | INFO | Oferta duplicada omitida: https://www.magneto365.com/co/empleos/practicante-profesional-ingenieria-de-sistemas-medellin-899409
2026-05-08 14:42:40 | INFO | Oferta duplicada omitida: https://www.magneto365.com/co/empleos/practicante-chatbot-contratacion-y-colaboradores-whatsapp-895458
2026-05-08 14:42:40 | INFO | Oferta duplicada omitida: https://www.magneto365.com/co/empleos/analista-desarrollo-comercial-ii-bogota-899720
2026-05-08 14:42:40 | INFO | Oferta duplicada omitida: https://www.magneto365.com/co/empleos/analista-de-desarrollo-de-software-net-angular-sql-server-colombia-914543
2026-05-08 14:42:40 | INFO | Oferta duplicada omitida: https://www.magneto365.com/co/empleos/analista-de-ingenieria-desarrollo-de-producto-industrial-914466
2026-05-08 14:42:40 | INFO | Oferta duplicada omitida: https://www.magneto365.com/co/empleos/analista-de-desarrollo-logistico-908067
2026-05-08 14:42:40 | INFO | Oferta duplicada omitida: https://www.magneto365.com/co/empleos/analista-de-desarrollo-de-productos-industria-colombia-906038
2026-05-08 14:42:40 | INFO | Oferta duplicada omitida: https://www.magneto365.com/co/empleos/analista-de-desarrollo-905172
2026-05-08 14:42:40 | INFO | Oferta duplicada omitida: https://www.magneto365.com/co/empleos/analista-de-formacion-y-desarrollo-de-talento-905159
2026-05-08 14:42:40 | INFO | Oferta duplicada omitida: https://www.magneto365.com/co/empleos/analista-de-cultura-y-desarrollo-temporal-por-licencia-de-maternidad-901840
2026-05-08 14:42:40 | INFO | Oferta duplicada omitida: https://www.magneto365.com/co/empleos/analista-de-automatizacion-y-desarrollo-termino-fijo-900710
2026-05-08 14:42:40 | INFO | Oferta duplicada omitida: https://www.magneto365.com/co/empleos/analista-de-desarrollo-de-software-1626071855-68-897977
2026-05-08 14:42:40 | INFO | Oferta duplicada omitida: https://www.magneto365.com/co/empleos/analista-de-desarrollo-humano-897395
2026-05-08 14:42:40 | INFO | Oferta duplicada omitida: https://www.magneto365.com/co/empleos/analista-de-atraccion-cultura-y-desarrollo-1626073720-39-887030
2026-05-08 14:42:40 | INFO | Oferta duplicada omitida: https://www.magneto365.com/co/empleos/desarrolladora-de-software-1626142096-3-908837
2026-05-08 14:42:40 | INFO | Oferta duplicada omitida: https://www.magneto365.com/co/empleos/ceid-desarrolladora-de-software-senior-rpa-905848
2026-05-08 14:42:40 | INFO | Oferta duplicada omitida: https://www.magneto365.com/co/empleos/desarrolladora-de-software-qa-1626436242-51-906064
2026-05-08 14:42:40 | INFO | Oferta duplicada omitida: https://www.magneto365.com/co/empleos/ceid-desarrollador-de-software-semisenior-1626492604-5-891596
2026-05-08 14:42:40 | INFO | Oferta duplicada omitida: https://www.magneto365.com/co/empleos/desarrollador-de-negocios-bogota-910216
2026-05-08 14:42:40 | INFO | Oferta duplicada omitida: https://www.magneto365.com/co/empleos/desarrollador-mid-level-sprint-contributor-902838
2026-05-08 14:42:40 | INFO | Oferta duplicada omitida: https://www.magneto365.com/co/empleos/desarrolladora-fronted-1626040293-334-896881
2026-05-08 14:42:40 | INFO | Oferta duplicada omitida: https://www.magneto365.com/co/empleos/programador-de-publicidad-digital-893246
2026-05-08 14:42:40 | INFO | Oferta duplicada omitida: https://www.magneto365.com/co/empleos/programador-tornero-cnc-puente-aranda-891925
2026-05-08 14:42:40 | INFO | Oferta duplicada omitida: https://www.magneto365.com/co/empleos/programador-de-flota-33303-886852
2026-05-08 14:42:40 | INFO | Oferta duplicada omitida: https://www.magneto365.com/co/empleos/instrumentador-quirurgico-888639
2026-05-08 14:42:40 | INFO | Oferta duplicada omitida: https://www.magneto365.com/co/empleos/analista-de-programacion-de-turnos-en-empresas-de-seguridad-881373
2026-05-08 14:42:40 | INFO | Oferta duplicada omitida: https://www.magneto365.com/co/empleos/integracion-automatizacion-control-ensamble-832860
2026-05-08 14:42:40 | INFO | Resumen ciclo | revisadas=80 | aplicadas=0 | errores=0 | omitidas=80
2026-05-08 14:42:40 | INFO | Esperando 180 segundos para el siguiente ciclo.
2026-05-08 14:43:19 | INFO | Bot detenido por el usuario.
2026-05-08 14:43:19 | WARNING | Retrying (Retry(total=2, connect=None, read=None, redirect=None, status=None)) after connection broken by 'ConnectionResetError(10054, 'Se ha forzado la interrupción de una conexión existente por el host remoto', None, 10054, None)': /session/ddf44f4fb42d74256f1014e27d12ee3d
2026-05-08 14:43:27 | INFO | ================================================================================
2026-05-08 14:43:27 | INFO | INICIANDO BOT DE EMPLEO - C:\Users\millo\Downloads\hoja de vida\job_bot\main.py
2026-05-08 14:43:27 | INFO | ================================================================================
2026-05-08 14:43:29 | INFO | Verificando login inicial...
2026-05-08 14:43:31 | INFO | No hay sesion activa en Magneto. Abriendo inicio de sesion.
2026-05-08 14:43:43 | INFO | No se encontro boton de Google. Esperando inicio manual.
2026-05-08 14:43:43 | INFO | Sesion iniciada correctamente.
2026-05-08 14:43:43 | INFO | ✅ Login verificado al inicio
2026-05-08 14:43:43 | INFO | --------------------------------------------------------------------------------
2026-05-08 14:43:43 | INFO | Iniciando ciclo #1
2026-05-08 14:43:43 | INFO | Buscando en Magneto: https://www.magneto365.com/co/trabajos/buscar/full-stack-developer
2026-05-08 14:43:44 | INFO | Ofertas extraídas de Magneto: 8
2026-05-08 14:43:44 | INFO | Buscando en Magneto: https://www.magneto365.com/co/trabajos/buscar/fullstack-developer
2026-05-08 14:43:46 | INFO | Ofertas extraídas de Magneto: 6
2026-05-08 14:43:46 | INFO | Buscando en Magneto: https://www.magneto365.com/co/trabajos/buscar/frontend-developer
2026-05-08 14:43:46 | INFO | Ofertas extraídas de Magneto: 1
2026-05-08 14:43:46 | INFO | Buscando en Magneto: https://www.magneto365.com/co/trabajos/buscar/backend-developer
2026-05-08 14:43:47 | INFO | Ofertas extraídas de Magneto: 4
2026-05-08 14:43:47 | INFO | Buscando en Magneto: https://www.magneto365.com/co/trabajos/buscar/react-developer
2026-05-08 14:43:48 | INFO | Ofertas extraídas de Magneto: 6
2026-05-08 14:43:48 | INFO | Buscando en Magneto: https://www.magneto365.com/co/trabajos/buscar/react-native
2026-05-08 14:43:49 | INFO | Ofertas extraídas de Magneto: 3
2026-05-08 14:43:49 | INFO | Buscando en Magneto: https://www.magneto365.com/co/trabajos/buscar/node-js-developer
2026-05-08 14:44:10 | INFO | No se encontraron resultados visibles en la búsqueda actual.
2026-05-08 14:44:10 | INFO | Ofertas extraídas de Magneto: 0
2026-05-08 14:44:10 | INFO | Busqueda por URL sin resultados. Usando pagina de ciudad para: Node.js Developer
2026-05-08 14:44:11 | INFO | Ofertas extraídas de Magneto: 0
2026-05-08 14:44:11 | INFO | Buscando en Magneto: https://www.magneto365.com/co/trabajos/buscar/javascript-developer
2026-05-08 14:44:12 | INFO | Ofertas extraídas de Magneto: 6
2026-05-08 14:44:12 | INFO | Buscando en Magneto: https://www.magneto365.com/co/trabajos/buscar/typescript-developer
2026-05-08 14:44:34 | INFO | No se encontraron resultados visibles en la búsqueda actual.
2026-05-08 14:44:34 | INFO | Ofertas extraídas de Magneto: 0
2026-05-08 14:44:34 | INFO | Busqueda por URL sin resultados. Usando pagina de ciudad para: TypeScript Developer
2026-05-08 14:44:35 | INFO | Ofertas extraídas de Magneto: 0
2026-05-08 14:44:35 | INFO | Buscando en Magneto: https://www.magneto365.com/co/trabajos/buscar/software-engineer
2026-05-08 14:44:36 | INFO | Ofertas extraídas de Magneto: 6
2026-05-08 14:44:36 | INFO | Buscando en Magneto: https://www.magneto365.com/co/trabajos/buscar/desarrollador-fullstack
2026-05-08 14:44:40 | INFO | Ofertas extraídas de Magneto: 12
2026-05-08 14:44:40 | INFO | Buscando en Magneto: https://www.magneto365.com/co/trabajos/buscar/desarrollador-frontend
2026-05-08 14:44:41 | INFO | Ofertas extraídas de Magneto: 5
2026-05-08 14:44:41 | INFO | Buscando en Magneto: https://www.magneto365.com/co/trabajos/buscar/desarrollador-backend
2026-05-08 14:44:42 | INFO | Ofertas extraídas de Magneto: 10
2026-05-08 14:44:42 | INFO | Buscando en Magneto: https://www.magneto365.com/co/trabajos/buscar/desarrollador-react
2026-05-08 14:44:43 | INFO | Ofertas extraídas de Magneto: 13
2026-05-08 14:44:43 | INFO | Buscando en Magneto: https://www.magneto365.com/co/trabajos/buscar/desarrollador-javascript
2026-05-08 14:44:44 | INFO | Ofertas extraídas de Magneto: 11
2026-05-08 14:44:44 | INFO | Buscando en Magneto: https://www.magneto365.com/co/trabajos/buscar/desarrollador-typescript
2026-05-08 14:44:45 | INFO | Ofertas extraídas de Magneto: 1
2026-05-08 14:44:45 | INFO | Buscando en Magneto: https://www.magneto365.com/co/trabajos/buscar/desarrollador-node
2026-05-08 14:44:46 | INFO | Ofertas extraídas de Magneto: 2
2026-05-08 14:44:46 | INFO | Buscando en Magneto: https://www.magneto365.com/co/trabajos/buscar/ingeniero-software
2026-05-08 14:44:47 | INFO | Ofertas extraídas de Magneto: 17
2026-05-08 14:44:47 | INFO | Buscando en Magneto: https://www.magneto365.com/co/trabajos/buscar/analista-desarrollo
2026-05-08 14:44:49 | INFO | Ofertas extraídas de Magneto: 12
2026-05-08 14:44:49 | INFO | Buscando en Magneto: https://www.magneto365.com/co/trabajos/buscar/desarrollador-software
2026-05-08 14:44:51 | INFO | Ofertas extraídas de Magneto: 19
2026-05-08 14:44:51 | INFO | Buscando en Magneto: https://www.magneto365.com/co/trabajos/buscar/programador
2026-05-08 14:44:52 | INFO | Ofertas extraídas de Magneto: 17
2026-05-08 14:44:52 | INFO | Oferta duplicada omitida: https://www.magneto365.com/co/empleos/full-stack-developer-1626494698-9-912135
2026-05-08 14:44:52 | INFO | Oferta duplicada omitida: https://www.magneto365.com/co/empleos/desarrollador-ti-911545
2026-05-08 14:44:52 | INFO | Oferta duplicada omitida: https://www.magneto365.com/co/empleos/desarrollador-full-stack-895702
2026-05-08 14:44:52 | INFO | Oferta duplicada omitida: https://www.magneto365.com/co/empleos/desarrollador-full-896787
2026-05-08 14:44:52 | INFO | Oferta duplicada omitida: https://www.magneto365.com/co/empleos/desarrollador-fullstack-javascriptnode-js-colombia-906260
2026-05-08 14:44:52 | INFO | Oferta duplicada omitida: https://www.magneto365.com/co/empleos/desarrollador-de-software-con-enfoque-en-inteligencia-artificial-899657
2026-05-08 14:44:52 | INFO | Oferta duplicada omitida: https://www.magneto365.com/co/empleos/desarrollador-de-software-ia-javascript-react-bucaramanga-913803
2026-05-08 14:44:52 | INFO | Oferta duplicada omitida: https://www.magneto365.com/co/empleos/desarrollador-python-bogota-909596
2026-05-08 14:44:52 | INFO | Oferta duplicada omitida: https://www.magneto365.com/co/empleos/desarrolladora-fullstack-896069
2026-05-08 14:44:52 | INFO | Oferta duplicada omitida: https://www.magneto365.com/co/empleos/desarrollador-fullstack-884799
2026-05-08 14:44:52 | INFO | Oferta duplicada omitida: https://www.magneto365.com/co/empleos/ingeniero-fullstack-senior-net-flutter-angular-teletrabajo-en-colombia-882683
2026-05-08 14:44:52 | INFO | Oferta duplicada omitida: https://www.magneto365.com/co/empleos/desarrollador-fullstack-senior-net-react-teletrabajo-colombia-889531
2026-05-08 14:44:52 | INFO | Oferta duplicada omitida: https://www.magneto365.com/co/empleos/desarrollador-fullstack-medellin-846369
2026-05-08 14:44:52 | INFO | Oferta duplicada omitida: https://www.magneto365.com/co/empleos/desarrollador-backend-senior-python-897964
2026-05-08 14:44:52 | INFO | Oferta duplicada omitida: https://www.magneto365.com/co/empleos/desarrollador-a-mobile-react-native-bogota-913246
2026-05-08 14:44:52 | INFO | Oferta duplicada omitida: https://www.magneto365.com/co/empleos/analista-tecnico-senior-bilingue-b2c1-java-react-react-native-remoto-bogota-887625
2026-05-08 14:44:52 | INFO | Oferta duplicada omitida: https://www.magneto365.com/co/empleos/desarrollador-senior-full-stack-bilingue-java-react-remoto-bogota-892791
2026-05-08 14:44:52 | INFO | Oferta duplicada omitida: https://www.magneto365.com/co/empleos/desarrollador-de-software-909610
2026-05-08 14:44:52 | INFO | Oferta duplicada omitida: https://www.magneto365.com/co/empleos/senior-data-engineer-1626494698-8-892405
2026-05-08 14:44:52 | INFO | Oferta duplicada omitida: https://www.magneto365.com/co/empleos/ingeniero-devops-mid-junior-899771
2026-05-08 14:44:52 | INFO | Oferta duplicada omitida: https://www.magneto365.com/co/empleos/analista-qa-882273
2026-05-08 14:44:52 | INFO | Oferta duplicada omitida: https://www.magneto365.com/co/empleos/desarrollador-fullstack-senior-hibrido-en-cali-895467
2026-05-08 14:44:52 | INFO | Oferta duplicada omitida: https://www.magneto365.com/co/empleos/desarrollador-fullstack-en-hidrocarburos-python-java-891227
2026-05-08 14:44:52 | INFO | Oferta duplicada omitida: https://www.magneto365.com/co/empleos/desarrollador-fullstack-senior-hibrido-en-cali-848809
2026-05-08 14:44:52 | INFO | Oferta duplicada omitida: https://www.magneto365.com/co/empleos/desarrollador-fullstack-senior-829393
2026-05-08 14:44:52 | INFO | Oferta duplicada omitida: https://www.magneto365.com/co/empleos/desarrollador-php-freelance-884817
2026-05-08 14:44:52 | INFO | Oferta duplicada omitida: https://www.magneto365.com/co/empleos/desarrollador-a-de-software-891058
2026-05-08 14:44:52 | INFO | Oferta duplicada omitida: https://www.magneto365.com/co/empleos/desarrollador-frontend-y-gestion-de-contenido-medellin-884727
2026-05-08 14:44:52 | INFO | Oferta duplicada omitida: https://www.magneto365.com/co/empleos/desarrollador-frontend-webmaster-847312
2026-05-08 14:44:52 | INFO | Oferta duplicada omitida: https://www.magneto365.com/co/empleos/senior-frontend-engineer-907809
2026-05-08 14:44:52 | INFO | Oferta duplicada omitida: https://www.magneto365.com/co/empleos/desarrollador-front-end-ecommerce-897233
2026-05-08 14:44:52 | INFO | Oferta duplicada omitida: https://www.magneto365.com/co/empleos/desarrollador-backend-912569
2026-05-08 14:44:52 | INFO | Oferta duplicada omitida: https://www.magneto365.com/co/empleos/desarrollador-backend-oracle-plsql-hxgn-eam-galapa-907640
2026-05-08 14:44:52 | INFO | Oferta duplicada omitida: https://www.magneto365.com/co/empleos/desarrollador-backend-884791
2026-05-08 14:44:52 | INFO | Oferta duplicada omitida: https://www.magneto365.com/co/empleos/desarrollador-senior-java-spring-boot-y-python-remoto-colombia-899477
2026-05-08 14:44:52 | INFO | Oferta duplicada omitida: https://www.magneto365.com/co/empleos/desarrollador-full-stack-895178
2026-05-08 14:44:52 | INFO | Oferta duplicada omitida: https://www.magneto365.com/co/empleos/especialista-i-desarrollador-pco-886336
2026-05-08 14:44:52 | INFO | Oferta duplicada omitida: https://www.magneto365.com/co/empleos/desarrollador-full-stack-python-react-ia-cali-908099
2026-05-08 14:44:52 | INFO | Oferta duplicada omitida: https://www.magneto365.com/co/empleos/desarrollador-senior-full-stack-909405
2026-05-08 14:44:52 | INFO | Oferta duplicada omitida: https://www.magneto365.com/co/empleos/desarrolladorprogramador-bi-financiera-888680
2026-05-08 14:44:52 | INFO | Oferta duplicada omitida: https://www.magneto365.com/co/empleos/desarrollador-especialista-de-software-medellin-843102
2026-05-08 14:44:52 | INFO | Oferta duplicada omitida: https://www.magneto365.com/co/empleos/desarrollador-de-software-835075
2026-05-08 14:44:52 | INFO | Oferta duplicada omitida: https://www.magneto365.com/co/empleos/ingeniero-a-tecnologia-talento-que-transforma-913134
2026-05-08 14:44:52 | INFO | Oferta duplicada omitida: https://www.magneto365.com/co/empleos/tester-qa-pruebas-de-software-hibrido-bogota-908108
2026-05-08 14:44:52 | INFO | Oferta duplicada omitida: https://www.magneto365.com/co/empleos/coordinadora-de-servicios-de-desarrollo-de-software-1626119083-2-900284
2026-05-08 14:44:52 | INFO | Oferta duplicada omitida: https://www.magneto365.com/co/empleos/arquitecto-de-software-899087
2026-05-08 14:44:52 | INFO | Oferta duplicada omitida: https://www.magneto365.com/co/empleos/lider-tecnico-desarrollo-software-java-888526
2026-05-08 14:44:52 | INFO | Oferta duplicada omitida: https://www.magneto365.com/co/empleos/arquitecto-de-software-para-transformacion-digital-en-salud-y-contabilidad-886496
2026-05-08 14:44:52 | INFO | Oferta duplicada omitida: https://www.magneto365.com/co/empleos/arquitecto-de-software-822827
2026-05-08 14:44:52 | INFO | Oferta duplicada omitida: https://www.magneto365.com/co/empleos/practicante-sistemas-de-informacion-base-comercial-895470
2026-05-08 14:44:52 | INFO | Oferta duplicada omitida: https://www.magneto365.com/co/empleos/desarrollador-de-software-lider-microservicios-remoto-894672
2026-05-08 14:44:52 | INFO | Oferta duplicada omitida: https://www.magneto365.com/co/empleos/analista-tecnico-senior-desarrollo-de-software-bilingue-884537
2026-05-08 14:44:52 | INFO | Oferta duplicada omitida: https://www.magneto365.com/co/empleos/practicante-ingenieria-de-sistemas-desarrollo-y-soporte-ti-bogota-901179
2026-05-08 14:44:52 | INFO | Oferta duplicada omitida: https://www.magneto365.com/co/empleos/practicante-profesional-ingenieria-de-sistemas-medellin-899409
2026-05-08 14:44:52 | INFO | Oferta duplicada omitida: https://www.magneto365.com/co/empleos/practicante-chatbot-contratacion-y-colaboradores-whatsapp-895458
2026-05-08 14:44:52 | INFO | Oferta duplicada omitida: https://www.magneto365.com/co/empleos/analista-desarrollo-comercial-ii-bogota-899720
2026-05-08 14:44:52 | INFO | Oferta duplicada omitida: https://www.magneto365.com/co/empleos/analista-de-desarrollo-de-software-net-angular-sql-server-colombia-914543
2026-05-08 14:44:52 | INFO | Oferta duplicada omitida: https://www.magneto365.com/co/empleos/analista-de-ingenieria-desarrollo-de-producto-industrial-914466
2026-05-08 14:44:52 | INFO | Oferta duplicada omitida: https://www.magneto365.com/co/empleos/analista-de-desarrollo-logistico-908067
2026-05-08 14:44:52 | INFO | Oferta duplicada omitida: https://www.magneto365.com/co/empleos/analista-de-desarrollo-de-productos-industria-colombia-906038
2026-05-08 14:44:52 | INFO | Oferta duplicada omitida: https://www.magneto365.com/co/empleos/analista-de-desarrollo-905172
2026-05-08 14:44:52 | INFO | Oferta duplicada omitida: https://www.magneto365.com/co/empleos/analista-de-formacion-y-desarrollo-de-talento-905159
2026-05-08 14:44:52 | INFO | Oferta duplicada omitida: https://www.magneto365.com/co/empleos/analista-de-cultura-y-desarrollo-temporal-por-licencia-de-maternidad-901840
2026-05-08 14:44:52 | INFO | Oferta duplicada omitida: https://www.magneto365.com/co/empleos/analista-de-automatizacion-y-desarrollo-termino-fijo-900710
2026-05-08 14:44:52 | INFO | Oferta duplicada omitida: https://www.magneto365.com/co/empleos/analista-de-desarrollo-de-software-1626071855-68-897977
2026-05-08 14:44:52 | INFO | Oferta duplicada omitida: https://www.magneto365.com/co/empleos/analista-de-desarrollo-humano-897395
2026-05-08 14:44:52 | INFO | Oferta duplicada omitida: https://www.magneto365.com/co/empleos/analista-de-atraccion-cultura-y-desarrollo-1626073720-39-887030
2026-05-08 14:44:52 | INFO | Oferta duplicada omitida: https://www.magneto365.com/co/empleos/desarrolladora-de-software-1626142096-3-908837
2026-05-08 14:44:52 | INFO | Oferta duplicada omitida: https://www.magneto365.com/co/empleos/ceid-desarrolladora-de-software-senior-rpa-905848
2026-05-08 14:44:52 | INFO | Oferta duplicada omitida: https://www.magneto365.com/co/empleos/desarrolladora-de-software-qa-1626436242-51-906064
2026-05-08 14:44:52 | INFO | Oferta duplicada omitida: https://www.magneto365.com/co/empleos/ceid-desarrollador-de-software-semisenior-1626492604-5-891596
2026-05-08 14:44:52 | INFO | Oferta duplicada omitida: https://www.magneto365.com/co/empleos/desarrollador-de-negocios-bogota-910216
2026-05-08 14:44:52 | INFO | Oferta duplicada omitida: https://www.magneto365.com/co/empleos/desarrollador-mid-level-sprint-contributor-902838
2026-05-08 14:44:52 | INFO | Oferta duplicada omitida: https://www.magneto365.com/co/empleos/desarrolladora-fronted-1626040293-334-896881
2026-05-08 14:44:52 | INFO | Oferta duplicada omitida: https://www.magneto365.com/co/empleos/programador-de-publicidad-digital-893246
2026-05-08 14:44:52 | INFO | Oferta duplicada omitida: https://www.magneto365.com/co/empleos/programador-tornero-cnc-puente-aranda-891925
2026-05-08 14:44:52 | INFO | Oferta duplicada omitida: https://www.magneto365.com/co/empleos/programador-de-flota-33303-886852
2026-05-08 14:44:52 | INFO | Oferta duplicada omitida: https://www.magneto365.com/co/empleos/instrumentador-quirurgico-888639
2026-05-08 14:44:52 | INFO | Oferta duplicada omitida: https://www.magneto365.com/co/empleos/analista-de-programacion-de-turnos-en-empresas-de-seguridad-881373
2026-05-08 14:44:52 | INFO | Oferta duplicada omitida: https://www.magneto365.com/co/empleos/integracion-automatizacion-control-ensamble-832860
2026-05-08 14:44:52 | INFO | Resumen ciclo | revisadas=80 | aplicadas=0 | errores=0 | omitidas=80
2026-05-08 14:44:52 | INFO | Esperando 180 segundos para el siguiente ciclo...
2026-05-08 14:47:52 | INFO | --------------------------------------------------------------------------------
2026-05-08 14:47:52 | INFO | Iniciando ciclo #2
2026-05-08 14:47:52 | INFO | Buscando en Magneto: https://www.magneto365.com/co/trabajos/buscar/full-stack-developer
2026-05-08 14:47:53 | INFO | Ofertas extraídas de Magneto: 8
2026-05-08 14:47:53 | INFO | Buscando en Magneto: https://www.magneto365.com/co/trabajos/buscar/fullstack-developer
2026-05-08 14:47:56 | INFO | Ofertas extraídas de Magneto: 6
2026-05-08 14:47:56 | INFO | Buscando en Magneto: https://www.magneto365.com/co/trabajos/buscar/frontend-developer
2026-05-08 14:47:57 | INFO | Ofertas extraídas de Magneto: 1
2026-05-08 14:47:57 | INFO | Buscando en Magneto: https://www.magneto365.com/co/trabajos/buscar/backend-developer
2026-05-08 14:47:58 | INFO | Ofertas extraídas de Magneto: 4
2026-05-08 14:47:58 | INFO | Buscando en Magneto: https://www.magneto365.com/co/trabajos/buscar/react-developer
2026-05-08 14:47:59 | INFO | Ofertas extraídas de Magneto: 6
2026-05-08 14:47:59 | INFO | Buscando en Magneto: https://www.magneto365.com/co/trabajos/buscar/react-native
2026-05-08 14:48:00 | INFO | Ofertas extraídas de Magneto: 3
2026-05-08 14:48:00 | INFO | Buscando en Magneto: https://www.magneto365.com/co/trabajos/buscar/node-js-developer
2026-05-08 14:48:21 | INFO | No se encontraron resultados visibles en la búsqueda actual.
2026-05-08 14:48:21 | INFO | Ofertas extraídas de Magneto: 0
2026-05-08 14:48:21 | INFO | Busqueda por URL sin resultados. Usando pagina de ciudad para: Node.js Developer
2026-05-08 14:48:22 | INFO | Ofertas extraídas de Magneto: 0
2026-05-08 14:48:22 | INFO | Buscando en Magneto: https://www.magneto365.com/co/trabajos/buscar/javascript-developer
2026-05-08 14:48:23 | INFO | Ofertas extraídas de Magneto: 6
2026-05-08 14:48:23 | INFO | Buscando en Magneto: https://www.magneto365.com/co/trabajos/buscar/typescript-developer
2026-05-08 14:48:46 | INFO | No se encontraron resultados visibles en la búsqueda actual.
2026-05-08 14:48:46 | INFO | Ofertas extraídas de Magneto: 0
2026-05-08 14:48:46 | INFO | Busqueda por URL sin resultados. Usando pagina de ciudad para: TypeScript Developer
2026-05-08 14:48:47 | INFO | Ofertas extraídas de Magneto: 0
2026-05-08 14:48:47 | INFO | Buscando en Magneto: https://www.magneto365.com/co/trabajos/buscar/software-engineer
2026-05-08 14:48:48 | INFO | Ofertas extraídas de Magneto: 6
2026-05-08 14:48:48 | INFO | Buscando en Magneto: https://www.magneto365.com/co/trabajos/buscar/desarrollador-fullstack
2026-05-08 14:48:50 | INFO | Ofertas extraídas de Magneto: 12
2026-05-08 14:48:50 | INFO | Buscando en Magneto: https://www.magneto365.com/co/trabajos/buscar/desarrollador-frontend
2026-05-08 14:48:51 | INFO | Ofertas extraídas de Magneto: 5
2026-05-08 14:48:51 | INFO | Buscando en Magneto: https://www.magneto365.com/co/trabajos/buscar/desarrollador-backend
2026-05-08 14:48:52 | INFO | Ofertas extraídas de Magneto: 10
2026-05-08 14:48:52 | INFO | Buscando en Magneto: https://www.magneto365.com/co/trabajos/buscar/desarrollador-react
2026-05-08 14:48:53 | INFO | Ofertas extraídas de Magneto: 13
2026-05-08 14:48:53 | INFO | Buscando en Magneto: https://www.magneto365.com/co/trabajos/buscar/desarrollador-javascript
2026-05-08 14:48:54 | INFO | Ofertas extraídas de Magneto: 11
2026-05-08 14:48:54 | INFO | Buscando en Magneto: https://www.magneto365.com/co/trabajos/buscar/desarrollador-typescript
2026-05-08 14:48:55 | INFO | Ofertas extraídas de Magneto: 1
2026-05-08 14:48:55 | INFO | Buscando en Magneto: https://www.magneto365.com/co/trabajos/buscar/desarrollador-node
2026-05-08 14:48:56 | INFO | Ofertas extraídas de Magneto: 2
2026-05-08 14:48:56 | INFO | Buscando en Magneto: https://www.magneto365.com/co/trabajos/buscar/ingeniero-software
2026-05-08 14:48:57 | INFO | Ofertas extraídas de Magneto: 17
2026-05-08 14:48:57 | INFO | Buscando en Magneto: https://www.magneto365.com/co/trabajos/buscar/analista-desarrollo
2026-05-08 14:48:59 | INFO | Ofertas extraídas de Magneto: 12
2026-05-08 14:48:59 | INFO | Buscando en Magneto: https://www.magneto365.com/co/trabajos/buscar/desarrollador-software
2026-05-08 14:49:00 | INFO | Ofertas extraídas de Magneto: 19
2026-05-08 14:49:00 | INFO | Buscando en Magneto: https://www.magneto365.com/co/trabajos/buscar/programador
2026-05-08 14:49:01 | INFO | Ofertas extraídas de Magneto: 17
2026-05-08 14:49:01 | INFO | Oferta duplicada omitida: https://www.magneto365.com/co/empleos/full-stack-developer-1626494698-9-912135
2026-05-08 14:49:01 | INFO | Oferta duplicada omitida: https://www.magneto365.com/co/empleos/desarrollador-ti-911545
2026-05-08 14:49:01 | INFO | Oferta duplicada omitida: https://www.magneto365.com/co/empleos/desarrollador-full-stack-895702
2026-05-08 14:49:01 | INFO | Oferta duplicada omitida: https://www.magneto365.com/co/empleos/desarrollador-full-896787
2026-05-08 14:49:01 | INFO | Oferta duplicada omitida: https://www.magneto365.com/co/empleos/desarrollador-fullstack-javascriptnode-js-colombia-906260
2026-05-08 14:49:01 | INFO | Oferta duplicada omitida: https://www.magneto365.com/co/empleos/desarrollador-de-software-con-enfoque-en-inteligencia-artificial-899657
2026-05-08 14:49:01 | INFO | Oferta duplicada omitida: https://www.magneto365.com/co/empleos/desarrollador-de-software-ia-javascript-react-bucaramanga-913803
2026-05-08 14:49:01 | INFO | Oferta duplicada omitida: https://www.magneto365.com/co/empleos/desarrollador-python-bogota-909596
2026-05-08 14:49:01 | INFO | Oferta duplicada omitida: https://www.magneto365.com/co/empleos/desarrolladora-fullstack-896069
2026-05-08 14:49:01 | INFO | Oferta duplicada omitida: https://www.magneto365.com/co/empleos/desarrollador-fullstack-884799
2026-05-08 14:49:01 | INFO | Oferta duplicada omitida: https://www.magneto365.com/co/empleos/ingeniero-fullstack-senior-net-flutter-angular-teletrabajo-en-colombia-882683
2026-05-08 14:49:01 | INFO | Oferta duplicada omitida: https://www.magneto365.com/co/empleos/desarrollador-fullstack-senior-net-react-teletrabajo-colombia-889531
2026-05-08 14:49:01 | INFO | Oferta duplicada omitida: https://www.magneto365.com/co/empleos/desarrollador-fullstack-medellin-846369
2026-05-08 14:49:01 | INFO | Oferta duplicada omitida: https://www.magneto365.com/co/empleos/desarrollador-backend-senior-python-897964
2026-05-08 14:49:01 | INFO | Oferta duplicada omitida: https://www.magneto365.com/co/empleos/desarrollador-a-mobile-react-native-bogota-913246
2026-05-08 14:49:01 | INFO | Oferta duplicada omitida: https://www.magneto365.com/co/empleos/analista-tecnico-senior-bilingue-b2c1-java-react-react-native-remoto-bogota-887625
2026-05-08 14:49:01 | INFO | Oferta duplicada omitida: https://www.magneto365.com/co/empleos/desarrollador-senior-full-stack-bilingue-java-react-remoto-bogota-892791
2026-05-08 14:49:01 | INFO | Oferta duplicada omitida: https://www.magneto365.com/co/empleos/desarrollador-de-software-909610
2026-05-08 14:49:01 | INFO | Oferta duplicada omitida: https://www.magneto365.com/co/empleos/senior-data-engineer-1626494698-8-892405
2026-05-08 14:49:01 | INFO | Oferta duplicada omitida: https://www.magneto365.com/co/empleos/ingeniero-devops-mid-junior-899771
2026-05-08 14:49:01 | INFO | Oferta duplicada omitida: https://www.magneto365.com/co/empleos/analista-qa-882273
2026-05-08 14:49:01 | INFO | Oferta duplicada omitida: https://www.magneto365.com/co/empleos/desarrollador-fullstack-senior-hibrido-en-cali-895467
2026-05-08 14:49:01 | INFO | Oferta duplicada omitida: https://www.magneto365.com/co/empleos/desarrollador-fullstack-en-hidrocarburos-python-java-891227
2026-05-08 14:49:01 | INFO | Oferta duplicada omitida: https://www.magneto365.com/co/empleos/desarrollador-fullstack-senior-hibrido-en-cali-848809
2026-05-08 14:49:01 | INFO | Oferta duplicada omitida: https://www.magneto365.com/co/empleos/desarrollador-fullstack-senior-829393
2026-05-08 14:49:01 | INFO | Oferta duplicada omitida: https://www.magneto365.com/co/empleos/desarrollador-php-freelance-884817
2026-05-08 14:49:01 | INFO | Oferta duplicada omitida: https://www.magneto365.com/co/empleos/desarrollador-a-de-software-891058
2026-05-08 14:49:01 | INFO | Oferta duplicada omitida: https://www.magneto365.com/co/empleos/desarrollador-frontend-y-gestion-de-contenido-medellin-884727
2026-05-08 14:49:01 | INFO | Oferta duplicada omitida: https://www.magneto365.com/co/empleos/desarrollador-frontend-webmaster-847312
2026-05-08 14:49:01 | INFO | Oferta duplicada omitida: https://www.magneto365.com/co/empleos/senior-frontend-engineer-907809
2026-05-08 14:49:01 | INFO | Oferta duplicada omitida: https://www.magneto365.com/co/empleos/desarrollador-front-end-ecommerce-897233
2026-05-08 14:49:01 | INFO | Oferta duplicada omitida: https://www.magneto365.com/co/empleos/desarrollador-backend-912569
2026-05-08 14:49:01 | INFO | Oferta duplicada omitida: https://www.magneto365.com/co/empleos/desarrollador-backend-oracle-plsql-hxgn-eam-galapa-907640
2026-05-08 14:49:01 | INFO | Oferta duplicada omitida: https://www.magneto365.com/co/empleos/desarrollador-backend-884791
2026-05-08 14:49:01 | INFO | Oferta duplicada omitida: https://www.magneto365.com/co/empleos/desarrollador-senior-java-spring-boot-y-python-remoto-colombia-899477
2026-05-08 14:49:01 | INFO | Oferta duplicada omitida: https://www.magneto365.com/co/empleos/desarrollador-full-stack-895178
2026-05-08 14:49:01 | INFO | Oferta duplicada omitida: https://www.magneto365.com/co/empleos/especialista-i-desarrollador-pco-886336
2026-05-08 14:49:01 | INFO | Oferta duplicada omitida: https://www.magneto365.com/co/empleos/desarrollador-full-stack-python-react-ia-cali-908099
2026-05-08 14:49:01 | INFO | Oferta duplicada omitida: https://www.magneto365.com/co/empleos/desarrollador-senior-full-stack-909405
2026-05-08 14:49:01 | INFO | Oferta duplicada omitida: https://www.magneto365.com/co/empleos/desarrolladorprogramador-bi-financiera-888680
2026-05-08 14:49:01 | INFO | Oferta duplicada omitida: https://www.magneto365.com/co/empleos/desarrollador-especialista-de-software-medellin-843102
2026-05-08 14:49:01 | INFO | Oferta duplicada omitida: https://www.magneto365.com/co/empleos/desarrollador-de-software-835075
2026-05-08 14:49:01 | INFO | Oferta duplicada omitida: https://www.magneto365.com/co/empleos/ingeniero-a-tecnologia-talento-que-transforma-913134
2026-05-08 14:49:01 | INFO | Oferta duplicada omitida: https://www.magneto365.com/co/empleos/tester-qa-pruebas-de-software-hibrido-bogota-908108
2026-05-08 14:49:01 | INFO | Oferta duplicada omitida: https://www.magneto365.com/co/empleos/coordinadora-de-servicios-de-desarrollo-de-software-1626119083-2-900284
2026-05-08 14:49:01 | INFO | Oferta duplicada omitida: https://www.magneto365.com/co/empleos/arquitecto-de-software-899087
2026-05-08 14:49:01 | INFO | Oferta duplicada omitida: https://www.magneto365.com/co/empleos/lider-tecnico-desarrollo-software-java-888526
2026-05-08 14:49:01 | INFO | Oferta duplicada omitida: https://www.magneto365.com/co/empleos/arquitecto-de-software-para-transformacion-digital-en-salud-y-contabilidad-886496
2026-05-08 14:49:01 | INFO | Oferta duplicada omitida: https://www.magneto365.com/co/empleos/arquitecto-de-software-822827
2026-05-08 14:49:01 | INFO | Oferta duplicada omitida: https://www.magneto365.com/co/empleos/practicante-sistemas-de-informacion-base-comercial-895470
2026-05-08 14:49:01 | INFO | Oferta duplicada omitida: https://www.magneto365.com/co/empleos/desarrollador-de-software-lider-microservicios-remoto-894672
2026-05-08 14:49:01 | INFO | Oferta duplicada omitida: https://www.magneto365.com/co/empleos/analista-tecnico-senior-desarrollo-de-software-bilingue-884537
2026-05-08 14:49:01 | INFO | Oferta duplicada omitida: https://www.magneto365.com/co/empleos/practicante-ingenieria-de-sistemas-desarrollo-y-soporte-ti-bogota-901179
2026-05-08 14:49:01 | INFO | Oferta duplicada omitida: https://www.magneto365.com/co/empleos/practicante-profesional-ingenieria-de-sistemas-medellin-899409
2026-05-08 14:49:01 | INFO | Oferta duplicada omitida: https://www.magneto365.com/co/empleos/practicante-chatbot-contratacion-y-colaboradores-whatsapp-895458
2026-05-08 14:49:01 | INFO | Oferta duplicada omitida: https://www.magneto365.com/co/empleos/analista-desarrollo-comercial-ii-bogota-899720
2026-05-08 14:49:01 | INFO | Oferta duplicada omitida: https://www.magneto365.com/co/empleos/analista-de-desarrollo-de-software-net-angular-sql-server-colombia-914543
2026-05-08 14:49:01 | INFO | Oferta duplicada omitida: https://www.magneto365.com/co/empleos/analista-de-ingenieria-desarrollo-de-producto-industrial-914466
2026-05-08 14:49:01 | INFO | Oferta duplicada omitida: https://www.magneto365.com/co/empleos/analista-de-desarrollo-logistico-908067
2026-05-08 14:49:01 | INFO | Oferta duplicada omitida: https://www.magneto365.com/co/empleos/analista-de-desarrollo-de-productos-industria-colombia-906038
2026-05-08 14:49:01 | INFO | Oferta duplicada omitida: https://www.magneto365.com/co/empleos/analista-de-desarrollo-905172
2026-05-08 14:49:01 | INFO | Oferta duplicada omitida: https://www.magneto365.com/co/empleos/analista-de-formacion-y-desarrollo-de-talento-905159
2026-05-08 14:49:01 | INFO | Oferta duplicada omitida: https://www.magneto365.com/co/empleos/analista-de-cultura-y-desarrollo-temporal-por-licencia-de-maternidad-901840
2026-05-08 14:49:01 | INFO | Oferta duplicada omitida: https://www.magneto365.com/co/empleos/analista-de-automatizacion-y-desarrollo-termino-fijo-900710
2026-05-08 14:49:01 | INFO | Oferta duplicada omitida: https://www.magneto365.com/co/empleos/analista-de-desarrollo-de-software-1626071855-68-897977
2026-05-08 14:49:01 | INFO | Oferta duplicada omitida: https://www.magneto365.com/co/empleos/analista-de-desarrollo-humano-897395
2026-05-08 14:49:01 | INFO | Oferta duplicada omitida: https://www.magneto365.com/co/empleos/analista-de-atraccion-cultura-y-desarrollo-1626073720-39-887030
2026-05-08 14:49:01 | INFO | Oferta duplicada omitida: https://www.magneto365.com/co/empleos/desarrolladora-de-software-1626142096-3-908837
2026-05-08 14:49:01 | INFO | Oferta duplicada omitida: https://www.magneto365.com/co/empleos/ceid-desarrolladora-de-software-senior-rpa-905848
2026-05-08 14:49:01 | INFO | Oferta duplicada omitida: https://www.magneto365.com/co/empleos/desarrolladora-de-software-qa-1626436242-51-906064
2026-05-08 14:49:01 | INFO | Oferta duplicada omitida: https://www.magneto365.com/co/empleos/ceid-desarrollador-de-software-semisenior-1626492604-5-891596
2026-05-08 14:49:01 | INFO | Oferta duplicada omitida: https://www.magneto365.com/co/empleos/desarrollador-de-negocios-bogota-910216
2026-05-08 14:49:01 | INFO | Oferta duplicada omitida: https://www.magneto365.com/co/empleos/desarrollador-mid-level-sprint-contributor-902838
2026-05-08 14:49:01 | INFO | Oferta duplicada omitida: https://www.magneto365.com/co/empleos/desarrolladora-fronted-1626040293-334-896881
2026-05-08 14:49:01 | INFO | Oferta duplicada omitida: https://www.magneto365.com/co/empleos/programador-de-publicidad-digital-893246
2026-05-08 14:49:01 | INFO | Oferta duplicada omitida: https://www.magneto365.com/co/empleos/programador-tornero-cnc-puente-aranda-891925
2026-05-08 14:49:01 | INFO | Oferta duplicada omitida: https://www.magneto365.com/co/empleos/programador-de-flota-33303-886852
2026-05-08 14:49:01 | INFO | Oferta duplicada omitida: https://www.magneto365.com/co/empleos/instrumentador-quirurgico-888639
2026-05-08 14:49:01 | INFO | Oferta duplicada omitida: https://www.magneto365.com/co/empleos/analista-de-programacion-de-turnos-en-empresas-de-seguridad-881373
2026-05-08 14:49:01 | INFO | Oferta duplicada omitida: https://www.magneto365.com/co/empleos/integracion-automatizacion-control-ensamble-832860
2026-05-08 14:49:01 | INFO | Resumen ciclo | revisadas=80 | aplicadas=0 | errores=0 | omitidas=80
2026-05-08 14:49:01 | INFO | Esperando 180 segundos para el siguiente ciclo...
2026-05-08 14:52:01 | INFO | --------------------------------------------------------------------------------
2026-05-08 14:52:01 | INFO | Iniciando ciclo #3
2026-05-08 14:52:01 | INFO | Buscando en Magneto: https://www.magneto365.com/co/trabajos/buscar/full-stack-developer
2026-05-08 14:52:02 | INFO | Ofertas extraídas de Magneto: 8
2026-05-08 14:52:02 | INFO | Buscando en Magneto: https://www.magneto365.com/co/trabajos/buscar/fullstack-developer
2026-05-08 14:52:03 | INFO | Ofertas extraídas de Magneto: 6
2026-05-08 14:52:03 | INFO | Buscando en Magneto: https://www.magneto365.com/co/trabajos/buscar/frontend-developer
2026-05-08 14:52:04 | INFO | Ofertas extraídas de Magneto: 1
2026-05-08 14:52:04 | INFO | Buscando en Magneto: https://www.magneto365.com/co/trabajos/buscar/backend-developer
2026-05-08 14:52:05 | INFO | Ofertas extraídas de Magneto: 4
2026-05-08 14:52:05 | INFO | Buscando en Magneto: https://www.magneto365.com/co/trabajos/buscar/react-developer
2026-05-08 14:52:06 | INFO | Ofertas extraídas de Magneto: 6
2026-05-08 14:52:06 | INFO | Buscando en Magneto: https://www.magneto365.com/co/trabajos/buscar/react-native
2026-05-08 14:52:07 | INFO | Ofertas extraídas de Magneto: 3
2026-05-08 14:52:07 | INFO | Buscando en Magneto: https://www.magneto365.com/co/trabajos/buscar/node-js-developer
2026-05-08 14:52:28 | INFO | No se encontraron resultados visibles en la búsqueda actual.
2026-05-08 14:52:28 | INFO | Ofertas extraídas de Magneto: 0
2026-05-08 14:52:28 | INFO | Busqueda por URL sin resultados. Usando pagina de ciudad para: Node.js Developer
2026-05-08 14:52:29 | INFO | Ofertas extraídas de Magneto: 0
2026-05-08 14:52:29 | INFO | Buscando en Magneto: https://www.magneto365.com/co/trabajos/buscar/javascript-developer
2026-05-08 14:52:31 | INFO | Ofertas extraídas de Magneto: 6
2026-05-08 14:52:31 | INFO | Buscando en Magneto: https://www.magneto365.com/co/trabajos/buscar/typescript-developer
2026-05-08 14:52:52 | INFO | No se encontraron resultados visibles en la búsqueda actual.
2026-05-08 14:52:52 | INFO | Ofertas extraídas de Magneto: 0
2026-05-08 14:52:52 | INFO | Busqueda por URL sin resultados. Usando pagina de ciudad para: TypeScript Developer
2026-05-08 14:52:53 | INFO | Ofertas extraídas de Magneto: 0
2026-05-08 14:52:53 | INFO | Buscando en Magneto: https://www.magneto365.com/co/trabajos/buscar/software-engineer
2026-05-08 14:52:54 | INFO | Ofertas extraídas de Magneto: 6
2026-05-08 14:52:54 | INFO | Buscando en Magneto: https://www.magneto365.com/co/trabajos/buscar/desarrollador-fullstack
2026-05-08 14:52:56 | INFO | Ofertas extraídas de Magneto: 12
2026-05-08 14:52:56 | INFO | Buscando en Magneto: https://www.magneto365.com/co/trabajos/buscar/desarrollador-frontend
2026-05-08 14:52:56 | INFO | Ofertas extraídas de Magneto: 5
2026-05-08 14:52:56 | INFO | Buscando en Magneto: https://www.magneto365.com/co/trabajos/buscar/desarrollador-backend
2026-05-08 14:52:57 | INFO | Ofertas extraídas de Magneto: 10
2026-05-08 14:52:57 | INFO | Buscando en Magneto: https://www.magneto365.com/co/trabajos/buscar/desarrollador-react
2026-05-08 14:52:59 | INFO | Ofertas extraídas de Magneto: 13
2026-05-08 14:52:59 | INFO | Buscando en Magneto: https://www.magneto365.com/co/trabajos/buscar/desarrollador-javascript
2026-05-08 14:53:00 | INFO | Ofertas extraídas de Magneto: 11
2026-05-08 14:53:00 | INFO | Buscando en Magneto: https://www.magneto365.com/co/trabajos/buscar/desarrollador-typescript
2026-05-08 14:53:01 | INFO | Ofertas extraídas de Magneto: 1
2026-05-08 14:53:01 | INFO | Buscando en Magneto: https://www.magneto365.com/co/trabajos/buscar/desarrollador-node
2026-05-08 14:53:02 | INFO | Ofertas extraídas de Magneto: 2
2026-05-08 14:53:02 | INFO | Buscando en Magneto: https://www.magneto365.com/co/trabajos/buscar/ingeniero-software
2026-05-08 14:53:03 | INFO | Ofertas extraídas de Magneto: 17
2026-05-08 14:53:03 | INFO | Buscando en Magneto: https://www.magneto365.com/co/trabajos/buscar/analista-desarrollo
2026-05-08 14:53:06 | INFO | Ofertas extraídas de Magneto: 12
2026-05-08 14:53:06 | INFO | Buscando en Magneto: https://www.magneto365.com/co/trabajos/buscar/desarrollador-software
2026-05-08 14:53:07 | INFO | Ofertas extraídas de Magneto: 19
2026-05-08 14:53:07 | INFO | Buscando en Magneto: https://www.magneto365.com/co/trabajos/buscar/programador
2026-05-08 14:53:08 | INFO | Ofertas extraídas de Magneto: 17
2026-05-08 14:53:08 | INFO | Oferta duplicada omitida: https://www.magneto365.com/co/empleos/full-stack-developer-1626494698-9-912135
2026-05-08 14:53:08 | INFO | Oferta duplicada omitida: https://www.magneto365.com/co/empleos/desarrollador-ti-911545
2026-05-08 14:53:08 | INFO | Oferta duplicada omitida: https://www.magneto365.com/co/empleos/desarrollador-full-stack-895702
2026-05-08 14:53:08 | INFO | Oferta duplicada omitida: https://www.magneto365.com/co/empleos/desarrollador-full-896787
2026-05-08 14:53:08 | INFO | Oferta duplicada omitida: https://www.magneto365.com/co/empleos/desarrollador-fullstack-javascriptnode-js-colombia-906260
2026-05-08 14:53:08 | INFO | Oferta duplicada omitida: https://www.magneto365.com/co/empleos/desarrollador-de-software-con-enfoque-en-inteligencia-artificial-899657
2026-05-08 14:53:08 | INFO | Oferta duplicada omitida: https://www.magneto365.com/co/empleos/desarrollador-de-software-ia-javascript-react-bucaramanga-913803
2026-05-08 14:53:08 | INFO | Oferta duplicada omitida: https://www.magneto365.com/co/empleos/desarrollador-python-bogota-909596
2026-05-08 14:53:08 | INFO | Oferta duplicada omitida: https://www.magneto365.com/co/empleos/desarrolladora-fullstack-896069
2026-05-08 14:53:08 | INFO | Oferta duplicada omitida: https://www.magneto365.com/co/empleos/desarrollador-fullstack-884799
2026-05-08 14:53:08 | INFO | Oferta duplicada omitida: https://www.magneto365.com/co/empleos/ingeniero-fullstack-senior-net-flutter-angular-teletrabajo-en-colombia-882683
2026-05-08 14:53:08 | INFO | Oferta duplicada omitida: https://www.magneto365.com/co/empleos/desarrollador-fullstack-senior-net-react-teletrabajo-colombia-889531
2026-05-08 14:53:08 | INFO | Oferta duplicada omitida: https://www.magneto365.com/co/empleos/desarrollador-fullstack-medellin-846369
2026-05-08 14:53:08 | INFO | Oferta duplicada omitida: https://www.magneto365.com/co/empleos/desarrollador-backend-senior-python-897964
2026-05-08 14:53:08 | INFO | Oferta duplicada omitida: https://www.magneto365.com/co/empleos/desarrollador-a-mobile-react-native-bogota-913246
2026-05-08 14:53:08 | INFO | Oferta duplicada omitida: https://www.magneto365.com/co/empleos/analista-tecnico-senior-bilingue-b2c1-java-react-react-native-remoto-bogota-887625
2026-05-08 14:53:08 | INFO | Oferta duplicada omitida: https://www.magneto365.com/co/empleos/desarrollador-senior-full-stack-bilingue-java-react-remoto-bogota-892791
2026-05-08 14:53:08 | INFO | Oferta duplicada omitida: https://www.magneto365.com/co/empleos/desarrollador-de-software-909610
2026-05-08 14:53:08 | INFO | Oferta duplicada omitida: https://www.magneto365.com/co/empleos/senior-data-engineer-1626494698-8-892405
2026-05-08 14:53:08 | INFO | Oferta duplicada omitida: https://www.magneto365.com/co/empleos/ingeniero-devops-mid-junior-899771
2026-05-08 14:53:08 | INFO | Oferta duplicada omitida: https://www.magneto365.com/co/empleos/analista-qa-882273
2026-05-08 14:53:08 | INFO | Oferta duplicada omitida: https://www.magneto365.com/co/empleos/desarrollador-fullstack-senior-hibrido-en-cali-895467
2026-05-08 14:53:08 | INFO | Oferta duplicada omitida: https://www.magneto365.com/co/empleos/desarrollador-fullstack-en-hidrocarburos-python-java-891227
2026-05-08 14:53:08 | INFO | Oferta duplicada omitida: https://www.magneto365.com/co/empleos/desarrollador-fullstack-senior-hibrido-en-cali-848809
2026-05-08 14:53:08 | INFO | Oferta duplicada omitida: https://www.magneto365.com/co/empleos/desarrollador-fullstack-senior-829393
2026-05-08 14:53:08 | INFO | Oferta duplicada omitida: https://www.magneto365.com/co/empleos/desarrollador-php-freelance-884817
2026-05-08 14:53:08 | INFO | Oferta duplicada omitida: https://www.magneto365.com/co/empleos/desarrollador-a-de-software-891058
2026-05-08 14:53:08 | INFO | Oferta duplicada omitida: https://www.magneto365.com/co/empleos/desarrollador-frontend-y-gestion-de-contenido-medellin-884727
2026-05-08 14:53:08 | INFO | Oferta duplicada omitida: https://www.magneto365.com/co/empleos/desarrollador-frontend-webmaster-847312
2026-05-08 14:53:08 | INFO | Oferta duplicada omitida: https://www.magneto365.com/co/empleos/senior-frontend-engineer-907809
2026-05-08 14:53:08 | INFO | Oferta duplicada omitida: https://www.magneto365.com/co/empleos/desarrollador-front-end-ecommerce-897233
2026-05-08 14:53:08 | INFO | Oferta duplicada omitida: https://www.magneto365.com/co/empleos/desarrollador-backend-912569
2026-05-08 14:53:08 | INFO | Oferta duplicada omitida: https://www.magneto365.com/co/empleos/desarrollador-backend-oracle-plsql-hxgn-eam-galapa-907640
2026-05-08 14:53:08 | INFO | Oferta duplicada omitida: https://www.magneto365.com/co/empleos/desarrollador-backend-884791
2026-05-08 14:53:08 | INFO | Oferta duplicada omitida: https://www.magneto365.com/co/empleos/desarrollador-senior-java-spring-boot-y-python-remoto-colombia-899477
2026-05-08 14:53:08 | INFO | Oferta duplicada omitida: https://www.magneto365.com/co/empleos/desarrollador-full-stack-895178
2026-05-08 14:53:08 | INFO | Oferta duplicada omitida: https://www.magneto365.com/co/empleos/especialista-i-desarrollador-pco-886336
2026-05-08 14:53:08 | INFO | Oferta duplicada omitida: https://www.magneto365.com/co/empleos/desarrollador-full-stack-python-react-ia-cali-908099
2026-05-08 14:53:08 | INFO | Oferta duplicada omitida: https://www.magneto365.com/co/empleos/desarrollador-senior-full-stack-909405
2026-05-08 14:53:08 | INFO | Oferta duplicada omitida: https://www.magneto365.com/co/empleos/desarrolladorprogramador-bi-financiera-888680
2026-05-08 14:53:08 | INFO | Oferta duplicada omitida: https://www.magneto365.com/co/empleos/desarrollador-especialista-de-software-medellin-843102
2026-05-08 14:53:08 | INFO | Oferta duplicada omitida: https://www.magneto365.com/co/empleos/desarrollador-de-software-835075
2026-05-08 14:53:08 | INFO | Oferta duplicada omitida: https://www.magneto365.com/co/empleos/ingeniero-a-tecnologia-talento-que-transforma-913134
2026-05-08 14:53:08 | INFO | Oferta duplicada omitida: https://www.magneto365.com/co/empleos/tester-qa-pruebas-de-software-hibrido-bogota-908108
2026-05-08 14:53:08 | INFO | Oferta duplicada omitida: https://www.magneto365.com/co/empleos/coordinadora-de-servicios-de-desarrollo-de-software-1626119083-2-900284
2026-05-08 14:53:08 | INFO | Oferta duplicada omitida: https://www.magneto365.com/co/empleos/arquitecto-de-software-899087
2026-05-08 14:53:08 | INFO | Oferta duplicada omitida: https://www.magneto365.com/co/empleos/lider-tecnico-desarrollo-software-java-888526
2026-05-08 14:53:08 | INFO | Oferta duplicada omitida: https://www.magneto365.com/co/empleos/arquitecto-de-software-para-transformacion-digital-en-salud-y-contabilidad-886496
2026-05-08 14:53:08 | INFO | Oferta duplicada omitida: https://www.magneto365.com/co/empleos/arquitecto-de-software-822827
2026-05-08 14:53:08 | INFO | Oferta duplicada omitida: https://www.magneto365.com/co/empleos/practicante-sistemas-de-informacion-base-comercial-895470
2026-05-08 14:53:08 | INFO | Oferta duplicada omitida: https://www.magneto365.com/co/empleos/desarrollador-de-software-lider-microservicios-remoto-894672
2026-05-08 14:53:08 | INFO | Oferta duplicada omitida: https://www.magneto365.com/co/empleos/analista-tecnico-senior-desarrollo-de-software-bilingue-884537
2026-05-08 14:53:08 | INFO | Oferta duplicada omitida: https://www.magneto365.com/co/empleos/practicante-ingenieria-de-sistemas-desarrollo-y-soporte-ti-bogota-901179
2026-05-08 14:53:08 | INFO | Oferta duplicada omitida: https://www.magneto365.com/co/empleos/practicante-profesional-ingenieria-de-sistemas-medellin-899409
2026-05-08 14:53:08 | INFO | Oferta duplicada omitida: https://www.magneto365.com/co/empleos/practicante-chatbot-contratacion-y-colaboradores-whatsapp-895458
2026-05-08 14:53:08 | INFO | Oferta duplicada omitida: https://www.magneto365.com/co/empleos/analista-desarrollo-comercial-ii-bogota-899720
2026-05-08 14:53:08 | INFO | Oferta duplicada omitida: https://www.magneto365.com/co/empleos/analista-de-desarrollo-de-software-net-angular-sql-server-colombia-914543
2026-05-08 14:53:08 | INFO | Oferta duplicada omitida: https://www.magneto365.com/co/empleos/analista-de-ingenieria-desarrollo-de-producto-industrial-914466
2026-05-08 14:53:08 | INFO | Oferta duplicada omitida: https://www.magneto365.com/co/empleos/analista-de-desarrollo-logistico-908067
2026-05-08 14:53:08 | INFO | Oferta duplicada omitida: https://www.magneto365.com/co/empleos/analista-de-desarrollo-de-productos-industria-colombia-906038
2026-05-08 14:53:08 | INFO | Oferta duplicada omitida: https://www.magneto365.com/co/empleos/analista-de-desarrollo-905172
2026-05-08 14:53:08 | INFO | Oferta duplicada omitida: https://www.magneto365.com/co/empleos/analista-de-formacion-y-desarrollo-de-talento-905159
2026-05-08 14:53:08 | INFO | Oferta duplicada omitida: https://www.magneto365.com/co/empleos/analista-de-cultura-y-desarrollo-temporal-por-licencia-de-maternidad-901840
2026-05-08 14:53:08 | INFO | Oferta duplicada omitida: https://www.magneto365.com/co/empleos/analista-de-automatizacion-y-desarrollo-termino-fijo-900710
2026-05-08 14:53:08 | INFO | Oferta duplicada omitida: https://www.magneto365.com/co/empleos/analista-de-desarrollo-de-software-1626071855-68-897977
2026-05-08 14:53:08 | INFO | Oferta duplicada omitida: https://www.magneto365.com/co/empleos/analista-de-desarrollo-humano-897395
2026-05-08 14:53:08 | INFO | Oferta duplicada omitida: https://www.magneto365.com/co/empleos/analista-de-atraccion-cultura-y-desarrollo-1626073720-39-887030
2026-05-08 14:53:08 | INFO | Oferta duplicada omitida: https://www.magneto365.com/co/empleos/desarrolladora-de-software-1626142096-3-908837
2026-05-08 14:53:08 | INFO | Oferta duplicada omitida: https://www.magneto365.com/co/empleos/ceid-desarrolladora-de-software-senior-rpa-905848
2026-05-08 14:53:08 | INFO | Oferta duplicada omitida: https://www.magneto365.com/co/empleos/desarrolladora-de-software-qa-1626436242-51-906064
2026-05-08 14:53:08 | INFO | Oferta duplicada omitida: https://www.magneto365.com/co/empleos/ceid-desarrollador-de-software-semisenior-1626492604-5-891596
2026-05-08 14:53:08 | INFO | Oferta duplicada omitida: https://www.magneto365.com/co/empleos/desarrollador-de-negocios-bogota-910216
2026-05-08 14:53:08 | INFO | Oferta duplicada omitida: https://www.magneto365.com/co/empleos/desarrollador-mid-level-sprint-contributor-902838
2026-05-08 14:53:08 | INFO | Oferta duplicada omitida: https://www.magneto365.com/co/empleos/desarrolladora-fronted-1626040293-334-896881
2026-05-08 14:53:08 | INFO | Oferta duplicada omitida: https://www.magneto365.com/co/empleos/programador-de-publicidad-digital-893246
2026-05-08 14:53:08 | INFO | Oferta duplicada omitida: https://www.magneto365.com/co/empleos/programador-tornero-cnc-puente-aranda-891925
2026-05-08 14:53:08 | INFO | Oferta duplicada omitida: https://www.magneto365.com/co/empleos/programador-de-flota-33303-886852
2026-05-08 14:53:08 | INFO | Oferta duplicada omitida: https://www.magneto365.com/co/empleos/instrumentador-quirurgico-888639
2026-05-08 14:53:08 | INFO | Oferta duplicada omitida: https://www.magneto365.com/co/empleos/analista-de-programacion-de-turnos-en-empresas-de-seguridad-881373
2026-05-08 14:53:08 | INFO | Oferta duplicada omitida: https://www.magneto365.com/co/empleos/integracion-automatizacion-control-ensamble-832860
2026-05-08 14:53:08 | INFO | Resumen ciclo | revisadas=80 | aplicadas=0 | errores=0 | omitidas=80
2026-05-08 14:53:08 | INFO | Esperando 180 segundos para el siguiente ciclo...
2026-05-08 14:56:08 | INFO | --------------------------------------------------------------------------------
2026-05-08 14:56:08 | INFO | Iniciando ciclo #4
2026-05-08 14:56:08 | INFO | Buscando en Magneto: https://www.magneto365.com/co/trabajos/buscar/full-stack-developer
2026-05-08 14:56:10 | INFO | Ofertas extraídas de Magneto: 8
2026-05-08 14:56:10 | INFO | Buscando en Magneto: https://www.magneto365.com/co/trabajos/buscar/fullstack-developer
2026-05-08 14:56:10 | INFO | Ofertas extraídas de Magneto: 6
2026-05-08 14:56:10 | INFO | Buscando en Magneto: https://www.magneto365.com/co/trabajos/buscar/frontend-developer
2026-05-08 14:56:11 | INFO | Ofertas extraídas de Magneto: 1
2026-05-08 14:56:11 | INFO | Buscando en Magneto: https://www.magneto365.com/co/trabajos/buscar/backend-developer
2026-05-08 14:56:12 | INFO | Ofertas extraídas de Magneto: 4
2026-05-08 14:56:12 | INFO | Buscando en Magneto: https://www.magneto365.com/co/trabajos/buscar/react-developer
2026-05-08 14:56:13 | INFO | Ofertas extraídas de Magneto: 6
2026-05-08 14:56:13 | INFO | Buscando en Magneto: https://www.magneto365.com/co/trabajos/buscar/react-native
2026-05-08 14:56:14 | INFO | Ofertas extraídas de Magneto: 3
2026-05-08 14:56:14 | INFO | Buscando en Magneto: https://www.magneto365.com/co/trabajos/buscar/node-js-developer
2026-05-08 14:56:35 | INFO | No se encontraron resultados visibles en la búsqueda actual.
2026-05-08 14:56:35 | INFO | Ofertas extraídas de Magneto: 0
2026-05-08 14:56:35 | INFO | Busqueda por URL sin resultados. Usando pagina de ciudad para: Node.js Developer
2026-05-08 14:56:37 | INFO | Ofertas extraídas de Magneto: 0
2026-05-08 14:56:37 | INFO | Buscando en Magneto: https://www.magneto365.com/co/trabajos/buscar/javascript-developer
2026-05-08 14:56:38 | INFO | Ofertas extraídas de Magneto: 6
2026-05-08 14:56:38 | INFO | Buscando en Magneto: https://www.magneto365.com/co/trabajos/buscar/typescript-developer
2026-05-08 14:56:59 | INFO | No se encontraron resultados visibles en la búsqueda actual.
2026-05-08 14:56:59 | INFO | Ofertas extraídas de Magneto: 0
2026-05-08 14:56:59 | INFO | Busqueda por URL sin resultados. Usando pagina de ciudad para: TypeScript Developer
2026-05-08 14:57:00 | INFO | Ofertas extraídas de Magneto: 0
2026-05-08 14:57:00 | INFO | Buscando en Magneto: https://www.magneto365.com/co/trabajos/buscar/software-engineer
2026-05-08 14:57:02 | INFO | Ofertas extraídas de Magneto: 6
2026-05-08 14:57:02 | INFO | Buscando en Magneto: https://www.magneto365.com/co/trabajos/buscar/desarrollador-fullstack
2026-05-08 14:57:03 | INFO | Ofertas extraídas de Magneto: 12
2026-05-08 14:57:03 | INFO | Buscando en Magneto: https://www.magneto365.com/co/trabajos/buscar/desarrollador-frontend
2026-05-08 14:57:04 | INFO | Ofertas extraídas de Magneto: 5
2026-05-08 14:57:04 | INFO | Buscando en Magneto: https://www.magneto365.com/co/trabajos/buscar/desarrollador-backend
2026-05-08 14:57:05 | INFO | Ofertas extraídas de Magneto: 10
2026-05-08 14:57:05 | INFO | Buscando en Magneto: https://www.magneto365.com/co/trabajos/buscar/desarrollador-react
2026-05-08 14:57:07 | INFO | Ofertas extraídas de Magneto: 13
2026-05-08 14:57:07 | INFO | Buscando en Magneto: https://www.magneto365.com/co/trabajos/buscar/desarrollador-javascript
2026-05-08 14:57:08 | INFO | Ofertas extraídas de Magneto: 11
2026-05-08 14:57:08 | INFO | Buscando en Magneto: https://www.magneto365.com/co/trabajos/buscar/desarrollador-typescript
2026-05-08 14:57:09 | INFO | Ofertas extraídas de Magneto: 1
2026-05-08 14:57:09 | INFO | Buscando en Magneto: https://www.magneto365.com/co/trabajos/buscar/desarrollador-node
2026-05-08 14:57:10 | INFO | Ofertas extraídas de Magneto: 2
2026-05-08 14:57:10 | INFO | Buscando en Magneto: https://www.magneto365.com/co/trabajos/buscar/ingeniero-software
2026-05-08 14:57:11 | INFO | Ofertas extraídas de Magneto: 17
2026-05-08 14:57:11 | INFO | Buscando en Magneto: https://www.magneto365.com/co/trabajos/buscar/analista-desarrollo
2026-05-08 14:57:13 | INFO | Ofertas extraídas de Magneto: 12
2026-05-08 14:57:13 | INFO | Buscando en Magneto: https://www.magneto365.com/co/trabajos/buscar/desarrollador-software
2026-05-08 14:57:14 | INFO | Ofertas extraídas de Magneto: 19
2026-05-08 14:57:14 | INFO | Buscando en Magneto: https://www.magneto365.com/co/trabajos/buscar/programador
2026-05-08 14:57:15 | INFO | Ofertas extraídas de Magneto: 17
2026-05-08 14:57:15 | INFO | Oferta duplicada omitida: https://www.magneto365.com/co/empleos/full-stack-developer-1626494698-9-912135
2026-05-08 14:57:15 | INFO | Oferta duplicada omitida: https://www.magneto365.com/co/empleos/desarrollador-ti-911545
2026-05-08 14:57:15 | INFO | Oferta duplicada omitida: https://www.magneto365.com/co/empleos/desarrollador-full-stack-895702
2026-05-08 14:57:15 | INFO | Oferta duplicada omitida: https://www.magneto365.com/co/empleos/desarrollador-full-896787
2026-05-08 14:57:15 | INFO | Oferta duplicada omitida: https://www.magneto365.com/co/empleos/desarrollador-fullstack-javascriptnode-js-colombia-906260
2026-05-08 14:57:15 | INFO | Oferta duplicada omitida: https://www.magneto365.com/co/empleos/desarrollador-de-software-con-enfoque-en-inteligencia-artificial-899657
2026-05-08 14:57:15 | INFO | Oferta duplicada omitida: https://www.magneto365.com/co/empleos/desarrollador-de-software-ia-javascript-react-bucaramanga-913803
2026-05-08 14:57:15 | INFO | Oferta duplicada omitida: https://www.magneto365.com/co/empleos/desarrollador-python-bogota-909596
2026-05-08 14:57:15 | INFO | Oferta duplicada omitida: https://www.magneto365.com/co/empleos/desarrolladora-fullstack-896069
2026-05-08 14:57:15 | INFO | Oferta duplicada omitida: https://www.magneto365.com/co/empleos/desarrollador-fullstack-884799
2026-05-08 14:57:15 | INFO | Oferta duplicada omitida: https://www.magneto365.com/co/empleos/ingeniero-fullstack-senior-net-flutter-angular-teletrabajo-en-colombia-882683
2026-05-08 14:57:15 | INFO | Oferta duplicada omitida: https://www.magneto365.com/co/empleos/desarrollador-fullstack-senior-net-react-teletrabajo-colombia-889531
2026-05-08 14:57:15 | INFO | Oferta duplicada omitida: https://www.magneto365.com/co/empleos/desarrollador-fullstack-medellin-846369
2026-05-08 14:57:15 | INFO | Oferta duplicada omitida: https://www.magneto365.com/co/empleos/desarrollador-backend-senior-python-897964
2026-05-08 14:57:15 | INFO | Oferta duplicada omitida: https://www.magneto365.com/co/empleos/desarrollador-a-mobile-react-native-bogota-913246
2026-05-08 14:57:15 | INFO | Oferta duplicada omitida: https://www.magneto365.com/co/empleos/analista-tecnico-senior-bilingue-b2c1-java-react-react-native-remoto-bogota-887625
2026-05-08 14:57:15 | INFO | Oferta duplicada omitida: https://www.magneto365.com/co/empleos/desarrollador-senior-full-stack-bilingue-java-react-remoto-bogota-892791
2026-05-08 14:57:15 | INFO | Oferta duplicada omitida: https://www.magneto365.com/co/empleos/desarrollador-de-software-909610
2026-05-08 14:57:15 | INFO | Oferta duplicada omitida: https://www.magneto365.com/co/empleos/senior-data-engineer-1626494698-8-892405
2026-05-08 14:57:15 | INFO | Oferta duplicada omitida: https://www.magneto365.com/co/empleos/ingeniero-devops-mid-junior-899771
2026-05-08 14:57:15 | INFO | Oferta duplicada omitida: https://www.magneto365.com/co/empleos/analista-qa-882273
2026-05-08 14:57:15 | INFO | Oferta duplicada omitida: https://www.magneto365.com/co/empleos/desarrollador-fullstack-senior-hibrido-en-cali-895467
2026-05-08 14:57:15 | INFO | Oferta duplicada omitida: https://www.magneto365.com/co/empleos/desarrollador-fullstack-en-hidrocarburos-python-java-891227
2026-05-08 14:57:15 | INFO | Oferta duplicada omitida: https://www.magneto365.com/co/empleos/desarrollador-fullstack-senior-hibrido-en-cali-848809
2026-05-08 14:57:15 | INFO | Oferta duplicada omitida: https://www.magneto365.com/co/empleos/desarrollador-fullstack-senior-829393
2026-05-08 14:57:15 | INFO | Oferta duplicada omitida: https://www.magneto365.com/co/empleos/desarrollador-php-freelance-884817
2026-05-08 14:57:15 | INFO | Oferta duplicada omitida: https://www.magneto365.com/co/empleos/desarrollador-a-de-software-891058
2026-05-08 14:57:15 | INFO | Oferta duplicada omitida: https://www.magneto365.com/co/empleos/desarrollador-frontend-y-gestion-de-contenido-medellin-884727
2026-05-08 14:57:15 | INFO | Oferta duplicada omitida: https://www.magneto365.com/co/empleos/desarrollador-frontend-webmaster-847312
2026-05-08 14:57:15 | INFO | Oferta duplicada omitida: https://www.magneto365.com/co/empleos/senior-frontend-engineer-907809
2026-05-08 14:57:15 | INFO | Oferta duplicada omitida: https://www.magneto365.com/co/empleos/desarrollador-front-end-ecommerce-897233
2026-05-08 14:57:15 | INFO | Oferta duplicada omitida: https://www.magneto365.com/co/empleos/desarrollador-backend-912569
2026-05-08 14:57:15 | INFO | Oferta duplicada omitida: https://www.magneto365.com/co/empleos/desarrollador-backend-oracle-plsql-hxgn-eam-galapa-907640
2026-05-08 14:57:15 | INFO | Oferta duplicada omitida: https://www.magneto365.com/co/empleos/desarrollador-backend-884791
2026-05-08 14:57:15 | INFO | Oferta duplicada omitida: https://www.magneto365.com/co/empleos/desarrollador-senior-java-spring-boot-y-python-remoto-colombia-899477
2026-05-08 14:57:15 | INFO | Oferta duplicada omitida: https://www.magneto365.com/co/empleos/desarrollador-full-stack-895178
2026-05-08 14:57:15 | INFO | Oferta duplicada omitida: https://www.magneto365.com/co/empleos/especialista-i-desarrollador-pco-886336
2026-05-08 14:57:15 | INFO | Oferta duplicada omitida: https://www.magneto365.com/co/empleos/desarrollador-full-stack-python-react-ia-cali-908099
2026-05-08 14:57:15 | INFO | Oferta duplicada omitida: https://www.magneto365.com/co/empleos/desarrollador-senior-full-stack-909405
2026-05-08 14:57:15 | INFO | Oferta duplicada omitida: https://www.magneto365.com/co/empleos/desarrolladorprogramador-bi-financiera-888680
2026-05-08 14:57:15 | INFO | Oferta duplicada omitida: https://www.magneto365.com/co/empleos/desarrollador-especialista-de-software-medellin-843102
2026-05-08 14:57:15 | INFO | Oferta duplicada omitida: https://www.magneto365.com/co/empleos/desarrollador-de-software-835075
2026-05-08 14:57:15 | INFO | Oferta duplicada omitida: https://www.magneto365.com/co/empleos/ingeniero-a-tecnologia-talento-que-transforma-913134
2026-05-08 14:57:15 | INFO | Oferta duplicada omitida: https://www.magneto365.com/co/empleos/tester-qa-pruebas-de-software-hibrido-bogota-908108
2026-05-08 14:57:15 | INFO | Oferta duplicada omitida: https://www.magneto365.com/co/empleos/coordinadora-de-servicios-de-desarrollo-de-software-1626119083-2-900284
2026-05-08 14:57:15 | INFO | Oferta duplicada omitida: https://www.magneto365.com/co/empleos/arquitecto-de-software-899087
2026-05-08 14:57:15 | INFO | Oferta duplicada omitida: https://www.magneto365.com/co/empleos/lider-tecnico-desarrollo-software-java-888526
2026-05-08 14:57:15 | INFO | Oferta duplicada omitida: https://www.magneto365.com/co/empleos/arquitecto-de-software-para-transformacion-digital-en-salud-y-contabilidad-886496
2026-05-08 14:57:15 | INFO | Oferta duplicada omitida: https://www.magneto365.com/co/empleos/arquitecto-de-software-822827
2026-05-08 14:57:15 | INFO | Oferta duplicada omitida: https://www.magneto365.com/co/empleos/practicante-sistemas-de-informacion-base-comercial-895470
2026-05-08 14:57:15 | INFO | Oferta duplicada omitida: https://www.magneto365.com/co/empleos/desarrollador-de-software-lider-microservicios-remoto-894672
2026-05-08 14:57:15 | INFO | Oferta duplicada omitida: https://www.magneto365.com/co/empleos/analista-tecnico-senior-desarrollo-de-software-bilingue-884537
2026-05-08 14:57:15 | INFO | Oferta duplicada omitida: https://www.magneto365.com/co/empleos/practicante-ingenieria-de-sistemas-desarrollo-y-soporte-ti-bogota-901179
2026-05-08 14:57:15 | INFO | Oferta duplicada omitida: https://www.magneto365.com/co/empleos/practicante-profesional-ingenieria-de-sistemas-medellin-899409
2026-05-08 14:57:15 | INFO | Oferta duplicada omitida: https://www.magneto365.com/co/empleos/practicante-chatbot-contratacion-y-colaboradores-whatsapp-895458
2026-05-08 14:57:15 | INFO | Oferta duplicada omitida: https://www.magneto365.com/co/empleos/analista-desarrollo-comercial-ii-bogota-899720
2026-05-08 14:57:15 | INFO | Oferta duplicada omitida: https://www.magneto365.com/co/empleos/analista-de-desarrollo-de-software-net-angular-sql-server-colombia-914543
2026-05-08 14:57:15 | INFO | Oferta duplicada omitida: https://www.magneto365.com/co/empleos/analista-de-ingenieria-desarrollo-de-producto-industrial-914466
2026-05-08 14:57:15 | INFO | Oferta duplicada omitida: https://www.magneto365.com/co/empleos/analista-de-desarrollo-logistico-908067
2026-05-08 14:57:15 | INFO | Oferta duplicada omitida: https://www.magneto365.com/co/empleos/analista-de-desarrollo-de-productos-industria-colombia-906038
2026-05-08 14:57:15 | INFO | Oferta duplicada omitida: https://www.magneto365.com/co/empleos/analista-de-desarrollo-905172
2026-05-08 14:57:15 | INFO | Oferta duplicada omitida: https://www.magneto365.com/co/empleos/analista-de-formacion-y-desarrollo-de-talento-905159
2026-05-08 14:57:15 | INFO | Oferta duplicada omitida: https://www.magneto365.com/co/empleos/analista-de-cultura-y-desarrollo-temporal-por-licencia-de-maternidad-901840
2026-05-08 14:57:15 | INFO | Oferta duplicada omitida: https://www.magneto365.com/co/empleos/analista-de-automatizacion-y-desarrollo-termino-fijo-900710
2026-05-08 14:57:15 | INFO | Oferta duplicada omitida: https://www.magneto365.com/co/empleos/analista-de-desarrollo-de-software-1626071855-68-897977
2026-05-08 14:57:15 | INFO | Oferta duplicada omitida: https://www.magneto365.com/co/empleos/analista-de-desarrollo-humano-897395
2026-05-08 14:57:15 | INFO | Oferta duplicada omitida: https://www.magneto365.com/co/empleos/analista-de-atraccion-cultura-y-desarrollo-1626073720-39-887030
2026-05-08 14:57:15 | INFO | Oferta duplicada omitida: https://www.magneto365.com/co/empleos/desarrolladora-de-software-1626142096-3-908837
2026-05-08 14:57:15 | INFO | Oferta duplicada omitida: https://www.magneto365.com/co/empleos/ceid-desarrolladora-de-software-senior-rpa-905848
2026-05-08 14:57:15 | INFO | Oferta duplicada omitida: https://www.magneto365.com/co/empleos/desarrolladora-de-software-qa-1626436242-51-906064
2026-05-08 14:57:15 | INFO | Oferta duplicada omitida: https://www.magneto365.com/co/empleos/ceid-desarrollador-de-software-semisenior-1626492604-5-891596
2026-05-08 14:57:15 | INFO | Oferta duplicada omitida: https://www.magneto365.com/co/empleos/desarrollador-de-negocios-bogota-910216
2026-05-08 14:57:15 | INFO | Oferta duplicada omitida: https://www.magneto365.com/co/empleos/desarrollador-mid-level-sprint-contributor-902838
2026-05-08 14:57:15 | INFO | Oferta duplicada omitida: https://www.magneto365.com/co/empleos/desarrolladora-fronted-1626040293-334-896881
2026-05-08 14:57:15 | INFO | Oferta duplicada omitida: https://www.magneto365.com/co/empleos/programador-de-publicidad-digital-893246
2026-05-08 14:57:15 | INFO | Oferta duplicada omitida: https://www.magneto365.com/co/empleos/programador-tornero-cnc-puente-aranda-891925
2026-05-08 14:57:15 | INFO | Oferta duplicada omitida: https://www.magneto365.com/co/empleos/programador-de-flota-33303-886852
2026-05-08 14:57:15 | INFO | Oferta duplicada omitida: https://www.magneto365.com/co/empleos/instrumentador-quirurgico-888639
2026-05-08 14:57:15 | INFO | Oferta duplicada omitida: https://www.magneto365.com/co/empleos/analista-de-programacion-de-turnos-en-empresas-de-seguridad-881373
2026-05-08 14:57:15 | INFO | Oferta duplicada omitida: https://www.magneto365.com/co/empleos/integracion-automatizacion-control-ensamble-832860
2026-05-08 14:57:15 | INFO | Resumen ciclo | revisadas=80 | aplicadas=0 | errores=0 | omitidas=80
2026-05-08 14:57:15 | INFO | Esperando 180 segundos para el siguiente ciclo...
2026-05-08 15:00:15 | INFO | --------------------------------------------------------------------------------
2026-05-08 15:00:15 | INFO | Iniciando ciclo #5
2026-05-08 15:00:15 | INFO | Verificando estado de login (cada 5 ciclos)...
2026-05-08 15:00:17 | INFO | No hay sesion activa en Magneto. Abriendo inicio de sesion.
2026-05-08 15:00:29 | INFO | No se encontro boton de Google. Esperando inicio manual.
2026-05-08 15:00:29 | INFO | Sesion iniciada correctamente.
2026-05-08 15:00:29 | INFO | ✅ Login renovado exitosamente
2026-05-08 15:00:29 | INFO | Buscando en Magneto: https://www.magneto365.com/co/trabajos/buscar/full-stack-developer
2026-05-08 15:00:30 | INFO | Ofertas extraídas de Magneto: 8
2026-05-08 15:00:30 | INFO | Buscando en Magneto: https://www.magneto365.com/co/trabajos/buscar/fullstack-developer
2026-05-08 15:00:31 | INFO | Ofertas extraídas de Magneto: 6
2026-05-08 15:00:31 | INFO | Buscando en Magneto: https://www.magneto365.com/co/trabajos/buscar/frontend-developer
2026-05-08 15:00:32 | INFO | Ofertas extraídas de Magneto: 1
2026-05-08 15:00:32 | INFO | Buscando en Magneto: https://www.magneto365.com/co/trabajos/buscar/backend-developer
2026-05-08 15:00:33 | INFO | Ofertas extraídas de Magneto: 4
2026-05-08 15:00:33 | INFO | Buscando en Magneto: https://www.magneto365.com/co/trabajos/buscar/react-developer
2026-05-08 15:00:34 | INFO | Ofertas extraídas de Magneto: 6
2026-05-08 15:00:34 | INFO | Buscando en Magneto: https://www.magneto365.com/co/trabajos/buscar/react-native
2026-05-08 15:00:35 | INFO | Ofertas extraídas de Magneto: 3
2026-05-08 15:00:35 | INFO | Buscando en Magneto: https://www.magneto365.com/co/trabajos/buscar/node-js-developer
2026-05-08 15:00:57 | INFO | No se encontraron resultados visibles en la búsqueda actual.
2026-05-08 15:00:57 | INFO | Ofertas extraídas de Magneto: 0
2026-05-08 15:00:57 | INFO | Busqueda por URL sin resultados. Usando pagina de ciudad para: Node.js Developer
2026-05-08 15:01:00 | INFO | Ofertas extraídas de Magneto: 0
2026-05-08 15:01:00 | INFO | Buscando en Magneto: https://www.magneto365.com/co/trabajos/buscar/javascript-developer
2026-05-08 15:01:01 | INFO | Ofertas extraídas de Magneto: 6
2026-05-08 15:01:01 | INFO | Buscando en Magneto: https://www.magneto365.com/co/trabajos/buscar/typescript-developer
2026-05-08 15:01:22 | INFO | No se encontraron resultados visibles en la búsqueda actual.
2026-05-08 15:01:22 | INFO | Ofertas extraídas de Magneto: 0
2026-05-08 15:01:22 | INFO | Busqueda por URL sin resultados. Usando pagina de ciudad para: TypeScript Developer
2026-05-08 15:01:26 | INFO | Ofertas extraídas de Magneto: 0
2026-05-08 15:01:26 | INFO | Buscando en Magneto: https://www.magneto365.com/co/trabajos/buscar/software-engineer
2026-05-08 15:01:27 | INFO | Ofertas extraídas de Magneto: 6
2026-05-08 15:01:27 | INFO | Buscando en Magneto: https://www.magneto365.com/co/trabajos/buscar/desarrollador-fullstack
2026-05-08 15:01:28 | INFO | Ofertas extraídas de Magneto: 12
2026-05-08 15:01:28 | INFO | Buscando en Magneto: https://www.magneto365.com/co/trabajos/buscar/desarrollador-frontend
2026-05-08 15:01:29 | INFO | Ofertas extraídas de Magneto: 5
2026-05-08 15:01:29 | INFO | Buscando en Magneto: https://www.magneto365.com/co/trabajos/buscar/desarrollador-backend
2026-05-08 15:01:30 | INFO | Ofertas extraídas de Magneto: 10
2026-05-08 15:01:30 | INFO | Buscando en Magneto: https://www.magneto365.com/co/trabajos/buscar/desarrollador-react
2026-05-08 15:01:31 | INFO | Ofertas extraídas de Magneto: 13
2026-05-08 15:01:31 | INFO | Buscando en Magneto: https://www.magneto365.com/co/trabajos/buscar/desarrollador-javascript
2026-05-08 15:01:32 | INFO | Ofertas extraídas de Magneto: 11
2026-05-08 15:01:32 | INFO | Buscando en Magneto: https://www.magneto365.com/co/trabajos/buscar/desarrollador-typescript
2026-05-08 15:01:34 | INFO | Ofertas extraídas de Magneto: 1
2026-05-08 15:01:34 | INFO | Buscando en Magneto: https://www.magneto365.com/co/trabajos/buscar/desarrollador-node
2026-05-08 15:01:35 | INFO | Ofertas extraídas de Magneto: 2
2026-05-08 15:01:35 | INFO | Buscando en Magneto: https://www.magneto365.com/co/trabajos/buscar/ingeniero-software
2026-05-08 15:01:37 | INFO | Ofertas extraídas de Magneto: 17
2026-05-08 15:01:37 | INFO | Buscando en Magneto: https://www.magneto365.com/co/trabajos/buscar/analista-desarrollo
2026-05-08 15:01:38 | INFO | Ofertas extraídas de Magneto: 12
2026-05-08 15:01:38 | INFO | Buscando en Magneto: https://www.magneto365.com/co/trabajos/buscar/desarrollador-software
2026-05-08 15:01:40 | INFO | Ofertas extraídas de Magneto: 19
2026-05-08 15:01:40 | INFO | Buscando en Magneto: https://www.magneto365.com/co/trabajos/buscar/programador
2026-05-08 15:01:41 | INFO | Ofertas extraídas de Magneto: 17
2026-05-08 15:01:41 | INFO | Oferta duplicada omitida: https://www.magneto365.com/co/empleos/full-stack-developer-1626494698-9-912135
2026-05-08 15:01:41 | INFO | Oferta duplicada omitida: https://www.magneto365.com/co/empleos/desarrollador-ti-911545
2026-05-08 15:01:41 | INFO | Oferta duplicada omitida: https://www.magneto365.com/co/empleos/desarrollador-full-stack-895702
2026-05-08 15:01:41 | INFO | Oferta duplicada omitida: https://www.magneto365.com/co/empleos/desarrollador-full-896787
2026-05-08 15:01:41 | INFO | Oferta duplicada omitida: https://www.magneto365.com/co/empleos/desarrollador-fullstack-javascriptnode-js-colombia-906260
2026-05-08 15:01:41 | INFO | Oferta duplicada omitida: https://www.magneto365.com/co/empleos/desarrollador-de-software-con-enfoque-en-inteligencia-artificial-899657
2026-05-08 15:01:41 | INFO | Oferta duplicada omitida: https://www.magneto365.com/co/empleos/desarrollador-de-software-ia-javascript-react-bucaramanga-913803
2026-05-08 15:01:41 | INFO | Oferta duplicada omitida: https://www.magneto365.com/co/empleos/desarrollador-python-bogota-909596
2026-05-08 15:01:41 | INFO | Oferta duplicada omitida: https://www.magneto365.com/co/empleos/desarrolladora-fullstack-896069
2026-05-08 15:01:41 | INFO | Oferta duplicada omitida: https://www.magneto365.com/co/empleos/desarrollador-fullstack-884799
2026-05-08 15:01:41 | INFO | Oferta duplicada omitida: https://www.magneto365.com/co/empleos/ingeniero-fullstack-senior-net-flutter-angular-teletrabajo-en-colombia-882683
2026-05-08 15:01:41 | INFO | Oferta duplicada omitida: https://www.magneto365.com/co/empleos/desarrollador-fullstack-senior-net-react-teletrabajo-colombia-889531
2026-05-08 15:01:41 | INFO | Oferta duplicada omitida: https://www.magneto365.com/co/empleos/desarrollador-fullstack-medellin-846369
2026-05-08 15:01:41 | INFO | Oferta duplicada omitida: https://www.magneto365.com/co/empleos/desarrollador-backend-senior-python-897964
2026-05-08 15:01:41 | INFO | Oferta duplicada omitida: https://www.magneto365.com/co/empleos/desarrollador-a-mobile-react-native-bogota-913246
2026-05-08 15:01:41 | INFO | Oferta duplicada omitida: https://www.magneto365.com/co/empleos/analista-tecnico-senior-bilingue-b2c1-java-react-react-native-remoto-bogota-887625
2026-05-08 15:01:41 | INFO | Oferta duplicada omitida: https://www.magneto365.com/co/empleos/desarrollador-senior-full-stack-bilingue-java-react-remoto-bogota-892791
2026-05-08 15:01:41 | INFO | Oferta duplicada omitida: https://www.magneto365.com/co/empleos/desarrollador-de-software-909610
2026-05-08 15:01:41 | INFO | Oferta duplicada omitida: https://www.magneto365.com/co/empleos/senior-data-engineer-1626494698-8-892405
2026-05-08 15:01:41 | INFO | Oferta duplicada omitida: https://www.magneto365.com/co/empleos/ingeniero-devops-mid-junior-899771
2026-05-08 15:01:41 | INFO | Oferta duplicada omitida: https://www.magneto365.com/co/empleos/analista-qa-882273
2026-05-08 15:01:41 | INFO | Oferta duplicada omitida: https://www.magneto365.com/co/empleos/desarrollador-fullstack-senior-hibrido-en-cali-895467
2026-05-08 15:01:41 | INFO | Oferta duplicada omitida: https://www.magneto365.com/co/empleos/desarrollador-fullstack-en-hidrocarburos-python-java-891227
2026-05-08 15:01:41 | INFO | Oferta duplicada omitida: https://www.magneto365.com/co/empleos/desarrollador-fullstack-senior-hibrido-en-cali-848809
2026-05-08 15:01:41 | INFO | Oferta duplicada omitida: https://www.magneto365.com/co/empleos/desarrollador-fullstack-senior-829393
2026-05-08 15:01:41 | INFO | Oferta duplicada omitida: https://www.magneto365.com/co/empleos/desarrollador-php-freelance-884817
2026-05-08 15:01:41 | INFO | Oferta duplicada omitida: https://www.magneto365.com/co/empleos/desarrollador-a-de-software-891058
2026-05-08 15:01:41 | INFO | Oferta duplicada omitida: https://www.magneto365.com/co/empleos/desarrollador-frontend-y-gestion-de-contenido-medellin-884727
2026-05-08 15:01:41 | INFO | Oferta duplicada omitida: https://www.magneto365.com/co/empleos/desarrollador-frontend-webmaster-847312
2026-05-08 15:01:41 | INFO | Oferta duplicada omitida: https://www.magneto365.com/co/empleos/senior-frontend-engineer-907809
2026-05-08 15:01:41 | INFO | Oferta duplicada omitida: https://www.magneto365.com/co/empleos/desarrollador-front-end-ecommerce-897233
2026-05-08 15:01:41 | INFO | Oferta duplicada omitida: https://www.magneto365.com/co/empleos/desarrollador-backend-912569
2026-05-08 15:01:41 | INFO | Oferta duplicada omitida: https://www.magneto365.com/co/empleos/desarrollador-backend-oracle-plsql-hxgn-eam-galapa-907640
2026-05-08 15:01:41 | INFO | Oferta duplicada omitida: https://www.magneto365.com/co/empleos/desarrollador-backend-884791
2026-05-08 15:01:41 | INFO | Oferta duplicada omitida: https://www.magneto365.com/co/empleos/desarrollador-senior-java-spring-boot-y-python-remoto-colombia-899477
2026-05-08 15:01:41 | INFO | Oferta duplicada omitida: https://www.magneto365.com/co/empleos/desarrollador-full-stack-895178
2026-05-08 15:01:41 | INFO | Oferta duplicada omitida: https://www.magneto365.com/co/empleos/especialista-i-desarrollador-pco-886336
2026-05-08 15:01:41 | INFO | Oferta duplicada omitida: https://www.magneto365.com/co/empleos/desarrollador-full-stack-python-react-ia-cali-908099
2026-05-08 15:01:41 | INFO | Oferta duplicada omitida: https://www.magneto365.com/co/empleos/desarrollador-senior-full-stack-909405
2026-05-08 15:01:41 | INFO | Oferta duplicada omitida: https://www.magneto365.com/co/empleos/desarrolladorprogramador-bi-financiera-888680
2026-05-08 15:01:41 | INFO | Oferta duplicada omitida: https://www.magneto365.com/co/empleos/desarrollador-especialista-de-software-medellin-843102
2026-05-08 15:01:41 | INFO | Oferta duplicada omitida: https://www.magneto365.com/co/empleos/desarrollador-de-software-835075
2026-05-08 15:01:41 | INFO | Oferta duplicada omitida: https://www.magneto365.com/co/empleos/ingeniero-a-tecnologia-talento-que-transforma-913134
2026-05-08 15:01:41 | INFO | Oferta duplicada omitida: https://www.magneto365.com/co/empleos/tester-qa-pruebas-de-software-hibrido-bogota-908108
2026-05-08 15:01:41 | INFO | Oferta duplicada omitida: https://www.magneto365.com/co/empleos/coordinadora-de-servicios-de-desarrollo-de-software-1626119083-2-900284
2026-05-08 15:01:41 | INFO | Oferta duplicada omitida: https://www.magneto365.com/co/empleos/arquitecto-de-software-899087
2026-05-08 15:01:41 | INFO | Oferta duplicada omitida: https://www.magneto365.com/co/empleos/lider-tecnico-desarrollo-software-java-888526
2026-05-08 15:01:41 | INFO | Oferta duplicada omitida: https://www.magneto365.com/co/empleos/arquitecto-de-software-para-transformacion-digital-en-salud-y-contabilidad-886496
2026-05-08 15:01:41 | INFO | Oferta duplicada omitida: https://www.magneto365.com/co/empleos/arquitecto-de-software-822827
2026-05-08 15:01:41 | INFO | Oferta duplicada omitida: https://www.magneto365.com/co/empleos/practicante-sistemas-de-informacion-base-comercial-895470
2026-05-08 15:01:41 | INFO | Oferta duplicada omitida: https://www.magneto365.com/co/empleos/desarrollador-de-software-lider-microservicios-remoto-894672
2026-05-08 15:01:41 | INFO | Oferta duplicada omitida: https://www.magneto365.com/co/empleos/analista-tecnico-senior-desarrollo-de-software-bilingue-884537
2026-05-08 15:01:41 | INFO | Oferta duplicada omitida: https://www.magneto365.com/co/empleos/practicante-ingenieria-de-sistemas-desarrollo-y-soporte-ti-bogota-901179
2026-05-08 15:01:41 | INFO | Oferta duplicada omitida: https://www.magneto365.com/co/empleos/practicante-profesional-ingenieria-de-sistemas-medellin-899409
2026-05-08 15:01:41 | INFO | Oferta duplicada omitida: https://www.magneto365.com/co/empleos/practicante-chatbot-contratacion-y-colaboradores-whatsapp-895458
2026-05-08 15:01:41 | INFO | Oferta duplicada omitida: https://www.magneto365.com/co/empleos/analista-desarrollo-comercial-ii-bogota-899720
2026-05-08 15:01:41 | INFO | Oferta duplicada omitida: https://www.magneto365.com/co/empleos/analista-de-desarrollo-de-software-net-angular-sql-server-colombia-914543
2026-05-08 15:01:41 | INFO | Oferta duplicada omitida: https://www.magneto365.com/co/empleos/analista-de-ingenieria-desarrollo-de-producto-industrial-914466
2026-05-08 15:01:41 | INFO | Oferta duplicada omitida: https://www.magneto365.com/co/empleos/analista-de-desarrollo-logistico-908067
2026-05-08 15:01:41 | INFO | Oferta duplicada omitida: https://www.magneto365.com/co/empleos/analista-de-desarrollo-de-productos-industria-colombia-906038
2026-05-08 15:01:41 | INFO | Oferta duplicada omitida: https://www.magneto365.com/co/empleos/analista-de-desarrollo-905172
2026-05-08 15:01:41 | INFO | Oferta duplicada omitida: https://www.magneto365.com/co/empleos/analista-de-formacion-y-desarrollo-de-talento-905159
2026-05-08 15:01:41 | INFO | Oferta duplicada omitida: https://www.magneto365.com/co/empleos/analista-de-cultura-y-desarrollo-temporal-por-licencia-de-maternidad-901840
2026-05-08 15:01:41 | INFO | Oferta duplicada omitida: https://www.magneto365.com/co/empleos/analista-de-automatizacion-y-desarrollo-termino-fijo-900710
2026-05-08 15:01:41 | INFO | Oferta duplicada omitida: https://www.magneto365.com/co/empleos/analista-de-desarrollo-de-software-1626071855-68-897977
2026-05-08 15:01:41 | INFO | Oferta duplicada omitida: https://www.magneto365.com/co/empleos/analista-de-desarrollo-humano-897395
2026-05-08 15:01:41 | INFO | Oferta duplicada omitida: https://www.magneto365.com/co/empleos/analista-de-atraccion-cultura-y-desarrollo-1626073720-39-887030
2026-05-08 15:01:41 | INFO | Oferta duplicada omitida: https://www.magneto365.com/co/empleos/desarrolladora-de-software-1626142096-3-908837
2026-05-08 15:01:41 | INFO | Oferta duplicada omitida: https://www.magneto365.com/co/empleos/ceid-desarrolladora-de-software-senior-rpa-905848
2026-05-08 15:01:41 | INFO | Oferta duplicada omitida: https://www.magneto365.com/co/empleos/desarrolladora-de-software-qa-1626436242-51-906064
2026-05-08 15:01:41 | INFO | Oferta duplicada omitida: https://www.magneto365.com/co/empleos/ceid-desarrollador-de-software-semisenior-1626492604-5-891596
2026-05-08 15:01:41 | INFO | Oferta duplicada omitida: https://www.magneto365.com/co/empleos/desarrollador-de-negocios-bogota-910216
2026-05-08 15:01:41 | INFO | Oferta duplicada omitida: https://www.magneto365.com/co/empleos/desarrollador-mid-level-sprint-contributor-902838
2026-05-08 15:01:41 | INFO | Oferta duplicada omitida: https://www.magneto365.com/co/empleos/desarrolladora-fronted-1626040293-334-896881
2026-05-08 15:01:41 | INFO | Oferta duplicada omitida: https://www.magneto365.com/co/empleos/programador-de-publicidad-digital-893246
2026-05-08 15:01:41 | INFO | Oferta duplicada omitida: https://www.magneto365.com/co/empleos/programador-tornero-cnc-puente-aranda-891925
2026-05-08 15:01:41 | INFO | Oferta duplicada omitida: https://www.magneto365.com/co/empleos/programador-de-flota-33303-886852
2026-05-08 15:01:41 | INFO | Oferta duplicada omitida: https://www.magneto365.com/co/empleos/instrumentador-quirurgico-888639
2026-05-08 15:01:41 | INFO | Oferta duplicada omitida: https://www.magneto365.com/co/empleos/analista-de-programacion-de-turnos-en-empresas-de-seguridad-881373
2026-05-08 15:01:41 | INFO | Oferta duplicada omitida: https://www.magneto365.com/co/empleos/integracion-automatizacion-control-ensamble-832860
2026-05-08 15:01:41 | INFO | Resumen ciclo | revisadas=80 | aplicadas=0 | errores=0 | omitidas=80
2026-05-08 15:01:41 | INFO | Esperando 180 segundos para el siguiente ciclo...
2026-05-08 15:04:41 | INFO | --------------------------------------------------------------------------------
2026-05-08 15:04:41 | INFO | Iniciando ciclo #6
2026-05-08 15:04:41 | INFO | Buscando en Magneto: https://www.magneto365.com/co/trabajos/buscar/full-stack-developer
2026-05-08 15:04:42 | INFO | Ofertas extraídas de Magneto: 8
2026-05-08 15:04:42 | INFO | Buscando en Magneto: https://www.magneto365.com/co/trabajos/buscar/fullstack-developer
2026-05-08 15:04:43 | INFO | Ofertas extraídas de Magneto: 6
2026-05-08 15:04:43 | INFO | Buscando en Magneto: https://www.magneto365.com/co/trabajos/buscar/frontend-developer
2026-05-08 15:04:44 | INFO | Ofertas extraídas de Magneto: 1
2026-05-08 15:04:44 | INFO | Buscando en Magneto: https://www.magneto365.com/co/trabajos/buscar/backend-developer
2026-05-08 15:04:45 | INFO | Ofertas extraídas de Magneto: 4
2026-05-08 15:04:45 | INFO | Buscando en Magneto: https://www.magneto365.com/co/trabajos/buscar/react-developer
2026-05-08 15:04:46 | INFO | Ofertas extraídas de Magneto: 6
2026-05-08 15:04:46 | INFO | Buscando en Magneto: https://www.magneto365.com/co/trabajos/buscar/react-native
2026-05-08 15:04:47 | INFO | Ofertas extraídas de Magneto: 3
2026-05-08 15:04:47 | INFO | Buscando en Magneto: https://www.magneto365.com/co/trabajos/buscar/node-js-developer
2026-05-08 15:05:08 | INFO | No se encontraron resultados visibles en la búsqueda actual.
2026-05-08 15:05:08 | INFO | Ofertas extraídas de Magneto: 0
2026-05-08 15:05:08 | INFO | Busqueda por URL sin resultados. Usando pagina de ciudad para: Node.js Developer
2026-05-08 15:05:10 | INFO | Ofertas extraídas de Magneto: 0
2026-05-08 15:05:10 | INFO | Buscando en Magneto: https://www.magneto365.com/co/trabajos/buscar/javascript-developer
2026-05-08 15:05:11 | INFO | Ofertas extraídas de Magneto: 6
2026-05-08 15:05:11 | INFO | Buscando en Magneto: https://www.magneto365.com/co/trabajos/buscar/typescript-developer
2026-05-08 15:05:31 | INFO | No se encontraron resultados visibles en la búsqueda actual.
2026-05-08 15:05:31 | INFO | Ofertas extraídas de Magneto: 0
2026-05-08 15:05:31 | INFO | Busqueda por URL sin resultados. Usando pagina de ciudad para: TypeScript Developer
2026-05-08 15:05:34 | INFO | Ofertas extraídas de Magneto: 0
2026-05-08 15:05:34 | INFO | Buscando en Magneto: https://www.magneto365.com/co/trabajos/buscar/software-engineer
2026-05-08 15:05:35 | INFO | Ofertas extraídas de Magneto: 6
2026-05-08 15:05:35 | INFO | Buscando en Magneto: https://www.magneto365.com/co/trabajos/buscar/desarrollador-fullstack
2026-05-08 15:05:36 | INFO | Ofertas extraídas de Magneto: 12
2026-05-08 15:05:36 | INFO | Buscando en Magneto: https://www.magneto365.com/co/trabajos/buscar/desarrollador-frontend
2026-05-08 15:05:37 | INFO | Ofertas extraídas de Magneto: 5
2026-05-08 15:05:37 | INFO | Buscando en Magneto: https://www.magneto365.com/co/trabajos/buscar/desarrollador-backend
2026-05-08 15:05:38 | INFO | Ofertas extraídas de Magneto: 10
2026-05-08 15:05:38 | INFO | Buscando en Magneto: https://www.magneto365.com/co/trabajos/buscar/desarrollador-react
2026-05-08 15:05:39 | INFO | Ofertas extraídas de Magneto: 13
2026-05-08 15:05:39 | INFO | Buscando en Magneto: https://www.magneto365.com/co/trabajos/buscar/desarrollador-javascript
2026-05-08 15:05:41 | INFO | Ofertas extraídas de Magneto: 11
2026-05-08 15:05:41 | INFO | Buscando en Magneto: https://www.magneto365.com/co/trabajos/buscar/desarrollador-typescript
2026-05-08 15:05:42 | INFO | Ofertas extraídas de Magneto: 1
2026-05-08 15:05:42 | INFO | Buscando en Magneto: https://www.magneto365.com/co/trabajos/buscar/desarrollador-node
2026-05-08 15:05:43 | INFO | Ofertas extraídas de Magneto: 2
2026-05-08 15:05:43 | INFO | Buscando en Magneto: https://www.magneto365.com/co/trabajos/buscar/ingeniero-software
2026-05-08 15:05:45 | INFO | Ofertas extraídas de Magneto: 17
2026-05-08 15:05:45 | INFO | Buscando en Magneto: https://www.magneto365.com/co/trabajos/buscar/analista-desarrollo
2026-05-08 15:05:46 | INFO | Ofertas extraídas de Magneto: 12
2026-05-08 15:05:46 | INFO | Buscando en Magneto: https://www.magneto365.com/co/trabajos/buscar/desarrollador-software
2026-05-08 15:05:47 | INFO | Ofertas extraídas de Magneto: 19
2026-05-08 15:05:47 | INFO | Buscando en Magneto: https://www.magneto365.com/co/trabajos/buscar/programador
2026-05-08 15:05:49 | INFO | Ofertas extraídas de Magneto: 17
2026-05-08 15:05:49 | INFO | Oferta duplicada omitida: https://www.magneto365.com/co/empleos/full-stack-developer-1626494698-9-912135
2026-05-08 15:05:49 | INFO | Oferta duplicada omitida: https://www.magneto365.com/co/empleos/desarrollador-ti-911545
2026-05-08 15:05:49 | INFO | Oferta duplicada omitida: https://www.magneto365.com/co/empleos/desarrollador-full-stack-895702
2026-05-08 15:05:49 | INFO | Oferta duplicada omitida: https://www.magneto365.com/co/empleos/desarrollador-full-896787
2026-05-08 15:05:49 | INFO | Oferta duplicada omitida: https://www.magneto365.com/co/empleos/desarrollador-fullstack-javascriptnode-js-colombia-906260
2026-05-08 15:05:49 | INFO | Oferta duplicada omitida: https://www.magneto365.com/co/empleos/desarrollador-de-software-con-enfoque-en-inteligencia-artificial-899657
2026-05-08 15:05:49 | INFO | Oferta duplicada omitida: https://www.magneto365.com/co/empleos/desarrollador-de-software-ia-javascript-react-bucaramanga-913803
2026-05-08 15:05:49 | INFO | Oferta duplicada omitida: https://www.magneto365.com/co/empleos/desarrollador-python-bogota-909596
2026-05-08 15:05:49 | INFO | Oferta duplicada omitida: https://www.magneto365.com/co/empleos/desarrolladora-fullstack-896069
2026-05-08 15:05:49 | INFO | Oferta duplicada omitida: https://www.magneto365.com/co/empleos/desarrollador-fullstack-884799
2026-05-08 15:05:49 | INFO | Oferta duplicada omitida: https://www.magneto365.com/co/empleos/ingeniero-fullstack-senior-net-flutter-angular-teletrabajo-en-colombia-882683
2026-05-08 15:05:49 | INFO | Oferta duplicada omitida: https://www.magneto365.com/co/empleos/desarrollador-fullstack-senior-net-react-teletrabajo-colombia-889531
2026-05-08 15:05:49 | INFO | Oferta duplicada omitida: https://www.magneto365.com/co/empleos/desarrollador-fullstack-medellin-846369
2026-05-08 15:05:49 | INFO | Oferta duplicada omitida: https://www.magneto365.com/co/empleos/desarrollador-backend-senior-python-897964
2026-05-08 15:05:49 | INFO | Oferta duplicada omitida: https://www.magneto365.com/co/empleos/desarrollador-a-mobile-react-native-bogota-913246
2026-05-08 15:05:49 | INFO | Oferta duplicada omitida: https://www.magneto365.com/co/empleos/analista-tecnico-senior-bilingue-b2c1-java-react-react-native-remoto-bogota-887625
2026-05-08 15:05:49 | INFO | Oferta duplicada omitida: https://www.magneto365.com/co/empleos/desarrollador-senior-full-stack-bilingue-java-react-remoto-bogota-892791
2026-05-08 15:05:49 | INFO | Oferta duplicada omitida: https://www.magneto365.com/co/empleos/desarrollador-de-software-909610
2026-05-08 15:05:49 | INFO | Oferta duplicada omitida: https://www.magneto365.com/co/empleos/senior-data-engineer-1626494698-8-892405
2026-05-08 15:05:49 | INFO | Oferta duplicada omitida: https://www.magneto365.com/co/empleos/ingeniero-devops-mid-junior-899771
2026-05-08 15:05:49 | INFO | Oferta duplicada omitida: https://www.magneto365.com/co/empleos/analista-qa-882273
2026-05-08 15:05:49 | INFO | Oferta duplicada omitida: https://www.magneto365.com/co/empleos/desarrollador-fullstack-senior-hibrido-en-cali-895467
2026-05-08 15:05:49 | INFO | Oferta duplicada omitida: https://www.magneto365.com/co/empleos/desarrollador-fullstack-en-hidrocarburos-python-java-891227
2026-05-08 15:05:49 | INFO | Oferta duplicada omitida: https://www.magneto365.com/co/empleos/desarrollador-fullstack-senior-hibrido-en-cali-848809
2026-05-08 15:05:49 | INFO | Oferta duplicada omitida: https://www.magneto365.com/co/empleos/desarrollador-fullstack-senior-829393
2026-05-08 15:05:49 | INFO | Oferta duplicada omitida: https://www.magneto365.com/co/empleos/desarrollador-php-freelance-884817
2026-05-08 15:05:49 | INFO | Oferta duplicada omitida: https://www.magneto365.com/co/empleos/desarrollador-a-de-software-891058
2026-05-08 15:05:49 | INFO | Oferta duplicada omitida: https://www.magneto365.com/co/empleos/desarrollador-frontend-y-gestion-de-contenido-medellin-884727
2026-05-08 15:05:49 | INFO | Oferta duplicada omitida: https://www.magneto365.com/co/empleos/desarrollador-frontend-webmaster-847312
2026-05-08 15:05:49 | INFO | Oferta duplicada omitida: https://www.magneto365.com/co/empleos/senior-frontend-engineer-907809
2026-05-08 15:05:49 | INFO | Oferta duplicada omitida: https://www.magneto365.com/co/empleos/desarrollador-front-end-ecommerce-897233
2026-05-08 15:05:49 | INFO | Oferta duplicada omitida: https://www.magneto365.com/co/empleos/desarrollador-backend-912569
2026-05-08 15:05:49 | INFO | Oferta duplicada omitida: https://www.magneto365.com/co/empleos/desarrollador-backend-oracle-plsql-hxgn-eam-galapa-907640
2026-05-08 15:05:49 | INFO | Oferta duplicada omitida: https://www.magneto365.com/co/empleos/desarrollador-backend-884791
2026-05-08 15:05:49 | INFO | Oferta duplicada omitida: https://www.magneto365.com/co/empleos/desarrollador-senior-java-spring-boot-y-python-remoto-colombia-899477
2026-05-08 15:05:49 | INFO | Oferta duplicada omitida: https://www.magneto365.com/co/empleos/desarrollador-full-stack-895178
2026-05-08 15:05:49 | INFO | Oferta duplicada omitida: https://www.magneto365.com/co/empleos/especialista-i-desarrollador-pco-886336
2026-05-08 15:05:49 | INFO | Oferta duplicada omitida: https://www.magneto365.com/co/empleos/desarrollador-full-stack-python-react-ia-cali-908099
2026-05-08 15:05:49 | INFO | Oferta duplicada omitida: https://www.magneto365.com/co/empleos/desarrollador-senior-full-stack-909405
2026-05-08 15:05:49 | INFO | Oferta duplicada omitida: https://www.magneto365.com/co/empleos/desarrolladorprogramador-bi-financiera-888680
2026-05-08 15:05:49 | INFO | Oferta duplicada omitida: https://www.magneto365.com/co/empleos/desarrollador-especialista-de-software-medellin-843102
2026-05-08 15:05:49 | INFO | Oferta duplicada omitida: https://www.magneto365.com/co/empleos/desarrollador-de-software-835075
2026-05-08 15:05:49 | INFO | Oferta duplicada omitida: https://www.magneto365.com/co/empleos/ingeniero-a-tecnologia-talento-que-transforma-913134
2026-05-08 15:05:49 | INFO | Oferta duplicada omitida: https://www.magneto365.com/co/empleos/tester-qa-pruebas-de-software-hibrido-bogota-908108
2026-05-08 15:05:49 | INFO | Oferta duplicada omitida: https://www.magneto365.com/co/empleos/coordinadora-de-servicios-de-desarrollo-de-software-1626119083-2-900284
2026-05-08 15:05:49 | INFO | Oferta duplicada omitida: https://www.magneto365.com/co/empleos/arquitecto-de-software-899087
2026-05-08 15:05:49 | INFO | Oferta duplicada omitida: https://www.magneto365.com/co/empleos/lider-tecnico-desarrollo-software-java-888526
2026-05-08 15:05:49 | INFO | Oferta duplicada omitida: https://www.magneto365.com/co/empleos/arquitecto-de-software-para-transformacion-digital-en-salud-y-contabilidad-886496
2026-05-08 15:05:49 | INFO | Oferta duplicada omitida: https://www.magneto365.com/co/empleos/arquitecto-de-software-822827
2026-05-08 15:05:49 | INFO | Oferta duplicada omitida: https://www.magneto365.com/co/empleos/practicante-sistemas-de-informacion-base-comercial-895470
2026-05-08 15:05:49 | INFO | Oferta duplicada omitida: https://www.magneto365.com/co/empleos/desarrollador-de-software-lider-microservicios-remoto-894672
2026-05-08 15:05:49 | INFO | Oferta duplicada omitida: https://www.magneto365.com/co/empleos/analista-tecnico-senior-desarrollo-de-software-bilingue-884537
2026-05-08 15:05:49 | INFO | Oferta duplicada omitida: https://www.magneto365.com/co/empleos/practicante-ingenieria-de-sistemas-desarrollo-y-soporte-ti-bogota-901179
2026-05-08 15:05:49 | INFO | Oferta duplicada omitida: https://www.magneto365.com/co/empleos/practicante-profesional-ingenieria-de-sistemas-medellin-899409
2026-05-08 15:05:49 | INFO | Oferta duplicada omitida: https://www.magneto365.com/co/empleos/practicante-chatbot-contratacion-y-colaboradores-whatsapp-895458
2026-05-08 15:05:49 | INFO | Oferta duplicada omitida: https://www.magneto365.com/co/empleos/analista-desarrollo-comercial-ii-bogota-899720
2026-05-08 15:05:49 | INFO | Oferta duplicada omitida: https://www.magneto365.com/co/empleos/analista-de-desarrollo-de-software-net-angular-sql-server-colombia-914543
2026-05-08 15:05:49 | INFO | Oferta duplicada omitida: https://www.magneto365.com/co/empleos/analista-de-ingenieria-desarrollo-de-producto-industrial-914466
2026-05-08 15:05:49 | INFO | Oferta duplicada omitida: https://www.magneto365.com/co/empleos/analista-de-desarrollo-logistico-908067
2026-05-08 15:05:49 | INFO | Oferta duplicada omitida: https://www.magneto365.com/co/empleos/analista-de-desarrollo-de-productos-industria-colombia-906038
2026-05-08 15:05:49 | INFO | Oferta duplicada omitida: https://www.magneto365.com/co/empleos/analista-de-desarrollo-905172
2026-05-08 15:05:49 | INFO | Oferta duplicada omitida: https://www.magneto365.com/co/empleos/analista-de-formacion-y-desarrollo-de-talento-905159
2026-05-08 15:05:49 | INFO | Oferta duplicada omitida: https://www.magneto365.com/co/empleos/analista-de-cultura-y-desarrollo-temporal-por-licencia-de-maternidad-901840
2026-05-08 15:05:49 | INFO | Oferta duplicada omitida: https://www.magneto365.com/co/empleos/analista-de-automatizacion-y-desarrollo-termino-fijo-900710
2026-05-08 15:05:49 | INFO | Oferta duplicada omitida: https://www.magneto365.com/co/empleos/analista-de-desarrollo-de-software-1626071855-68-897977
2026-05-08 15:05:49 | INFO | Oferta duplicada omitida: https://www.magneto365.com/co/empleos/analista-de-desarrollo-humano-897395
2026-05-08 15:05:49 | INFO | Oferta duplicada omitida: https://www.magneto365.com/co/empleos/analista-de-atraccion-cultura-y-desarrollo-1626073720-39-887030
2026-05-08 15:05:49 | INFO | Oferta duplicada omitida: https://www.magneto365.com/co/empleos/desarrolladora-de-software-1626142096-3-908837
2026-05-08 15:05:49 | INFO | Oferta duplicada omitida: https://www.magneto365.com/co/empleos/ceid-desarrolladora-de-software-senior-rpa-905848
2026-05-08 15:05:49 | INFO | Oferta duplicada omitida: https://www.magneto365.com/co/empleos/desarrolladora-de-software-qa-1626436242-51-906064
2026-05-08 15:05:49 | INFO | Oferta duplicada omitida: https://www.magneto365.com/co/empleos/ceid-desarrollador-de-software-semisenior-1626492604-5-891596
2026-05-08 15:05:49 | INFO | Oferta duplicada omitida: https://www.magneto365.com/co/empleos/desarrollador-de-negocios-bogota-910216
2026-05-08 15:05:49 | INFO | Oferta duplicada omitida: https://www.magneto365.com/co/empleos/desarrollador-mid-level-sprint-contributor-902838
2026-05-08 15:05:49 | INFO | Oferta duplicada omitida: https://www.magneto365.com/co/empleos/desarrolladora-fronted-1626040293-334-896881
2026-05-08 15:05:49 | INFO | Oferta duplicada omitida: https://www.magneto365.com/co/empleos/programador-de-publicidad-digital-893246
2026-05-08 15:05:49 | INFO | Oferta duplicada omitida: https://www.magneto365.com/co/empleos/programador-tornero-cnc-puente-aranda-891925
2026-05-08 15:05:49 | INFO | Oferta duplicada omitida: https://www.magneto365.com/co/empleos/programador-de-flota-33303-886852
2026-05-08 15:05:49 | INFO | Oferta duplicada omitida: https://www.magneto365.com/co/empleos/instrumentador-quirurgico-888639
2026-05-08 15:05:49 | INFO | Oferta duplicada omitida: https://www.magneto365.com/co/empleos/analista-de-programacion-de-turnos-en-empresas-de-seguridad-881373
2026-05-08 15:05:49 | INFO | Oferta duplicada omitida: https://www.magneto365.com/co/empleos/integracion-automatizacion-control-ensamble-832860
2026-05-08 15:05:49 | INFO | Resumen ciclo | revisadas=80 | aplicadas=0 | errores=0 | omitidas=80
2026-05-08 15:05:49 | INFO | Esperando 180 segundos para el siguiente ciclo...
2026-05-08 15:08:49 | INFO | --------------------------------------------------------------------------------
2026-05-08 15:08:49 | INFO | Iniciando ciclo #7
2026-05-08 15:08:49 | INFO | Buscando en Magneto: https://www.magneto365.com/co/trabajos/buscar/full-stack-developer
2026-05-08 15:08:51 | INFO | Ofertas extraídas de Magneto: 8
2026-05-08 15:08:51 | INFO | Buscando en Magneto: https://www.magneto365.com/co/trabajos/buscar/fullstack-developer
2026-05-08 15:08:52 | INFO | Ofertas extraídas de Magneto: 6
2026-05-08 15:08:52 | INFO | Buscando en Magneto: https://www.magneto365.com/co/trabajos/buscar/frontend-developer
2026-05-08 15:08:52 | INFO | Ofertas extraídas de Magneto: 1
2026-05-08 15:08:52 | INFO | Buscando en Magneto: https://www.magneto365.com/co/trabajos/buscar/backend-developer
2026-05-08 15:08:53 | INFO | Ofertas extraídas de Magneto: 4
2026-05-08 15:08:53 | INFO | Buscando en Magneto: https://www.magneto365.com/co/trabajos/buscar/react-developer
2026-05-08 15:08:54 | INFO | Ofertas extraídas de Magneto: 6
2026-05-08 15:08:54 | INFO | Buscando en Magneto: https://www.magneto365.com/co/trabajos/buscar/react-native
2026-05-08 15:08:55 | INFO | Ofertas extraídas de Magneto: 3
2026-05-08 15:08:55 | INFO | Buscando en Magneto: https://www.magneto365.com/co/trabajos/buscar/node-js-developer
2026-05-08 15:09:16 | INFO | No se encontraron resultados visibles en la búsqueda actual.
2026-05-08 15:09:16 | INFO | Ofertas extraídas de Magneto: 0
2026-05-08 15:09:16 | INFO | Busqueda por URL sin resultados. Usando pagina de ciudad para: Node.js Developer
2026-05-08 15:09:18 | INFO | Ofertas extraídas de Magneto: 0
2026-05-08 15:09:18 | INFO | Buscando en Magneto: https://www.magneto365.com/co/trabajos/buscar/javascript-developer
2026-05-08 15:09:19 | INFO | Ofertas extraídas de Magneto: 6
2026-05-08 15:09:19 | INFO | Buscando en Magneto: https://www.magneto365.com/co/trabajos/buscar/typescript-developer
2026-05-08 15:09:40 | INFO | No se encontraron resultados visibles en la búsqueda actual.
2026-05-08 15:09:40 | INFO | Ofertas extraídas de Magneto: 0
2026-05-08 15:09:40 | INFO | Busqueda por URL sin resultados. Usando pagina de ciudad para: TypeScript Developer
2026-05-08 15:09:42 | INFO | Ofertas extraídas de Magneto: 0
2026-05-08 15:09:42 | INFO | Buscando en Magneto: https://www.magneto365.com/co/trabajos/buscar/software-engineer
2026-05-08 15:09:43 | INFO | Ofertas extraídas de Magneto: 6
2026-05-08 15:09:43 | INFO | Buscando en Magneto: https://www.magneto365.com/co/trabajos/buscar/desarrollador-fullstack
2026-05-08 15:09:44 | INFO | Ofertas extraídas de Magneto: 12
2026-05-08 15:09:44 | INFO | Buscando en Magneto: https://www.magneto365.com/co/trabajos/buscar/desarrollador-frontend
2026-05-08 15:09:45 | INFO | Ofertas extraídas de Magneto: 5
2026-05-08 15:09:45 | INFO | Buscando en Magneto: https://www.magneto365.com/co/trabajos/buscar/desarrollador-backend
2026-05-08 15:09:47 | INFO | Ofertas extraídas de Magneto: 10
2026-05-08 15:09:47 | INFO | Buscando en Magneto: https://www.magneto365.com/co/trabajos/buscar/desarrollador-react
2026-05-08 15:09:48 | INFO | Ofertas extraídas de Magneto: 13
2026-05-08 15:09:48 | INFO | Buscando en Magneto: https://www.magneto365.com/co/trabajos/buscar/desarrollador-javascript
2026-05-08 15:09:49 | INFO | Ofertas extraídas de Magneto: 11
2026-05-08 15:09:49 | INFO | Buscando en Magneto: https://www.magneto365.com/co/trabajos/buscar/desarrollador-typescript
2026-05-08 15:09:50 | INFO | Ofertas extraídas de Magneto: 1
2026-05-08 15:09:50 | INFO | Buscando en Magneto: https://www.magneto365.com/co/trabajos/buscar/desarrollador-node
2026-05-08 15:09:51 | INFO | Ofertas extraídas de Magneto: 2
2026-05-08 15:09:51 | INFO | Buscando en Magneto: https://www.magneto365.com/co/trabajos/buscar/ingeniero-software
2026-05-08 15:09:52 | INFO | Ofertas extraídas de Magneto: 17
2026-05-08 15:09:52 | INFO | Buscando en Magneto: https://www.magneto365.com/co/trabajos/buscar/analista-desarrollo
2026-05-08 15:09:53 | INFO | Ofertas extraídas de Magneto: 12
2026-05-08 15:09:53 | INFO | Buscando en Magneto: https://www.magneto365.com/co/trabajos/buscar/desarrollador-software
2026-05-08 15:09:55 | INFO | Ofertas extraídas de Magneto: 19
2026-05-08 15:09:55 | INFO | Buscando en Magneto: https://www.magneto365.com/co/trabajos/buscar/programador
2026-05-08 15:09:56 | INFO | Ofertas extraídas de Magneto: 17
2026-05-08 15:09:56 | INFO | Oferta duplicada omitida: https://www.magneto365.com/co/empleos/full-stack-developer-1626494698-9-912135
2026-05-08 15:09:56 | INFO | Oferta duplicada omitida: https://www.magneto365.com/co/empleos/desarrollador-ti-911545
2026-05-08 15:09:56 | INFO | Oferta duplicada omitida: https://www.magneto365.com/co/empleos/desarrollador-full-stack-895702
2026-05-08 15:09:56 | INFO | Oferta duplicada omitida: https://www.magneto365.com/co/empleos/desarrollador-full-896787
2026-05-08 15:09:56 | INFO | Oferta duplicada omitida: https://www.magneto365.com/co/empleos/desarrollador-fullstack-javascriptnode-js-colombia-906260
2026-05-08 15:09:56 | INFO | Oferta duplicada omitida: https://www.magneto365.com/co/empleos/desarrollador-de-software-con-enfoque-en-inteligencia-artificial-899657
2026-05-08 15:09:56 | INFO | Oferta duplicada omitida: https://www.magneto365.com/co/empleos/desarrollador-de-software-ia-javascript-react-bucaramanga-913803
2026-05-08 15:09:56 | INFO | Oferta duplicada omitida: https://www.magneto365.com/co/empleos/desarrollador-python-bogota-909596
2026-05-08 15:09:56 | INFO | Oferta duplicada omitida: https://www.magneto365.com/co/empleos/desarrolladora-fullstack-896069
2026-05-08 15:09:56 | INFO | Oferta duplicada omitida: https://www.magneto365.com/co/empleos/desarrollador-fullstack-884799
2026-05-08 15:09:56 | INFO | Oferta duplicada omitida: https://www.magneto365.com/co/empleos/ingeniero-fullstack-senior-net-flutter-angular-teletrabajo-en-colombia-882683
2026-05-08 15:09:56 | INFO | Oferta duplicada omitida: https://www.magneto365.com/co/empleos/desarrollador-fullstack-senior-net-react-teletrabajo-colombia-889531
2026-05-08 15:09:56 | INFO | Oferta duplicada omitida: https://www.magneto365.com/co/empleos/desarrollador-fullstack-medellin-846369
2026-05-08 15:09:56 | INFO | Oferta duplicada omitida: https://www.magneto365.com/co/empleos/desarrollador-backend-senior-python-897964
2026-05-08 15:09:56 | INFO | Oferta duplicada omitida: https://www.magneto365.com/co/empleos/desarrollador-a-mobile-react-native-bogota-913246
2026-05-08 15:09:56 | INFO | Oferta duplicada omitida: https://www.magneto365.com/co/empleos/analista-tecnico-senior-bilingue-b2c1-java-react-react-native-remoto-bogota-887625
2026-05-08 15:09:56 | INFO | Oferta duplicada omitida: https://www.magneto365.com/co/empleos/desarrollador-senior-full-stack-bilingue-java-react-remoto-bogota-892791
2026-05-08 15:09:56 | INFO | Oferta duplicada omitida: https://www.magneto365.com/co/empleos/desarrollador-de-software-909610
2026-05-08 15:09:56 | INFO | Oferta duplicada omitida: https://www.magneto365.com/co/empleos/senior-data-engineer-1626494698-8-892405
2026-05-08 15:09:56 | INFO | Oferta duplicada omitida: https://www.magneto365.com/co/empleos/ingeniero-devops-mid-junior-899771
2026-05-08 15:09:56 | INFO | Oferta duplicada omitida: https://www.magneto365.com/co/empleos/analista-qa-882273
2026-05-08 15:09:56 | INFO | Oferta duplicada omitida: https://www.magneto365.com/co/empleos/desarrollador-fullstack-senior-hibrido-en-cali-895467
2026-05-08 15:09:56 | INFO | Oferta duplicada omitida: https://www.magneto365.com/co/empleos/desarrollador-fullstack-en-hidrocarburos-python-java-891227
2026-05-08 15:09:56 | INFO | Oferta duplicada omitida: https://www.magneto365.com/co/empleos/desarrollador-fullstack-senior-hibrido-en-cali-848809
2026-05-08 15:09:56 | INFO | Oferta duplicada omitida: https://www.magneto365.com/co/empleos/desarrollador-fullstack-senior-829393
2026-05-08 15:09:56 | INFO | Oferta duplicada omitida: https://www.magneto365.com/co/empleos/desarrollador-php-freelance-884817
2026-05-08 15:09:56 | INFO | Oferta duplicada omitida: https://www.magneto365.com/co/empleos/desarrollador-a-de-software-891058
2026-05-08 15:09:56 | INFO | Oferta duplicada omitida: https://www.magneto365.com/co/empleos/desarrollador-frontend-y-gestion-de-contenido-medellin-884727
2026-05-08 15:09:56 | INFO | Oferta duplicada omitida: https://www.magneto365.com/co/empleos/desarrollador-frontend-webmaster-847312
2026-05-08 15:09:56 | INFO | Oferta duplicada omitida: https://www.magneto365.com/co/empleos/senior-frontend-engineer-907809
2026-05-08 15:09:56 | INFO | Oferta duplicada omitida: https://www.magneto365.com/co/empleos/desarrollador-front-end-ecommerce-897233
2026-05-08 15:09:56 | INFO | Oferta duplicada omitida: https://www.magneto365.com/co/empleos/desarrollador-backend-912569
2026-05-08 15:09:56 | INFO | Oferta duplicada omitida: https://www.magneto365.com/co/empleos/desarrollador-backend-oracle-plsql-hxgn-eam-galapa-907640
2026-05-08 15:09:56 | INFO | Oferta duplicada omitida: https://www.magneto365.com/co/empleos/desarrollador-backend-884791
2026-05-08 15:09:56 | INFO | Oferta duplicada omitida: https://www.magneto365.com/co/empleos/desarrollador-senior-java-spring-boot-y-python-remoto-colombia-899477
2026-05-08 15:09:56 | INFO | Oferta duplicada omitida: https://www.magneto365.com/co/empleos/desarrollador-full-stack-895178
2026-05-08 15:09:56 | INFO | Oferta duplicada omitida: https://www.magneto365.com/co/empleos/especialista-i-desarrollador-pco-886336
2026-05-08 15:09:56 | INFO | Oferta duplicada omitida: https://www.magneto365.com/co/empleos/desarrollador-full-stack-python-react-ia-cali-908099
2026-05-08 15:09:56 | INFO | Oferta duplicada omitida: https://www.magneto365.com/co/empleos/desarrollador-senior-full-stack-909405
2026-05-08 15:09:56 | INFO | Oferta duplicada omitida: https://www.magneto365.com/co/empleos/desarrolladorprogramador-bi-financiera-888680
2026-05-08 15:09:56 | INFO | Oferta duplicada omitida: https://www.magneto365.com/co/empleos/desarrollador-especialista-de-software-medellin-843102
2026-05-08 15:09:56 | INFO | Oferta duplicada omitida: https://www.magneto365.com/co/empleos/desarrollador-de-software-835075
2026-05-08 15:09:56 | INFO | Oferta duplicada omitida: https://www.magneto365.com/co/empleos/ingeniero-a-tecnologia-talento-que-transforma-913134
2026-05-08 15:09:56 | INFO | Oferta duplicada omitida: https://www.magneto365.com/co/empleos/tester-qa-pruebas-de-software-hibrido-bogota-908108
2026-05-08 15:09:56 | INFO | Oferta duplicada omitida: https://www.magneto365.com/co/empleos/coordinadora-de-servicios-de-desarrollo-de-software-1626119083-2-900284
2026-05-08 15:09:56 | INFO | Oferta duplicada omitida: https://www.magneto365.com/co/empleos/arquitecto-de-software-899087
2026-05-08 15:09:56 | INFO | Oferta duplicada omitida: https://www.magneto365.com/co/empleos/lider-tecnico-desarrollo-software-java-888526
2026-05-08 15:09:56 | INFO | Oferta duplicada omitida: https://www.magneto365.com/co/empleos/arquitecto-de-software-para-transformacion-digital-en-salud-y-contabilidad-886496
2026-05-08 15:09:56 | INFO | Oferta duplicada omitida: https://www.magneto365.com/co/empleos/arquitecto-de-software-822827
2026-05-08 15:09:56 | INFO | Oferta duplicada omitida: https://www.magneto365.com/co/empleos/practicante-sistemas-de-informacion-base-comercial-895470
2026-05-08 15:09:56 | INFO | Oferta duplicada omitida: https://www.magneto365.com/co/empleos/desarrollador-de-software-lider-microservicios-remoto-894672
2026-05-08 15:09:56 | INFO | Oferta duplicada omitida: https://www.magneto365.com/co/empleos/analista-tecnico-senior-desarrollo-de-software-bilingue-884537
2026-05-08 15:09:56 | INFO | Oferta duplicada omitida: https://www.magneto365.com/co/empleos/practicante-ingenieria-de-sistemas-desarrollo-y-soporte-ti-bogota-901179
2026-05-08 15:09:56 | INFO | Oferta duplicada omitida: https://www.magneto365.com/co/empleos/practicante-profesional-ingenieria-de-sistemas-medellin-899409
2026-05-08 15:09:56 | INFO | Oferta duplicada omitida: https://www.magneto365.com/co/empleos/practicante-chatbot-contratacion-y-colaboradores-whatsapp-895458
2026-05-08 15:09:56 | INFO | Oferta duplicada omitida: https://www.magneto365.com/co/empleos/analista-desarrollo-comercial-ii-bogota-899720
2026-05-08 15:09:56 | INFO | Oferta duplicada omitida: https://www.magneto365.com/co/empleos/analista-de-desarrollo-de-software-net-angular-sql-server-colombia-914543
2026-05-08 15:09:56 | INFO | Oferta duplicada omitida: https://www.magneto365.com/co/empleos/analista-de-ingenieria-desarrollo-de-producto-industrial-914466
2026-05-08 15:09:56 | INFO | Oferta duplicada omitida: https://www.magneto365.com/co/empleos/analista-de-desarrollo-logistico-908067
2026-05-08 15:09:56 | INFO | Oferta duplicada omitida: https://www.magneto365.com/co/empleos/analista-de-desarrollo-de-productos-industria-colombia-906038
2026-05-08 15:09:56 | INFO | Oferta duplicada omitida: https://www.magneto365.com/co/empleos/analista-de-formacion-y-desarrollo-de-talento-905159
2026-05-08 15:09:56 | INFO | Oferta duplicada omitida: https://www.magneto365.com/co/empleos/analista-de-cultura-y-desarrollo-temporal-por-licencia-de-maternidad-901840
2026-05-08 15:09:56 | INFO | Oferta duplicada omitida: https://www.magneto365.com/co/empleos/analista-de-automatizacion-y-desarrollo-termino-fijo-900710
2026-05-08 15:09:56 | INFO | Oferta duplicada omitida: https://www.magneto365.com/co/empleos/analista-de-desarrollo-de-software-1626071855-68-897977
2026-05-08 15:09:56 | INFO | Oferta duplicada omitida: https://www.magneto365.com/co/empleos/analista-de-desarrollo-humano-897395
2026-05-08 15:09:56 | INFO | Oferta duplicada omitida: https://www.magneto365.com/co/empleos/analista-de-atraccion-cultura-y-desarrollo-1626073720-39-887030
2026-05-08 15:09:56 | INFO | Oferta duplicada omitida: https://www.magneto365.com/co/empleos/desarrolladora-de-software-1626142096-3-908837
2026-05-08 15:09:56 | INFO | Oferta duplicada omitida: https://www.magneto365.com/co/empleos/ceid-desarrolladora-de-software-senior-rpa-905848
2026-05-08 15:09:56 | INFO | Oferta duplicada omitida: https://www.magneto365.com/co/empleos/desarrolladora-de-software-qa-1626436242-51-906064
2026-05-08 15:09:56 | INFO | Oferta duplicada omitida: https://www.magneto365.com/co/empleos/ceid-desarrollador-de-software-semisenior-1626492604-5-891596
2026-05-08 15:09:56 | INFO | Oferta duplicada omitida: https://www.magneto365.com/co/empleos/desarrollador-de-negocios-bogota-910216
2026-05-08 15:09:56 | INFO | Oferta duplicada omitida: https://www.magneto365.com/co/empleos/desarrollador-mid-level-sprint-contributor-902838
2026-05-08 15:09:56 | INFO | Oferta duplicada omitida: https://www.magneto365.com/co/empleos/desarrolladora-fronted-1626040293-334-896881
2026-05-08 15:09:56 | INFO | Oferta duplicada omitida: https://www.magneto365.com/co/empleos/programador-de-publicidad-digital-893246
2026-05-08 15:09:56 | INFO | Oferta duplicada omitida: https://www.magneto365.com/co/empleos/programador-tornero-cnc-puente-aranda-891925
2026-05-08 15:09:56 | INFO | Oferta duplicada omitida: https://www.magneto365.com/co/empleos/programador-de-flota-33303-886852
2026-05-08 15:09:56 | INFO | Oferta duplicada omitida: https://www.magneto365.com/co/empleos/instrumentador-quirurgico-888639
2026-05-08 15:09:56 | INFO | Oferta duplicada omitida: https://www.magneto365.com/co/empleos/analista-de-programacion-de-turnos-en-empresas-de-seguridad-881373
2026-05-08 15:09:56 | INFO | Oferta duplicada omitida: https://www.magneto365.com/co/empleos/integracion-automatizacion-control-ensamble-832860
2026-05-08 15:09:56 | INFO | Oferta duplicada omitida: https://www.magneto365.com/co/empleos/lider-de-planeacion-y-programacion-de-produccion-colombia-894342
2026-05-08 15:09:56 | INFO | Resumen ciclo | revisadas=80 | aplicadas=0 | errores=0 | omitidas=80
2026-05-08 15:09:56 | INFO | Esperando 180 segundos para el siguiente ciclo...
2026-05-08 15:12:56 | INFO | --------------------------------------------------------------------------------
2026-05-08 15:12:56 | INFO | Iniciando ciclo #8
2026-05-08 15:12:56 | INFO | Buscando en Magneto: https://www.magneto365.com/co/trabajos/buscar/full-stack-developer
2026-05-08 15:12:57 | INFO | Ofertas extraídas de Magneto: 8
2026-05-08 15:12:57 | INFO | Buscando en Magneto: https://www.magneto365.com/co/trabajos/buscar/fullstack-developer
2026-05-08 15:12:58 | INFO | Ofertas extraídas de Magneto: 6
2026-05-08 15:12:58 | INFO | Buscando en Magneto: https://www.magneto365.com/co/trabajos/buscar/frontend-developer
2026-05-08 15:12:59 | INFO | Ofertas extraídas de Magneto: 1
2026-05-08 15:12:59 | INFO | Buscando en Magneto: https://www.magneto365.com/co/trabajos/buscar/backend-developer
2026-05-08 15:13:01 | INFO | Ofertas extraídas de Magneto: 4
2026-05-08 15:13:01 | INFO | Buscando en Magneto: https://www.magneto365.com/co/trabajos/buscar/react-developer
2026-05-08 15:13:02 | INFO | Ofertas extraídas de Magneto: 6
2026-05-08 15:13:02 | INFO | Buscando en Magneto: https://www.magneto365.com/co/trabajos/buscar/react-native
2026-05-08 15:13:03 | INFO | Ofertas extraídas de Magneto: 3
2026-05-08 15:13:03 | INFO | Buscando en Magneto: https://www.magneto365.com/co/trabajos/buscar/node-js-developer
2026-05-08 15:13:24 | INFO | No se encontraron resultados visibles en la búsqueda actual.
2026-05-08 15:13:24 | INFO | Ofertas extraídas de Magneto: 0
2026-05-08 15:13:24 | INFO | Busqueda por URL sin resultados. Usando pagina de ciudad para: Node.js Developer
2026-05-08 15:13:26 | INFO | Ofertas extraídas de Magneto: 0
2026-05-08 15:13:26 | INFO | Buscando en Magneto: https://www.magneto365.com/co/trabajos/buscar/javascript-developer
2026-05-08 15:13:27 | INFO | Ofertas extraídas de Magneto: 6
2026-05-08 15:13:27 | INFO | Buscando en Magneto: https://www.magneto365.com/co/trabajos/buscar/typescript-developer
2026-05-08 15:13:48 | INFO | No se encontraron resultados visibles en la búsqueda actual.
2026-05-08 15:13:48 | INFO | Ofertas extraídas de Magneto: 0
2026-05-08 15:13:48 | INFO | Busqueda por URL sin resultados. Usando pagina de ciudad para: TypeScript Developer
2026-05-08 15:13:50 | INFO | Ofertas extraídas de Magneto: 0
2026-05-08 15:13:50 | INFO | Buscando en Magneto: https://www.magneto365.com/co/trabajos/buscar/software-engineer
2026-05-08 15:13:51 | INFO | Ofertas extraídas de Magneto: 6
2026-05-08 15:13:51 | INFO | Buscando en Magneto: https://www.magneto365.com/co/trabajos/buscar/desarrollador-fullstack
2026-05-08 15:13:52 | INFO | Ofertas extraídas de Magneto: 12
2026-05-08 15:13:52 | INFO | Buscando en Magneto: https://www.magneto365.com/co/trabajos/buscar/desarrollador-frontend
2026-05-08 15:13:53 | INFO | Ofertas extraídas de Magneto: 5
2026-05-08 15:13:53 | INFO | Buscando en Magneto: https://www.magneto365.com/co/trabajos/buscar/desarrollador-backend
2026-05-08 15:13:54 | INFO | Ofertas extraídas de Magneto: 10
2026-05-08 15:13:54 | INFO | Buscando en Magneto: https://www.magneto365.com/co/trabajos/buscar/desarrollador-react
2026-05-08 15:13:55 | INFO | Ofertas extraídas de Magneto: 13
2026-05-08 15:13:55 | INFO | Buscando en Magneto: https://www.magneto365.com/co/trabajos/buscar/desarrollador-javascript
2026-05-08 15:13:56 | INFO | Ofertas extraídas de Magneto: 11
2026-05-08 15:13:56 | INFO | Buscando en Magneto: https://www.magneto365.com/co/trabajos/buscar/desarrollador-typescript
2026-05-08 15:13:58 | INFO | Ofertas extraídas de Magneto: 1
2026-05-08 15:13:58 | INFO | Buscando en Magneto: https://www.magneto365.com/co/trabajos/buscar/desarrollador-node
2026-05-08 15:13:59 | INFO | Ofertas extraídas de Magneto: 2
2026-05-08 15:13:59 | INFO | Buscando en Magneto: https://www.magneto365.com/co/trabajos/buscar/ingeniero-software
2026-05-08 15:14:01 | INFO | Ofertas extraídas de Magneto: 17
2026-05-08 15:14:01 | INFO | Buscando en Magneto: https://www.magneto365.com/co/trabajos/buscar/analista-desarrollo
2026-05-08 15:14:02 | INFO | Ofertas extraídas de Magneto: 12
2026-05-08 15:14:02 | INFO | Buscando en Magneto: https://www.magneto365.com/co/trabajos/buscar/desarrollador-software
2026-05-08 15:14:04 | INFO | Ofertas extraídas de Magneto: 19
2026-05-08 15:14:04 | INFO | Buscando en Magneto: https://www.magneto365.com/co/trabajos/buscar/programador
2026-05-08 15:14:05 | INFO | Ofertas extraídas de Magneto: 17
2026-05-08 15:14:05 | INFO | Oferta duplicada omitida: https://www.magneto365.com/co/empleos/full-stack-developer-1626494698-9-912135
2026-05-08 15:14:05 | INFO | Oferta duplicada omitida: https://www.magneto365.com/co/empleos/desarrollador-ti-911545
2026-05-08 15:14:05 | INFO | Oferta duplicada omitida: https://www.magneto365.com/co/empleos/desarrollador-full-stack-895702
2026-05-08 15:14:05 | INFO | Oferta duplicada omitida: https://www.magneto365.com/co/empleos/desarrollador-full-896787
2026-05-08 15:14:05 | INFO | Oferta duplicada omitida: https://www.magneto365.com/co/empleos/desarrollador-fullstack-javascriptnode-js-colombia-906260
2026-05-08 15:14:05 | INFO | Oferta duplicada omitida: https://www.magneto365.com/co/empleos/desarrollador-de-software-con-enfoque-en-inteligencia-artificial-899657
2026-05-08 15:14:05 | INFO | Oferta duplicada omitida: https://www.magneto365.com/co/empleos/desarrollador-de-software-ia-javascript-react-bucaramanga-913803
2026-05-08 15:14:05 | INFO | Oferta duplicada omitida: https://www.magneto365.com/co/empleos/desarrollador-python-bogota-909596
2026-05-08 15:14:05 | INFO | Oferta duplicada omitida: https://www.magneto365.com/co/empleos/desarrolladora-fullstack-896069
2026-05-08 15:14:05 | INFO | Oferta duplicada omitida: https://www.magneto365.com/co/empleos/desarrollador-fullstack-884799
2026-05-08 15:14:05 | INFO | Oferta duplicada omitida: https://www.magneto365.com/co/empleos/ingeniero-fullstack-senior-net-flutter-angular-teletrabajo-en-colombia-882683
2026-05-08 15:14:05 | INFO | Oferta duplicada omitida: https://www.magneto365.com/co/empleos/desarrollador-fullstack-senior-net-react-teletrabajo-colombia-889531
2026-05-08 15:14:05 | INFO | Oferta duplicada omitida: https://www.magneto365.com/co/empleos/desarrollador-fullstack-medellin-846369
2026-05-08 15:14:05 | INFO | Oferta duplicada omitida: https://www.magneto365.com/co/empleos/desarrollador-backend-senior-python-897964
2026-05-08 15:14:05 | INFO | Oferta duplicada omitida: https://www.magneto365.com/co/empleos/desarrollador-a-mobile-react-native-bogota-913246
2026-05-08 15:14:05 | INFO | Oferta duplicada omitida: https://www.magneto365.com/co/empleos/analista-tecnico-senior-bilingue-b2c1-java-react-react-native-remoto-bogota-887625
2026-05-08 15:14:05 | INFO | Oferta duplicada omitida: https://www.magneto365.com/co/empleos/desarrollador-senior-full-stack-bilingue-java-react-remoto-bogota-892791
2026-05-08 15:14:05 | INFO | Oferta duplicada omitida: https://www.magneto365.com/co/empleos/desarrollador-de-software-909610
2026-05-08 15:14:05 | INFO | Oferta duplicada omitida: https://www.magneto365.com/co/empleos/senior-data-engineer-1626494698-8-892405
2026-05-08 15:14:05 | INFO | Oferta duplicada omitida: https://www.magneto365.com/co/empleos/ingeniero-devops-mid-junior-899771
2026-05-08 15:14:05 | INFO | Oferta duplicada omitida: https://www.magneto365.com/co/empleos/analista-qa-882273
2026-05-08 15:14:05 | INFO | Oferta duplicada omitida: https://www.magneto365.com/co/empleos/desarrollador-fullstack-senior-hibrido-en-cali-895467
2026-05-08 15:14:05 | INFO | Oferta duplicada omitida: https://www.magneto365.com/co/empleos/desarrollador-fullstack-en-hidrocarburos-python-java-891227
2026-05-08 15:14:05 | INFO | Oferta duplicada omitida: https://www.magneto365.com/co/empleos/desarrollador-fullstack-senior-hibrido-en-cali-848809
2026-05-08 15:14:05 | INFO | Oferta duplicada omitida: https://www.magneto365.com/co/empleos/desarrollador-fullstack-senior-829393
2026-05-08 15:14:05 | INFO | Oferta duplicada omitida: https://www.magneto365.com/co/empleos/desarrollador-php-freelance-884817
2026-05-08 15:14:05 | INFO | Oferta duplicada omitida: https://www.magneto365.com/co/empleos/desarrollador-a-de-software-891058
2026-05-08 15:14:05 | INFO | Oferta duplicada omitida: https://www.magneto365.com/co/empleos/desarrollador-frontend-y-gestion-de-contenido-medellin-884727
2026-05-08 15:14:05 | INFO | Oferta duplicada omitida: https://www.magneto365.com/co/empleos/desarrollador-frontend-webmaster-847312
2026-05-08 15:14:05 | INFO | Oferta duplicada omitida: https://www.magneto365.com/co/empleos/senior-frontend-engineer-907809
2026-05-08 15:14:05 | INFO | Oferta duplicada omitida: https://www.magneto365.com/co/empleos/desarrollador-front-end-ecommerce-897233
2026-05-08 15:14:05 | INFO | Oferta duplicada omitida: https://www.magneto365.com/co/empleos/desarrollador-backend-912569
2026-05-08 15:14:05 | INFO | Oferta duplicada omitida: https://www.magneto365.com/co/empleos/desarrollador-backend-oracle-plsql-hxgn-eam-galapa-907640
2026-05-08 15:14:05 | INFO | Oferta duplicada omitida: https://www.magneto365.com/co/empleos/desarrollador-backend-884791
2026-05-08 15:14:05 | INFO | Oferta duplicada omitida: https://www.magneto365.com/co/empleos/desarrollador-senior-java-spring-boot-y-python-remoto-colombia-899477
2026-05-08 15:14:05 | INFO | Oferta duplicada omitida: https://www.magneto365.com/co/empleos/desarrollador-full-stack-895178
2026-05-08 15:14:05 | INFO | Oferta duplicada omitida: https://www.magneto365.com/co/empleos/especialista-i-desarrollador-pco-886336
2026-05-08 15:14:05 | INFO | Oferta duplicada omitida: https://www.magneto365.com/co/empleos/desarrollador-full-stack-python-react-ia-cali-908099
2026-05-08 15:14:05 | INFO | Oferta duplicada omitida: https://www.magneto365.com/co/empleos/desarrollador-senior-full-stack-909405
2026-05-08 15:14:05 | INFO | Oferta duplicada omitida: https://www.magneto365.com/co/empleos/desarrolladorprogramador-bi-financiera-888680
2026-05-08 15:14:05 | INFO | Oferta duplicada omitida: https://www.magneto365.com/co/empleos/desarrollador-especialista-de-software-medellin-843102
2026-05-08 15:14:05 | INFO | Oferta duplicada omitida: https://www.magneto365.com/co/empleos/desarrollador-de-software-835075
2026-05-08 15:14:05 | INFO | Oferta duplicada omitida: https://www.magneto365.com/co/empleos/ingeniero-a-tecnologia-talento-que-transforma-913134
2026-05-08 15:14:05 | INFO | Oferta duplicada omitida: https://www.magneto365.com/co/empleos/tester-qa-pruebas-de-software-hibrido-bogota-908108
2026-05-08 15:14:05 | INFO | Oferta duplicada omitida: https://www.magneto365.com/co/empleos/coordinadora-de-servicios-de-desarrollo-de-software-1626119083-2-900284
2026-05-08 15:14:05 | INFO | Oferta duplicada omitida: https://www.magneto365.com/co/empleos/arquitecto-de-software-899087
2026-05-08 15:14:05 | INFO | Oferta duplicada omitida: https://www.magneto365.com/co/empleos/lider-tecnico-desarrollo-software-java-888526
2026-05-08 15:14:05 | INFO | Oferta duplicada omitida: https://www.magneto365.com/co/empleos/arquitecto-de-software-para-transformacion-digital-en-salud-y-contabilidad-886496
2026-05-08 15:14:05 | INFO | Oferta duplicada omitida: https://www.magneto365.com/co/empleos/arquitecto-de-software-822827
2026-05-08 15:14:05 | INFO | Oferta duplicada omitida: https://www.magneto365.com/co/empleos/practicante-sistemas-de-informacion-base-comercial-895470
2026-05-08 15:14:05 | INFO | Oferta duplicada omitida: https://www.magneto365.com/co/empleos/desarrollador-de-software-lider-microservicios-remoto-894672
2026-05-08 15:14:05 | INFO | Oferta duplicada omitida: https://www.magneto365.com/co/empleos/analista-tecnico-senior-desarrollo-de-software-bilingue-884537
2026-05-08 15:14:05 | INFO | Oferta duplicada omitida: https://www.magneto365.com/co/empleos/practicante-ingenieria-de-sistemas-desarrollo-y-soporte-ti-bogota-901179
2026-05-08 15:14:05 | INFO | Oferta duplicada omitida: https://www.magneto365.com/co/empleos/practicante-profesional-ingenieria-de-sistemas-medellin-899409
2026-05-08 15:14:05 | INFO | Oferta duplicada omitida: https://www.magneto365.com/co/empleos/practicante-chatbot-contratacion-y-colaboradores-whatsapp-895458
2026-05-08 15:14:05 | INFO | Oferta duplicada omitida: https://www.magneto365.com/co/empleos/analista-desarrollo-comercial-ii-bogota-899720
2026-05-08 15:14:05 | INFO | Oferta duplicada omitida: https://www.magneto365.com/co/empleos/analista-de-desarrollo-de-software-net-angular-sql-server-colombia-914543
2026-05-08 15:14:05 | INFO | Oferta duplicada omitida: https://www.magneto365.com/co/empleos/analista-de-ingenieria-desarrollo-de-producto-industrial-914466
2026-05-08 15:14:05 | INFO | Oferta duplicada omitida: https://www.magneto365.com/co/empleos/analista-de-desarrollo-logistico-908067
2026-05-08 15:14:05 | INFO | Oferta duplicada omitida: https://www.magneto365.com/co/empleos/analista-de-desarrollo-de-productos-industria-colombia-906038
2026-05-08 15:14:05 | INFO | Oferta duplicada omitida: https://www.magneto365.com/co/empleos/analista-de-formacion-y-desarrollo-de-talento-905159
2026-05-08 15:14:05 | INFO | Oferta duplicada omitida: https://www.magneto365.com/co/empleos/analista-de-cultura-y-desarrollo-temporal-por-licencia-de-maternidad-901840
2026-05-08 15:14:05 | INFO | Oferta duplicada omitida: https://www.magneto365.com/co/empleos/analista-de-automatizacion-y-desarrollo-termino-fijo-900710
2026-05-08 15:14:05 | INFO | Oferta duplicada omitida: https://www.magneto365.com/co/empleos/analista-de-desarrollo-de-software-1626071855-68-897977
2026-05-08 15:14:05 | INFO | Oferta duplicada omitida: https://www.magneto365.com/co/empleos/analista-de-desarrollo-humano-897395
2026-05-08 15:14:05 | INFO | Oferta duplicada omitida: https://www.magneto365.com/co/empleos/analista-de-atraccion-cultura-y-desarrollo-1626073720-39-887030
2026-05-08 15:14:05 | INFO | Oferta duplicada omitida: https://www.magneto365.com/co/empleos/desarrolladora-de-software-1626142096-3-908837
2026-05-08 15:14:05 | INFO | Oferta duplicada omitida: https://www.magneto365.com/co/empleos/ceid-desarrolladora-de-software-senior-rpa-905848
2026-05-08 15:14:05 | INFO | Oferta duplicada omitida: https://www.magneto365.com/co/empleos/desarrolladora-de-software-qa-1626436242-51-906064
2026-05-08 15:14:05 | INFO | Oferta duplicada omitida: https://www.magneto365.com/co/empleos/ceid-desarrollador-de-software-semisenior-1626492604-5-891596
2026-05-08 15:14:05 | INFO | Oferta duplicada omitida: https://www.magneto365.com/co/empleos/desarrollador-de-negocios-bogota-910216
2026-05-08 15:14:05 | INFO | Oferta duplicada omitida: https://www.magneto365.com/co/empleos/desarrollador-mid-level-sprint-contributor-902838
2026-05-08 15:14:05 | INFO | Oferta duplicada omitida: https://www.magneto365.com/co/empleos/desarrolladora-fronted-1626040293-334-896881
2026-05-08 15:14:05 | INFO | Oferta duplicada omitida: https://www.magneto365.com/co/empleos/programador-de-publicidad-digital-893246
2026-05-08 15:14:05 | INFO | Oferta duplicada omitida: https://www.magneto365.com/co/empleos/programador-tornero-cnc-puente-aranda-891925
2026-05-08 15:14:05 | INFO | Oferta duplicada omitida: https://www.magneto365.com/co/empleos/programador-de-flota-33303-886852
2026-05-08 15:14:05 | INFO | Oferta duplicada omitida: https://www.magneto365.com/co/empleos/instrumentador-quirurgico-888639
2026-05-08 15:14:05 | INFO | Oferta duplicada omitida: https://www.magneto365.com/co/empleos/analista-de-programacion-de-turnos-en-empresas-de-seguridad-881373
2026-05-08 15:14:05 | INFO | Oferta duplicada omitida: https://www.magneto365.com/co/empleos/integracion-automatizacion-control-ensamble-832860
2026-05-08 15:14:05 | INFO | Oferta duplicada omitida: https://www.magneto365.com/co/empleos/lider-de-planeacion-y-programacion-de-produccion-colombia-894342
2026-05-08 15:14:05 | INFO | Resumen ciclo | revisadas=80 | aplicadas=0 | errores=0 | omitidas=80
2026-05-08 15:14:05 | INFO | Esperando 180 segundos para el siguiente ciclo...
2026-05-08 15:17:05 | INFO | --------------------------------------------------------------------------------
2026-05-08 15:17:05 | INFO | Iniciando ciclo #9
2026-05-08 15:17:05 | INFO | Buscando en Magneto: https://www.magneto365.com/co/trabajos/buscar/full-stack-developer
2026-05-08 15:17:06 | INFO | Ofertas extraídas de Magneto: 8
2026-05-08 15:17:06 | INFO | Buscando en Magneto: https://www.magneto365.com/co/trabajos/buscar/fullstack-developer
2026-05-08 15:17:07 | INFO | Ofertas extraídas de Magneto: 6
2026-05-08 15:17:07 | INFO | Buscando en Magneto: https://www.magneto365.com/co/trabajos/buscar/frontend-developer
2026-05-08 15:17:08 | INFO | Ofertas extraídas de Magneto: 1
2026-05-08 15:17:08 | INFO | Buscando en Magneto: https://www.magneto365.com/co/trabajos/buscar/backend-developer
2026-05-08 15:17:09 | INFO | Ofertas extraídas de Magneto: 4
2026-05-08 15:17:09 | INFO | Buscando en Magneto: https://www.magneto365.com/co/trabajos/buscar/react-developer
2026-05-08 15:17:10 | INFO | Ofertas extraídas de Magneto: 6
2026-05-08 15:17:10 | INFO | Buscando en Magneto: https://www.magneto365.com/co/trabajos/buscar/react-native
2026-05-08 15:17:11 | INFO | Ofertas extraídas de Magneto: 3
2026-05-08 15:17:11 | INFO | Buscando en Magneto: https://www.magneto365.com/co/trabajos/buscar/node-js-developer
2026-05-08 15:17:32 | INFO | No se encontraron resultados visibles en la búsqueda actual.
2026-05-08 15:17:32 | INFO | Ofertas extraídas de Magneto: 0
2026-05-08 15:17:32 | INFO | Busqueda por URL sin resultados. Usando pagina de ciudad para: Node.js Developer
2026-05-08 15:17:33 | INFO | Ofertas extraídas de Magneto: 0
2026-05-08 15:17:33 | INFO | Buscando en Magneto: https://www.magneto365.com/co/trabajos/buscar/javascript-developer
2026-05-08 15:17:34 | INFO | Ofertas extraídas de Magneto: 6
2026-05-08 15:17:34 | INFO | Buscando en Magneto: https://www.magneto365.com/co/trabajos/buscar/typescript-developer
2026-05-08 15:17:55 | INFO | No se encontraron resultados visibles en la búsqueda actual.
2026-05-08 15:17:55 | INFO | Ofertas extraídas de Magneto: 0
2026-05-08 15:17:55 | INFO | Busqueda por URL sin resultados. Usando pagina de ciudad para: TypeScript Developer
2026-05-08 15:17:57 | INFO | Ofertas extraídas de Magneto: 0
2026-05-08 15:17:57 | INFO | Buscando en Magneto: https://www.magneto365.com/co/trabajos/buscar/software-engineer
2026-05-08 15:17:58 | INFO | Ofertas extraídas de Magneto: 6
2026-05-08 15:17:58 | INFO | Buscando en Magneto: https://www.magneto365.com/co/trabajos/buscar/desarrollador-fullstack
2026-05-08 15:17:59 | INFO | Ofertas extraídas de Magneto: 12
2026-05-08 15:17:59 | INFO | Buscando en Magneto: https://www.magneto365.com/co/trabajos/buscar/desarrollador-frontend
2026-05-08 15:18:00 | INFO | Ofertas extraídas de Magneto: 5
2026-05-08 15:18:00 | INFO | Buscando en Magneto: https://www.magneto365.com/co/trabajos/buscar/desarrollador-backend
2026-05-08 15:18:01 | INFO | Ofertas extraídas de Magneto: 10
2026-05-08 15:18:01 | INFO | Buscando en Magneto: https://www.magneto365.com/co/trabajos/buscar/desarrollador-react
2026-05-08 15:18:03 | INFO | Ofertas extraídas de Magneto: 13
2026-05-08 15:18:03 | INFO | Buscando en Magneto: https://www.magneto365.com/co/trabajos/buscar/desarrollador-javascript
2026-05-08 15:18:04 | INFO | Ofertas extraídas de Magneto: 11
2026-05-08 15:18:04 | INFO | Buscando en Magneto: https://www.magneto365.com/co/trabajos/buscar/desarrollador-typescript
2026-05-08 15:18:04 | INFO | Ofertas extraídas de Magneto: 1
2026-05-08 15:18:04 | INFO | Buscando en Magneto: https://www.magneto365.com/co/trabajos/buscar/desarrollador-node
2026-05-08 15:18:05 | INFO | Ofertas extraídas de Magneto: 2
2026-05-08 15:18:05 | INFO | Buscando en Magneto: https://www.magneto365.com/co/trabajos/buscar/ingeniero-software
2026-05-08 15:18:07 | INFO | Ofertas extraídas de Magneto: 17
2026-05-08 15:18:07 | INFO | Buscando en Magneto: https://www.magneto365.com/co/trabajos/buscar/analista-desarrollo
2026-05-08 15:18:10 | INFO | Ofertas extraídas de Magneto: 12
2026-05-08 15:18:10 | INFO | Buscando en Magneto: https://www.magneto365.com/co/trabajos/buscar/desarrollador-software
2026-05-08 15:18:11 | INFO | Ofertas extraídas de Magneto: 19
2026-05-08 15:18:11 | INFO | Buscando en Magneto: https://www.magneto365.com/co/trabajos/buscar/programador
2026-05-08 15:18:12 | INFO | Ofertas extraídas de Magneto: 17
2026-05-08 15:18:12 | INFO | Oferta duplicada omitida: https://www.magneto365.com/co/empleos/full-stack-developer-1626494698-9-912135
2026-05-08 15:18:12 | INFO | Oferta duplicada omitida: https://www.magneto365.com/co/empleos/desarrollador-ti-911545
2026-05-08 15:18:12 | INFO | Oferta duplicada omitida: https://www.magneto365.com/co/empleos/desarrollador-full-stack-895702
2026-05-08 15:18:12 | INFO | Oferta duplicada omitida: https://www.magneto365.com/co/empleos/desarrollador-full-896787
2026-05-08 15:18:12 | INFO | Oferta duplicada omitida: https://www.magneto365.com/co/empleos/desarrollador-fullstack-javascriptnode-js-colombia-906260
2026-05-08 15:18:12 | INFO | Oferta duplicada omitida: https://www.magneto365.com/co/empleos/desarrollador-de-software-con-enfoque-en-inteligencia-artificial-899657
2026-05-08 15:18:12 | INFO | Oferta duplicada omitida: https://www.magneto365.com/co/empleos/desarrollador-de-software-ia-javascript-react-bucaramanga-913803
2026-05-08 15:18:12 | INFO | Oferta duplicada omitida: https://www.magneto365.com/co/empleos/desarrollador-python-bogota-909596
2026-05-08 15:18:12 | INFO | Oferta duplicada omitida: https://www.magneto365.com/co/empleos/desarrolladora-fullstack-896069
2026-05-08 15:18:12 | INFO | Oferta duplicada omitida: https://www.magneto365.com/co/empleos/desarrollador-fullstack-884799
2026-05-08 15:18:12 | INFO | Oferta duplicada omitida: https://www.magneto365.com/co/empleos/ingeniero-fullstack-senior-net-flutter-angular-teletrabajo-en-colombia-882683
2026-05-08 15:18:12 | INFO | Oferta duplicada omitida: https://www.magneto365.com/co/empleos/desarrollador-fullstack-senior-net-react-teletrabajo-colombia-889531
2026-05-08 15:18:12 | INFO | Oferta duplicada omitida: https://www.magneto365.com/co/empleos/desarrollador-fullstack-medellin-846369
2026-05-08 15:18:12 | INFO | Oferta duplicada omitida: https://www.magneto365.com/co/empleos/desarrollador-backend-senior-python-897964
2026-05-08 15:18:12 | INFO | Oferta duplicada omitida: https://www.magneto365.com/co/empleos/desarrollador-a-mobile-react-native-bogota-913246
2026-05-08 15:18:12 | INFO | Oferta duplicada omitida: https://www.magneto365.com/co/empleos/analista-tecnico-senior-bilingue-b2c1-java-react-react-native-remoto-bogota-887625
2026-05-08 15:18:12 | INFO | Oferta duplicada omitida: https://www.magneto365.com/co/empleos/desarrollador-senior-full-stack-bilingue-java-react-remoto-bogota-892791
2026-05-08 15:18:12 | INFO | Oferta duplicada omitida: https://www.magneto365.com/co/empleos/desarrollador-de-software-909610
2026-05-08 15:18:12 | INFO | Oferta duplicada omitida: https://www.magneto365.com/co/empleos/senior-data-engineer-1626494698-8-892405
2026-05-08 15:18:12 | INFO | Oferta duplicada omitida: https://www.magneto365.com/co/empleos/ingeniero-devops-mid-junior-899771
2026-05-08 15:18:12 | INFO | Oferta duplicada omitida: https://www.magneto365.com/co/empleos/analista-qa-882273
2026-05-08 15:18:12 | INFO | Oferta duplicada omitida: https://www.magneto365.com/co/empleos/desarrollador-fullstack-senior-hibrido-en-cali-895467
2026-05-08 15:18:12 | INFO | Oferta duplicada omitida: https://www.magneto365.com/co/empleos/desarrollador-fullstack-en-hidrocarburos-python-java-891227
2026-05-08 15:18:12 | INFO | Oferta duplicada omitida: https://www.magneto365.com/co/empleos/desarrollador-fullstack-senior-hibrido-en-cali-848809
2026-05-08 15:18:12 | INFO | Oferta duplicada omitida: https://www.magneto365.com/co/empleos/desarrollador-fullstack-senior-829393
2026-05-08 15:18:12 | INFO | Oferta duplicada omitida: https://www.magneto365.com/co/empleos/desarrollador-php-freelance-884817
2026-05-08 15:18:12 | INFO | Oferta duplicada omitida: https://www.magneto365.com/co/empleos/desarrollador-a-de-software-891058
2026-05-08 15:18:12 | INFO | Oferta duplicada omitida: https://www.magneto365.com/co/empleos/desarrollador-frontend-y-gestion-de-contenido-medellin-884727
2026-05-08 15:18:12 | INFO | Oferta duplicada omitida: https://www.magneto365.com/co/empleos/desarrollador-frontend-webmaster-847312
2026-05-08 15:18:12 | INFO | Oferta duplicada omitida: https://www.magneto365.com/co/empleos/senior-frontend-engineer-907809
2026-05-08 15:18:12 | INFO | Oferta duplicada omitida: https://www.magneto365.com/co/empleos/desarrollador-front-end-ecommerce-897233
2026-05-08 15:18:12 | INFO | Oferta duplicada omitida: https://www.magneto365.com/co/empleos/desarrollador-backend-912569
2026-05-08 15:18:12 | INFO | Oferta duplicada omitida: https://www.magneto365.com/co/empleos/desarrollador-backend-oracle-plsql-hxgn-eam-galapa-907640
2026-05-08 15:18:12 | INFO | Oferta duplicada omitida: https://www.magneto365.com/co/empleos/desarrollador-backend-884791
2026-05-08 15:18:12 | INFO | Oferta duplicada omitida: https://www.magneto365.com/co/empleos/desarrollador-senior-java-spring-boot-y-python-remoto-colombia-899477
2026-05-08 15:18:12 | INFO | Oferta duplicada omitida: https://www.magneto365.com/co/empleos/desarrollador-full-stack-895178
2026-05-08 15:18:12 | INFO | Oferta duplicada omitida: https://www.magneto365.com/co/empleos/especialista-i-desarrollador-pco-886336
2026-05-08 15:18:12 | INFO | Oferta duplicada omitida: https://www.magneto365.com/co/empleos/desarrollador-full-stack-python-react-ia-cali-908099
2026-05-08 15:18:12 | INFO | Oferta duplicada omitida: https://www.magneto365.com/co/empleos/desarrollador-senior-full-stack-909405
2026-05-08 15:18:12 | INFO | Oferta duplicada omitida: https://www.magneto365.com/co/empleos/desarrolladorprogramador-bi-financiera-888680
2026-05-08 15:18:12 | INFO | Oferta duplicada omitida: https://www.magneto365.com/co/empleos/desarrollador-especialista-de-software-medellin-843102
2026-05-08 15:18:12 | INFO | Oferta duplicada omitida: https://www.magneto365.com/co/empleos/desarrollador-de-software-835075
2026-05-08 15:18:12 | INFO | Oferta duplicada omitida: https://www.magneto365.com/co/empleos/ingeniero-a-tecnologia-talento-que-transforma-913134
2026-05-08 15:18:12 | INFO | Oferta duplicada omitida: https://www.magneto365.com/co/empleos/tester-qa-pruebas-de-software-hibrido-bogota-908108
2026-05-08 15:18:12 | INFO | Oferta duplicada omitida: https://www.magneto365.com/co/empleos/coordinadora-de-servicios-de-desarrollo-de-software-1626119083-2-900284
2026-05-08 15:18:12 | INFO | Oferta duplicada omitida: https://www.magneto365.com/co/empleos/arquitecto-de-software-899087
2026-05-08 15:18:12 | INFO | Oferta duplicada omitida: https://www.magneto365.com/co/empleos/lider-tecnico-desarrollo-software-java-888526
2026-05-08 15:18:12 | INFO | Oferta duplicada omitida: https://www.magneto365.com/co/empleos/arquitecto-de-software-para-transformacion-digital-en-salud-y-contabilidad-886496
2026-05-08 15:18:12 | INFO | Oferta duplicada omitida: https://www.magneto365.com/co/empleos/arquitecto-de-software-822827
2026-05-08 15:18:12 | INFO | Oferta duplicada omitida: https://www.magneto365.com/co/empleos/practicante-sistemas-de-informacion-base-comercial-895470
2026-05-08 15:18:12 | INFO | Oferta duplicada omitida: https://www.magneto365.com/co/empleos/desarrollador-de-software-lider-microservicios-remoto-894672
2026-05-08 15:18:12 | INFO | Oferta duplicada omitida: https://www.magneto365.com/co/empleos/analista-tecnico-senior-desarrollo-de-software-bilingue-884537
2026-05-08 15:18:12 | INFO | Oferta duplicada omitida: https://www.magneto365.com/co/empleos/practicante-ingenieria-de-sistemas-desarrollo-y-soporte-ti-bogota-901179
2026-05-08 15:18:12 | INFO | Oferta duplicada omitida: https://www.magneto365.com/co/empleos/practicante-profesional-ingenieria-de-sistemas-medellin-899409
2026-05-08 15:18:12 | INFO | Oferta duplicada omitida: https://www.magneto365.com/co/empleos/practicante-chatbot-contratacion-y-colaboradores-whatsapp-895458
2026-05-08 15:18:12 | INFO | Oferta duplicada omitida: https://www.magneto365.com/co/empleos/analista-desarrollo-comercial-ii-bogota-899720
2026-05-08 15:18:12 | INFO | Oferta duplicada omitida: https://www.magneto365.com/co/empleos/analista-de-desarrollo-de-software-net-angular-sql-server-colombia-914543
2026-05-08 15:18:12 | INFO | Oferta duplicada omitida: https://www.magneto365.com/co/empleos/analista-de-ingenieria-desarrollo-de-producto-industrial-914466
2026-05-08 15:18:12 | INFO | Oferta duplicada omitida: https://www.magneto365.com/co/empleos/analista-de-desarrollo-logistico-908067
2026-05-08 15:18:12 | INFO | Oferta duplicada omitida: https://www.magneto365.com/co/empleos/analista-de-desarrollo-de-productos-industria-colombia-906038
2026-05-08 15:18:12 | INFO | Oferta duplicada omitida: https://www.magneto365.com/co/empleos/analista-de-formacion-y-desarrollo-de-talento-905159
2026-05-08 15:18:12 | INFO | Oferta duplicada omitida: https://www.magneto365.com/co/empleos/analista-de-cultura-y-desarrollo-temporal-por-licencia-de-maternidad-901840
2026-05-08 15:18:12 | INFO | Oferta duplicada omitida: https://www.magneto365.com/co/empleos/analista-de-automatizacion-y-desarrollo-termino-fijo-900710
2026-05-08 15:18:12 | INFO | Oferta duplicada omitida: https://www.magneto365.com/co/empleos/analista-de-desarrollo-de-software-1626071855-68-897977
2026-05-08 15:18:12 | INFO | Oferta duplicada omitida: https://www.magneto365.com/co/empleos/analista-de-desarrollo-humano-897395
2026-05-08 15:18:12 | INFO | Oferta duplicada omitida: https://www.magneto365.com/co/empleos/analista-de-atraccion-cultura-y-desarrollo-1626073720-39-887030
2026-05-08 15:18:12 | INFO | Oferta duplicada omitida: https://www.magneto365.com/co/empleos/desarrolladora-de-software-1626142096-3-908837
2026-05-08 15:18:12 | INFO | Oferta duplicada omitida: https://www.magneto365.com/co/empleos/ceid-desarrolladora-de-software-senior-rpa-905848
2026-05-08 15:18:12 | INFO | Oferta duplicada omitida: https://www.magneto365.com/co/empleos/desarrolladora-de-software-qa-1626436242-51-906064
2026-05-08 15:18:12 | INFO | Oferta duplicada omitida: https://www.magneto365.com/co/empleos/ceid-desarrollador-de-software-semisenior-1626492604-5-891596
2026-05-08 15:18:12 | INFO | Oferta duplicada omitida: https://www.magneto365.com/co/empleos/desarrollador-de-negocios-bogota-910216
2026-05-08 15:18:12 | INFO | Oferta duplicada omitida: https://www.magneto365.com/co/empleos/desarrollador-mid-level-sprint-contributor-902838
2026-05-08 15:18:12 | INFO | Oferta duplicada omitida: https://www.magneto365.com/co/empleos/desarrolladora-fronted-1626040293-334-896881
2026-05-08 15:18:12 | INFO | Oferta duplicada omitida: https://www.magneto365.com/co/empleos/programador-de-publicidad-digital-893246
2026-05-08 15:18:12 | INFO | Oferta duplicada omitida: https://www.magneto365.com/co/empleos/programador-tornero-cnc-puente-aranda-891925
2026-05-08 15:18:12 | INFO | Oferta duplicada omitida: https://www.magneto365.com/co/empleos/programador-de-flota-33303-886852
2026-05-08 15:18:12 | INFO | Oferta duplicada omitida: https://www.magneto365.com/co/empleos/instrumentador-quirurgico-888639
2026-05-08 15:18:12 | INFO | Oferta duplicada omitida: https://www.magneto365.com/co/empleos/analista-de-programacion-de-turnos-en-empresas-de-seguridad-881373
2026-05-08 15:18:12 | INFO | Oferta duplicada omitida: https://www.magneto365.com/co/empleos/integracion-automatizacion-control-ensamble-832860
2026-05-08 15:18:12 | INFO | Oferta duplicada omitida: https://www.magneto365.com/co/empleos/lider-de-planeacion-y-programacion-de-produccion-colombia-894342
2026-05-08 15:18:12 | INFO | Resumen ciclo | revisadas=80 | aplicadas=0 | errores=0 | omitidas=80
2026-05-08 15:18:12 | INFO | Esperando 180 segundos para el siguiente ciclo...
2026-05-08 15:21:12 | INFO | --------------------------------------------------------------------------------
2026-05-08 15:21:12 | INFO | Iniciando ciclo #10
2026-05-08 15:21:12 | INFO | Verificando estado de login (cada 5 ciclos)...
2026-05-08 15:21:14 | INFO | No hay sesion activa en Magneto. Abriendo inicio de sesion.
2026-05-08 15:21:26 | INFO | No se encontro boton de Google. Esperando inicio manual.
2026-05-08 15:21:26 | INFO | Sesion iniciada correctamente.
2026-05-08 15:21:26 | INFO | ✅ Login renovado exitosamente
2026-05-08 15:21:26 | INFO | Buscando en Magneto: https://www.magneto365.com/co/trabajos/buscar/full-stack-developer
2026-05-08 15:21:27 | INFO | Ofertas extraídas de Magneto: 8
2026-05-08 15:21:27 | INFO | Buscando en Magneto: https://www.magneto365.com/co/trabajos/buscar/fullstack-developer
2026-05-08 15:21:28 | INFO | Ofertas extraídas de Magneto: 6
2026-05-08 15:21:28 | INFO | Buscando en Magneto: https://www.magneto365.com/co/trabajos/buscar/frontend-developer
2026-05-08 15:21:29 | INFO | Ofertas extraídas de Magneto: 1
2026-05-08 15:21:29 | INFO | Buscando en Magneto: https://www.magneto365.com/co/trabajos/buscar/backend-developer
2026-05-08 15:21:30 | INFO | Ofertas extraídas de Magneto: 4
2026-05-08 15:21:30 | INFO | Buscando en Magneto: https://www.magneto365.com/co/trabajos/buscar/react-developer
2026-05-08 15:21:31 | INFO | Ofertas extraídas de Magneto: 6
2026-05-08 15:21:31 | INFO | Buscando en Magneto: https://www.magneto365.com/co/trabajos/buscar/react-native
2026-05-08 15:21:32 | INFO | Ofertas extraídas de Magneto: 3
2026-05-08 15:21:32 | INFO | Buscando en Magneto: https://www.magneto365.com/co/trabajos/buscar/node-js-developer
2026-05-08 15:21:53 | INFO | No se encontraron resultados visibles en la búsqueda actual.
2026-05-08 15:21:53 | INFO | Ofertas extraídas de Magneto: 0
2026-05-08 15:21:53 | INFO | Busqueda por URL sin resultados. Usando pagina de ciudad para: Node.js Developer
2026-05-08 15:21:54 | INFO | Ofertas extraídas de Magneto: 0
2026-05-08 15:21:54 | INFO | Buscando en Magneto: https://www.magneto365.com/co/trabajos/buscar/javascript-developer
2026-05-08 15:21:55 | INFO | Ofertas extraídas de Magneto: 6
2026-05-08 15:21:55 | INFO | Buscando en Magneto: https://www.magneto365.com/co/trabajos/buscar/typescript-developer
2026-05-08 15:22:16 | INFO | No se encontraron resultados visibles en la búsqueda actual.
2026-05-08 15:22:16 | INFO | Ofertas extraídas de Magneto: 0
2026-05-08 15:22:16 | INFO | Busqueda por URL sin resultados. Usando pagina de ciudad para: TypeScript Developer
2026-05-08 15:22:18 | INFO | Ofertas extraídas de Magneto: 0
2026-05-08 15:22:18 | INFO | Buscando en Magneto: https://www.magneto365.com/co/trabajos/buscar/software-engineer
2026-05-08 15:22:19 | INFO | Ofertas extraídas de Magneto: 6
2026-05-08 15:22:19 | INFO | Buscando en Magneto: https://www.magneto365.com/co/trabajos/buscar/desarrollador-fullstack
2026-05-08 15:22:20 | INFO | Ofertas extraídas de Magneto: 12
2026-05-08 15:22:20 | INFO | Buscando en Magneto: https://www.magneto365.com/co/trabajos/buscar/desarrollador-frontend
2026-05-08 15:22:21 | INFO | Ofertas extraídas de Magneto: 5
2026-05-08 15:22:21 | INFO | Buscando en Magneto: https://www.magneto365.com/co/trabajos/buscar/desarrollador-backend
2026-05-08 15:22:23 | INFO | Ofertas extraídas de Magneto: 10
2026-05-08 15:22:23 | INFO | Buscando en Magneto: https://www.magneto365.com/co/trabajos/buscar/desarrollador-react
2026-05-08 15:22:24 | INFO | Ofertas extraídas de Magneto: 13
2026-05-08 15:22:24 | INFO | Buscando en Magneto: https://www.magneto365.com/co/trabajos/buscar/desarrollador-javascript
2026-05-08 15:22:25 | INFO | Ofertas extraídas de Magneto: 11
2026-05-08 15:22:25 | INFO | Buscando en Magneto: https://www.magneto365.com/co/trabajos/buscar/desarrollador-typescript
2026-05-08 15:22:26 | INFO | Ofertas extraídas de Magneto: 1
2026-05-08 15:22:26 | INFO | Buscando en Magneto: https://www.magneto365.com/co/trabajos/buscar/desarrollador-node
2026-05-08 15:22:27 | INFO | Ofertas extraídas de Magneto: 2
2026-05-08 15:22:27 | INFO | Buscando en Magneto: https://www.magneto365.com/co/trabajos/buscar/ingeniero-software
2026-05-08 15:22:28 | INFO | Ofertas extraídas de Magneto: 17
2026-05-08 15:22:28 | INFO | Buscando en Magneto: https://www.magneto365.com/co/trabajos/buscar/analista-desarrollo
2026-05-08 15:22:29 | INFO | Ofertas extraídas de Magneto: 12
2026-05-08 15:22:29 | INFO | Buscando en Magneto: https://www.magneto365.com/co/trabajos/buscar/desarrollador-software
2026-05-08 15:22:31 | INFO | Ofertas extraídas de Magneto: 19
2026-05-08 15:22:31 | INFO | Buscando en Magneto: https://www.magneto365.com/co/trabajos/buscar/programador
2026-05-08 15:22:32 | INFO | Ofertas extraídas de Magneto: 17
2026-05-08 15:22:32 | INFO | Oferta duplicada omitida: https://www.magneto365.com/co/empleos/full-stack-developer-1626494698-9-912135
2026-05-08 15:22:32 | INFO | Oferta duplicada omitida: https://www.magneto365.com/co/empleos/desarrollador-ti-911545
2026-05-08 15:22:32 | INFO | Oferta duplicada omitida: https://www.magneto365.com/co/empleos/desarrollador-full-stack-895702
2026-05-08 15:22:32 | INFO | Oferta duplicada omitida: https://www.magneto365.com/co/empleos/desarrollador-full-896787
2026-05-08 15:22:32 | INFO | Oferta duplicada omitida: https://www.magneto365.com/co/empleos/desarrollador-fullstack-javascriptnode-js-colombia-906260
2026-05-08 15:22:32 | INFO | Oferta duplicada omitida: https://www.magneto365.com/co/empleos/desarrollador-de-software-con-enfoque-en-inteligencia-artificial-899657
2026-05-08 15:22:32 | INFO | Oferta duplicada omitida: https://www.magneto365.com/co/empleos/desarrollador-de-software-ia-javascript-react-bucaramanga-913803
2026-05-08 15:22:32 | INFO | Oferta duplicada omitida: https://www.magneto365.com/co/empleos/desarrollador-python-bogota-909596
2026-05-08 15:22:32 | INFO | Oferta duplicada omitida: https://www.magneto365.com/co/empleos/desarrolladora-fullstack-896069
2026-05-08 15:22:32 | INFO | Oferta duplicada omitida: https://www.magneto365.com/co/empleos/desarrollador-fullstack-884799
2026-05-08 15:22:32 | INFO | Oferta duplicada omitida: https://www.magneto365.com/co/empleos/ingeniero-fullstack-senior-net-flutter-angular-teletrabajo-en-colombia-882683
2026-05-08 15:22:32 | INFO | Oferta duplicada omitida: https://www.magneto365.com/co/empleos/desarrollador-fullstack-senior-net-react-teletrabajo-colombia-889531
2026-05-08 15:22:32 | INFO | Oferta duplicada omitida: https://www.magneto365.com/co/empleos/desarrollador-fullstack-medellin-846369
2026-05-08 15:22:32 | INFO | Oferta duplicada omitida: https://www.magneto365.com/co/empleos/desarrollador-backend-senior-python-897964
2026-05-08 15:22:32 | INFO | Oferta duplicada omitida: https://www.magneto365.com/co/empleos/desarrollador-a-mobile-react-native-bogota-913246
2026-05-08 15:22:32 | INFO | Oferta duplicada omitida: https://www.magneto365.com/co/empleos/analista-tecnico-senior-bilingue-b2c1-java-react-react-native-remoto-bogota-887625
2026-05-08 15:22:32 | INFO | Oferta duplicada omitida: https://www.magneto365.com/co/empleos/desarrollador-senior-full-stack-bilingue-java-react-remoto-bogota-892791
2026-05-08 15:22:32 | INFO | Oferta duplicada omitida: https://www.magneto365.com/co/empleos/desarrollador-de-software-909610
2026-05-08 15:22:32 | INFO | Oferta duplicada omitida: https://www.magneto365.com/co/empleos/senior-data-engineer-1626494698-8-892405
2026-05-08 15:22:32 | INFO | Oferta duplicada omitida: https://www.magneto365.com/co/empleos/ingeniero-devops-mid-junior-899771
2026-05-08 15:22:32 | INFO | Oferta duplicada omitida: https://www.magneto365.com/co/empleos/analista-qa-882273
2026-05-08 15:22:32 | INFO | Oferta duplicada omitida: https://www.magneto365.com/co/empleos/desarrollador-fullstack-senior-hibrido-en-cali-895467
2026-05-08 15:22:32 | INFO | Oferta duplicada omitida: https://www.magneto365.com/co/empleos/desarrollador-fullstack-en-hidrocarburos-python-java-891227
2026-05-08 15:22:32 | INFO | Oferta duplicada omitida: https://www.magneto365.com/co/empleos/desarrollador-fullstack-senior-hibrido-en-cali-848809
2026-05-08 15:22:32 | INFO | Oferta duplicada omitida: https://www.magneto365.com/co/empleos/desarrollador-fullstack-senior-829393
2026-05-08 15:22:32 | INFO | Oferta duplicada omitida: https://www.magneto365.com/co/empleos/desarrollador-php-freelance-884817
2026-05-08 15:22:32 | INFO | Oferta duplicada omitida: https://www.magneto365.com/co/empleos/desarrollador-a-de-software-891058
2026-05-08 15:22:32 | INFO | Oferta duplicada omitida: https://www.magneto365.com/co/empleos/desarrollador-frontend-y-gestion-de-contenido-medellin-884727
2026-05-08 15:22:32 | INFO | Oferta duplicada omitida: https://www.magneto365.com/co/empleos/desarrollador-frontend-webmaster-847312
2026-05-08 15:22:32 | INFO | Oferta duplicada omitida: https://www.magneto365.com/co/empleos/senior-frontend-engineer-907809
2026-05-08 15:22:32 | INFO | Oferta duplicada omitida: https://www.magneto365.com/co/empleos/desarrollador-front-end-ecommerce-897233
2026-05-08 15:22:32 | INFO | Oferta duplicada omitida: https://www.magneto365.com/co/empleos/desarrollador-backend-912569
2026-05-08 15:22:32 | INFO | Oferta duplicada omitida: https://www.magneto365.com/co/empleos/desarrollador-backend-oracle-plsql-hxgn-eam-galapa-907640
2026-05-08 15:22:32 | INFO | Oferta duplicada omitida: https://www.magneto365.com/co/empleos/desarrollador-backend-884791
2026-05-08 15:22:32 | INFO | Oferta duplicada omitida: https://www.magneto365.com/co/empleos/desarrollador-senior-java-spring-boot-y-python-remoto-colombia-899477
2026-05-08 15:22:32 | INFO | Oferta duplicada omitida: https://www.magneto365.com/co/empleos/desarrollador-full-stack-895178
2026-05-08 15:22:32 | INFO | Oferta duplicada omitida: https://www.magneto365.com/co/empleos/especialista-i-desarrollador-pco-886336
2026-05-08 15:22:32 | INFO | Oferta duplicada omitida: https://www.magneto365.com/co/empleos/desarrollador-full-stack-python-react-ia-cali-908099
2026-05-08 15:22:32 | INFO | Oferta duplicada omitida: https://www.magneto365.com/co/empleos/desarrollador-senior-full-stack-909405
2026-05-08 15:22:32 | INFO | Oferta duplicada omitida: https://www.magneto365.com/co/empleos/desarrolladorprogramador-bi-financiera-888680
2026-05-08 15:22:32 | INFO | Oferta duplicada omitida: https://www.magneto365.com/co/empleos/desarrollador-especialista-de-software-medellin-843102
2026-05-08 15:22:32 | INFO | Oferta duplicada omitida: https://www.magneto365.com/co/empleos/desarrollador-de-software-835075
2026-05-08 15:22:32 | INFO | Oferta duplicada omitida: https://www.magneto365.com/co/empleos/ingeniero-a-tecnologia-talento-que-transforma-913134
2026-05-08 15:22:32 | INFO | Oferta duplicada omitida: https://www.magneto365.com/co/empleos/tester-qa-pruebas-de-software-hibrido-bogota-908108
2026-05-08 15:22:32 | INFO | Oferta duplicada omitida: https://www.magneto365.com/co/empleos/coordinadora-de-servicios-de-desarrollo-de-software-1626119083-2-900284
2026-05-08 15:22:32 | INFO | Oferta duplicada omitida: https://www.magneto365.com/co/empleos/arquitecto-de-software-899087
2026-05-08 15:22:32 | INFO | Oferta duplicada omitida: https://www.magneto365.com/co/empleos/lider-tecnico-desarrollo-software-java-888526
2026-05-08 15:22:32 | INFO | Oferta duplicada omitida: https://www.magneto365.com/co/empleos/arquitecto-de-software-para-transformacion-digital-en-salud-y-contabilidad-886496
2026-05-08 15:22:32 | INFO | Oferta duplicada omitida: https://www.magneto365.com/co/empleos/arquitecto-de-software-822827
2026-05-08 15:22:32 | INFO | Oferta duplicada omitida: https://www.magneto365.com/co/empleos/practicante-sistemas-de-informacion-base-comercial-895470
2026-05-08 15:22:32 | INFO | Oferta duplicada omitida: https://www.magneto365.com/co/empleos/desarrollador-de-software-lider-microservicios-remoto-894672
2026-05-08 15:22:32 | INFO | Oferta duplicada omitida: https://www.magneto365.com/co/empleos/analista-tecnico-senior-desarrollo-de-software-bilingue-884537
2026-05-08 15:22:32 | INFO | Oferta duplicada omitida: https://www.magneto365.com/co/empleos/practicante-ingenieria-de-sistemas-desarrollo-y-soporte-ti-bogota-901179
2026-05-08 15:22:32 | INFO | Oferta duplicada omitida: https://www.magneto365.com/co/empleos/practicante-profesional-ingenieria-de-sistemas-medellin-899409
2026-05-08 15:22:32 | INFO | Oferta duplicada omitida: https://www.magneto365.com/co/empleos/practicante-chatbot-contratacion-y-colaboradores-whatsapp-895458
2026-05-08 15:22:32 | INFO | Oferta duplicada omitida: https://www.magneto365.com/co/empleos/analista-desarrollo-comercial-ii-bogota-899720
2026-05-08 15:22:32 | INFO | Oferta duplicada omitida: https://www.magneto365.com/co/empleos/analista-de-desarrollo-de-software-net-angular-sql-server-colombia-914543
2026-05-08 15:22:32 | INFO | Oferta duplicada omitida: https://www.magneto365.com/co/empleos/analista-de-ingenieria-desarrollo-de-producto-industrial-914466
2026-05-08 15:22:32 | INFO | Oferta duplicada omitida: https://www.magneto365.com/co/empleos/analista-de-desarrollo-logistico-908067
2026-05-08 15:22:32 | INFO | Oferta duplicada omitida: https://www.magneto365.com/co/empleos/analista-de-desarrollo-de-productos-industria-colombia-906038
2026-05-08 15:22:32 | INFO | Oferta duplicada omitida: https://www.magneto365.com/co/empleos/analista-de-formacion-y-desarrollo-de-talento-905159
2026-05-08 15:22:32 | INFO | Oferta duplicada omitida: https://www.magneto365.com/co/empleos/analista-de-cultura-y-desarrollo-temporal-por-licencia-de-maternidad-901840
2026-05-08 15:22:32 | INFO | Oferta duplicada omitida: https://www.magneto365.com/co/empleos/analista-de-automatizacion-y-desarrollo-termino-fijo-900710
2026-05-08 15:22:32 | INFO | Oferta duplicada omitida: https://www.magneto365.com/co/empleos/analista-de-desarrollo-de-software-1626071855-68-897977
2026-05-08 15:22:32 | INFO | Oferta duplicada omitida: https://www.magneto365.com/co/empleos/analista-de-desarrollo-humano-897395
2026-05-08 15:22:32 | INFO | Oferta duplicada omitida: https://www.magneto365.com/co/empleos/analista-de-atraccion-cultura-y-desarrollo-1626073720-39-887030
2026-05-08 15:22:32 | INFO | Oferta duplicada omitida: https://www.magneto365.com/co/empleos/desarrolladora-de-software-1626142096-3-908837
2026-05-08 15:22:32 | INFO | Oferta duplicada omitida: https://www.magneto365.com/co/empleos/ceid-desarrolladora-de-software-senior-rpa-905848
2026-05-08 15:22:32 | INFO | Oferta duplicada omitida: https://www.magneto365.com/co/empleos/desarrolladora-de-software-qa-1626436242-51-906064
2026-05-08 15:22:32 | INFO | Oferta duplicada omitida: https://www.magneto365.com/co/empleos/ceid-desarrollador-de-software-semisenior-1626492604-5-891596
2026-05-08 15:22:32 | INFO | Oferta duplicada omitida: https://www.magneto365.com/co/empleos/desarrollador-de-negocios-bogota-910216
2026-05-08 15:22:32 | INFO | Oferta duplicada omitida: https://www.magneto365.com/co/empleos/desarrollador-mid-level-sprint-contributor-902838
2026-05-08 15:22:32 | INFO | Oferta duplicada omitida: https://www.magneto365.com/co/empleos/desarrolladora-fronted-1626040293-334-896881
2026-05-08 15:22:32 | INFO | Oferta duplicada omitida: https://www.magneto365.com/co/empleos/programador-de-publicidad-digital-893246
2026-05-08 15:22:32 | INFO | Oferta duplicada omitida: https://www.magneto365.com/co/empleos/programador-tornero-cnc-puente-aranda-891925
2026-05-08 15:22:32 | INFO | Oferta duplicada omitida: https://www.magneto365.com/co/empleos/programador-de-flota-33303-886852
2026-05-08 15:22:32 | INFO | Oferta duplicada omitida: https://www.magneto365.com/co/empleos/instrumentador-quirurgico-888639
2026-05-08 15:22:32 | INFO | Oferta duplicada omitida: https://www.magneto365.com/co/empleos/analista-de-programacion-de-turnos-en-empresas-de-seguridad-881373
2026-05-08 15:22:32 | INFO | Oferta duplicada omitida: https://www.magneto365.com/co/empleos/integracion-automatizacion-control-ensamble-832860
2026-05-08 15:22:32 | INFO | Oferta duplicada omitida: https://www.magneto365.com/co/empleos/lider-de-planeacion-y-programacion-de-produccion-colombia-894342
2026-05-08 15:22:32 | INFO | Resumen ciclo | revisadas=80 | aplicadas=0 | errores=0 | omitidas=80
2026-05-08 15:22:32 | INFO | Esperando 180 segundos para el siguiente ciclo...
2026-05-08 15:25:32 | INFO | --------------------------------------------------------------------------------
2026-05-08 15:25:32 | INFO | Iniciando ciclo #11
2026-05-08 15:25:32 | INFO | Buscando en Magneto: https://www.magneto365.com/co/trabajos/buscar/full-stack-developer
2026-05-08 15:25:34 | INFO | Ofertas extraídas de Magneto: 8
2026-05-08 15:25:34 | INFO | Buscando en Magneto: https://www.magneto365.com/co/trabajos/buscar/fullstack-developer
2026-05-08 15:25:35 | INFO | Ofertas extraídas de Magneto: 6
2026-05-08 15:25:35 | INFO | Buscando en Magneto: https://www.magneto365.com/co/trabajos/buscar/frontend-developer
2026-05-08 15:25:36 | INFO | Ofertas extraídas de Magneto: 1
2026-05-08 15:25:36 | INFO | Buscando en Magneto: https://www.magneto365.com/co/trabajos/buscar/backend-developer
2026-05-08 15:25:37 | INFO | Ofertas extraídas de Magneto: 4
2026-05-08 15:25:37 | INFO | Buscando en Magneto: https://www.magneto365.com/co/trabajos/buscar/react-developer
2026-05-08 15:25:38 | INFO | Ofertas extraídas de Magneto: 6
2026-05-08 15:25:38 | INFO | Buscando en Magneto: https://www.magneto365.com/co/trabajos/buscar/react-native
2026-05-08 15:25:39 | INFO | Ofertas extraídas de Magneto: 3
2026-05-08 15:25:39 | INFO | Buscando en Magneto: https://www.magneto365.com/co/trabajos/buscar/node-js-developer
2026-05-08 15:26:00 | INFO | No se encontraron resultados visibles en la búsqueda actual.
2026-05-08 15:26:00 | INFO | Ofertas extraídas de Magneto: 0
2026-05-08 15:26:00 | INFO | Busqueda por URL sin resultados. Usando pagina de ciudad para: Node.js Developer
2026-05-08 15:26:01 | INFO | Ofertas extraídas de Magneto: 0
2026-05-08 15:26:01 | INFO | Buscando en Magneto: https://www.magneto365.com/co/trabajos/buscar/javascript-developer
2026-05-08 15:26:02 | INFO | Ofertas extraídas de Magneto: 6
2026-05-08 15:26:02 | INFO | Buscando en Magneto: https://www.magneto365.com/co/trabajos/buscar/typescript-developer
2026-05-08 15:26:23 | INFO | No se encontraron resultados visibles en la búsqueda actual.
2026-05-08 15:26:23 | INFO | Ofertas extraídas de Magneto: 0
2026-05-08 15:26:23 | INFO | Busqueda por URL sin resultados. Usando pagina de ciudad para: TypeScript Developer
2026-05-08 15:26:25 | INFO | Ofertas extraídas de Magneto: 0
2026-05-08 15:26:25 | INFO | Buscando en Magneto: https://www.magneto365.com/co/trabajos/buscar/software-engineer
2026-05-08 15:26:26 | INFO | Ofertas extraídas de Magneto: 6
2026-05-08 15:26:26 | INFO | Buscando en Magneto: https://www.magneto365.com/co/trabajos/buscar/desarrollador-fullstack
2026-05-08 15:26:27 | INFO | Ofertas extraídas de Magneto: 12
2026-05-08 15:26:27 | INFO | Buscando en Magneto: https://www.magneto365.com/co/trabajos/buscar/desarrollador-frontend
2026-05-08 15:26:28 | INFO | Ofertas extraídas de Magneto: 5
2026-05-08 15:26:28 | INFO | Buscando en Magneto: https://www.magneto365.com/co/trabajos/buscar/desarrollador-backend
2026-05-08 15:26:29 | INFO | Ofertas extraídas de Magneto: 10
2026-05-08 15:26:29 | INFO | Buscando en Magneto: https://www.magneto365.com/co/trabajos/buscar/desarrollador-react
2026-05-08 15:26:30 | INFO | Ofertas extraídas de Magneto: 13
2026-05-08 15:26:30 | INFO | Buscando en Magneto: https://www.magneto365.com/co/trabajos/buscar/desarrollador-javascript
2026-05-08 15:26:31 | INFO | Ofertas extraídas de Magneto: 11
2026-05-08 15:26:31 | INFO | Buscando en Magneto: https://www.magneto365.com/co/trabajos/buscar/desarrollador-typescript
2026-05-08 15:26:32 | INFO | Ofertas extraídas de Magneto: 1
2026-05-08 15:26:32 | INFO | Buscando en Magneto: https://www.magneto365.com/co/trabajos/buscar/desarrollador-node
2026-05-08 15:26:33 | INFO | Ofertas extraídas de Magneto: 2
2026-05-08 15:26:33 | INFO | Buscando en Magneto: https://www.magneto365.com/co/trabajos/buscar/ingeniero-software
2026-05-08 15:26:34 | INFO | Ofertas extraídas de Magneto: 17
2026-05-08 15:26:34 | INFO | Buscando en Magneto: https://www.magneto365.com/co/trabajos/buscar/analista-desarrollo
2026-05-08 15:26:40 | INFO | Ofertas extraídas de Magneto: 12
2026-05-08 15:26:40 | INFO | Buscando en Magneto: https://www.magneto365.com/co/trabajos/buscar/desarrollador-software
2026-05-08 15:26:41 | INFO | Ofertas extraídas de Magneto: 19
2026-05-08 15:26:41 | INFO | Buscando en Magneto: https://www.magneto365.com/co/trabajos/buscar/programador
2026-05-08 15:26:42 | INFO | Ofertas extraídas de Magneto: 17
2026-05-08 15:26:42 | INFO | Oferta duplicada omitida: https://www.magneto365.com/co/empleos/full-stack-developer-1626494698-9-912135
2026-05-08 15:26:42 | INFO | Oferta duplicada omitida: https://www.magneto365.com/co/empleos/desarrollador-ti-911545
2026-05-08 15:26:42 | INFO | Oferta duplicada omitida: https://www.magneto365.com/co/empleos/desarrollador-full-stack-895702
2026-05-08 15:26:42 | INFO | Oferta duplicada omitida: https://www.magneto365.com/co/empleos/desarrollador-full-896787
2026-05-08 15:26:42 | INFO | Oferta duplicada omitida: https://www.magneto365.com/co/empleos/desarrollador-fullstack-javascriptnode-js-colombia-906260
2026-05-08 15:26:42 | INFO | Oferta duplicada omitida: https://www.magneto365.com/co/empleos/desarrollador-de-software-con-enfoque-en-inteligencia-artificial-899657
2026-05-08 15:26:42 | INFO | Oferta duplicada omitida: https://www.magneto365.com/co/empleos/desarrollador-de-software-ia-javascript-react-bucaramanga-913803
2026-05-08 15:26:42 | INFO | Oferta duplicada omitida: https://www.magneto365.com/co/empleos/desarrollador-python-bogota-909596
2026-05-08 15:26:42 | INFO | Oferta duplicada omitida: https://www.magneto365.com/co/empleos/desarrolladora-fullstack-896069
2026-05-08 15:26:42 | INFO | Oferta duplicada omitida: https://www.magneto365.com/co/empleos/desarrollador-fullstack-884799
2026-05-08 15:26:42 | INFO | Oferta duplicada omitida: https://www.magneto365.com/co/empleos/ingeniero-fullstack-senior-net-flutter-angular-teletrabajo-en-colombia-882683
2026-05-08 15:26:42 | INFO | Oferta duplicada omitida: https://www.magneto365.com/co/empleos/desarrollador-fullstack-senior-net-react-teletrabajo-colombia-889531
2026-05-08 15:26:42 | INFO | Oferta duplicada omitida: https://www.magneto365.com/co/empleos/desarrollador-fullstack-medellin-846369
2026-05-08 15:26:42 | INFO | Oferta duplicada omitida: https://www.magneto365.com/co/empleos/desarrollador-backend-senior-python-897964
2026-05-08 15:26:42 | INFO | Oferta duplicada omitida: https://www.magneto365.com/co/empleos/desarrollador-a-mobile-react-native-bogota-913246
2026-05-08 15:26:42 | INFO | Oferta duplicada omitida: https://www.magneto365.com/co/empleos/analista-tecnico-senior-bilingue-b2c1-java-react-react-native-remoto-bogota-887625
2026-05-08 15:26:42 | INFO | Oferta duplicada omitida: https://www.magneto365.com/co/empleos/desarrollador-senior-full-stack-bilingue-java-react-remoto-bogota-892791
2026-05-08 15:26:42 | INFO | Oferta duplicada omitida: https://www.magneto365.com/co/empleos/desarrollador-de-software-909610
2026-05-08 15:26:42 | INFO | Oferta duplicada omitida: https://www.magneto365.com/co/empleos/senior-data-engineer-1626494698-8-892405
2026-05-08 15:26:42 | INFO | Oferta duplicada omitida: https://www.magneto365.com/co/empleos/ingeniero-devops-mid-junior-899771
2026-05-08 15:26:42 | INFO | Oferta duplicada omitida: https://www.magneto365.com/co/empleos/analista-qa-882273
2026-05-08 15:26:42 | INFO | Oferta duplicada omitida: https://www.magneto365.com/co/empleos/desarrollador-fullstack-senior-hibrido-en-cali-895467
2026-05-08 15:26:42 | INFO | Oferta duplicada omitida: https://www.magneto365.com/co/empleos/desarrollador-fullstack-en-hidrocarburos-python-java-891227
2026-05-08 15:26:42 | INFO | Oferta duplicada omitida: https://www.magneto365.com/co/empleos/desarrollador-fullstack-senior-hibrido-en-cali-848809
2026-05-08 15:26:42 | INFO | Oferta duplicada omitida: https://www.magneto365.com/co/empleos/desarrollador-fullstack-senior-829393
2026-05-08 15:26:42 | INFO | Oferta duplicada omitida: https://www.magneto365.com/co/empleos/desarrollador-php-freelance-884817
2026-05-08 15:26:42 | INFO | Oferta duplicada omitida: https://www.magneto365.com/co/empleos/desarrollador-a-de-software-891058
2026-05-08 15:26:42 | INFO | Oferta duplicada omitida: https://www.magneto365.com/co/empleos/desarrollador-frontend-y-gestion-de-contenido-medellin-884727
2026-05-08 15:26:42 | INFO | Oferta duplicada omitida: https://www.magneto365.com/co/empleos/desarrollador-frontend-webmaster-847312
2026-05-08 15:26:42 | INFO | Oferta duplicada omitida: https://www.magneto365.com/co/empleos/senior-frontend-engineer-907809
2026-05-08 15:26:42 | INFO | Oferta duplicada omitida: https://www.magneto365.com/co/empleos/desarrollador-front-end-ecommerce-897233
2026-05-08 15:26:42 | INFO | Oferta duplicada omitida: https://www.magneto365.com/co/empleos/desarrollador-backend-912569
2026-05-08 15:26:42 | INFO | Oferta duplicada omitida: https://www.magneto365.com/co/empleos/desarrollador-backend-oracle-plsql-hxgn-eam-galapa-907640
2026-05-08 15:26:42 | INFO | Oferta duplicada omitida: https://www.magneto365.com/co/empleos/desarrollador-backend-884791
2026-05-08 15:26:42 | INFO | Oferta duplicada omitida: https://www.magneto365.com/co/empleos/desarrollador-senior-java-spring-boot-y-python-remoto-colombia-899477
2026-05-08 15:26:42 | INFO | Oferta duplicada omitida: https://www.magneto365.com/co/empleos/desarrollador-full-stack-895178
2026-05-08 15:26:42 | INFO | Oferta duplicada omitida: https://www.magneto365.com/co/empleos/especialista-i-desarrollador-pco-886336
2026-05-08 15:26:42 | INFO | Oferta duplicada omitida: https://www.magneto365.com/co/empleos/desarrollador-full-stack-python-react-ia-cali-908099
2026-05-08 15:26:42 | INFO | Oferta duplicada omitida: https://www.magneto365.com/co/empleos/desarrollador-senior-full-stack-909405
2026-05-08 15:26:42 | INFO | Oferta duplicada omitida: https://www.magneto365.com/co/empleos/desarrolladorprogramador-bi-financiera-888680
2026-05-08 15:26:42 | INFO | Oferta duplicada omitida: https://www.magneto365.com/co/empleos/desarrollador-especialista-de-software-medellin-843102
2026-05-08 15:26:42 | INFO | Oferta duplicada omitida: https://www.magneto365.com/co/empleos/desarrollador-de-software-835075
2026-05-08 15:26:42 | INFO | Oferta duplicada omitida: https://www.magneto365.com/co/empleos/ingeniero-a-tecnologia-talento-que-transforma-913134
2026-05-08 15:26:42 | INFO | Oferta duplicada omitida: https://www.magneto365.com/co/empleos/tester-qa-pruebas-de-software-hibrido-bogota-908108
2026-05-08 15:26:42 | INFO | Oferta duplicada omitida: https://www.magneto365.com/co/empleos/coordinadora-de-servicios-de-desarrollo-de-software-1626119083-2-900284
2026-05-08 15:26:42 | INFO | Oferta duplicada omitida: https://www.magneto365.com/co/empleos/arquitecto-de-software-899087
2026-05-08 15:26:42 | INFO | Oferta duplicada omitida: https://www.magneto365.com/co/empleos/lider-tecnico-desarrollo-software-java-888526
2026-05-08 15:26:42 | INFO | Oferta duplicada omitida: https://www.magneto365.com/co/empleos/arquitecto-de-software-para-transformacion-digital-en-salud-y-contabilidad-886496
2026-05-08 15:26:42 | INFO | Oferta duplicada omitida: https://www.magneto365.com/co/empleos/arquitecto-de-software-822827
2026-05-08 15:26:42 | INFO | Oferta duplicada omitida: https://www.magneto365.com/co/empleos/practicante-sistemas-de-informacion-base-comercial-895470
2026-05-08 15:26:42 | INFO | Oferta duplicada omitida: https://www.magneto365.com/co/empleos/desarrollador-de-software-lider-microservicios-remoto-894672
2026-05-08 15:26:42 | INFO | Oferta duplicada omitida: https://www.magneto365.com/co/empleos/analista-tecnico-senior-desarrollo-de-software-bilingue-884537
2026-05-08 15:26:42 | INFO | Oferta duplicada omitida: https://www.magneto365.com/co/empleos/practicante-ingenieria-de-sistemas-desarrollo-y-soporte-ti-bogota-901179
2026-05-08 15:26:42 | INFO | Oferta duplicada omitida: https://www.magneto365.com/co/empleos/practicante-profesional-ingenieria-de-sistemas-medellin-899409
2026-05-08 15:26:42 | INFO | Oferta duplicada omitida: https://www.magneto365.com/co/empleos/practicante-chatbot-contratacion-y-colaboradores-whatsapp-895458
2026-05-08 15:26:42 | INFO | Oferta duplicada omitida: https://www.magneto365.com/co/empleos/analista-desarrollo-comercial-ii-bogota-899720
2026-05-08 15:26:42 | INFO | Oferta duplicada omitida: https://www.magneto365.com/co/empleos/analista-de-desarrollo-de-software-net-angular-sql-server-colombia-914543
2026-05-08 15:26:42 | INFO | Oferta duplicada omitida: https://www.magneto365.com/co/empleos/analista-de-ingenieria-desarrollo-de-producto-industrial-914466
2026-05-08 15:26:42 | INFO | Oferta duplicada omitida: https://www.magneto365.com/co/empleos/analista-de-desarrollo-logistico-908067
2026-05-08 15:26:42 | INFO | Oferta duplicada omitida: https://www.magneto365.com/co/empleos/analista-de-desarrollo-de-productos-industria-colombia-906038
2026-05-08 15:26:42 | INFO | Oferta duplicada omitida: https://www.magneto365.com/co/empleos/analista-de-formacion-y-desarrollo-de-talento-905159
2026-05-08 15:26:42 | INFO | Oferta duplicada omitida: https://www.magneto365.com/co/empleos/analista-de-cultura-y-desarrollo-temporal-por-licencia-de-maternidad-901840
2026-05-08 15:26:42 | INFO | Oferta duplicada omitida: https://www.magneto365.com/co/empleos/analista-de-automatizacion-y-desarrollo-termino-fijo-900710
2026-05-08 15:26:42 | INFO | Oferta duplicada omitida: https://www.magneto365.com/co/empleos/analista-de-desarrollo-de-software-1626071855-68-897977
2026-05-08 15:26:42 | INFO | Oferta duplicada omitida: https://www.magneto365.com/co/empleos/analista-de-desarrollo-humano-897395
2026-05-08 15:26:42 | INFO | Oferta duplicada omitida: https://www.magneto365.com/co/empleos/analista-de-atraccion-cultura-y-desarrollo-1626073720-39-887030
2026-05-08 15:26:42 | INFO | Oferta duplicada omitida: https://www.magneto365.com/co/empleos/desarrolladora-de-software-1626142096-3-908837
2026-05-08 15:26:42 | INFO | Oferta duplicada omitida: https://www.magneto365.com/co/empleos/ceid-desarrolladora-de-software-senior-rpa-905848
2026-05-08 15:26:42 | INFO | Oferta duplicada omitida: https://www.magneto365.com/co/empleos/desarrolladora-de-software-qa-1626436242-51-906064
2026-05-08 15:26:42 | INFO | Oferta duplicada omitida: https://www.magneto365.com/co/empleos/ceid-desarrollador-de-software-semisenior-1626492604-5-891596
2026-05-08 15:26:42 | INFO | Oferta duplicada omitida: https://www.magneto365.com/co/empleos/desarrollador-de-negocios-bogota-910216
2026-05-08 15:26:42 | INFO | Oferta duplicada omitida: https://www.magneto365.com/co/empleos/desarrollador-mid-level-sprint-contributor-902838
2026-05-08 15:26:42 | INFO | Oferta duplicada omitida: https://www.magneto365.com/co/empleos/desarrolladora-fronted-1626040293-334-896881
2026-05-08 15:26:42 | INFO | Oferta duplicada omitida: https://www.magneto365.com/co/empleos/programador-de-publicidad-digital-893246
2026-05-08 15:26:42 | INFO | Oferta duplicada omitida: https://www.magneto365.com/co/empleos/programador-tornero-cnc-puente-aranda-891925
2026-05-08 15:26:42 | INFO | Oferta duplicada omitida: https://www.magneto365.com/co/empleos/programador-de-flota-33303-886852
2026-05-08 15:26:42 | INFO | Oferta duplicada omitida: https://www.magneto365.com/co/empleos/instrumentador-quirurgico-888639
2026-05-08 15:26:42 | INFO | Oferta duplicada omitida: https://www.magneto365.com/co/empleos/analista-de-programacion-de-turnos-en-empresas-de-seguridad-881373
2026-05-08 15:26:42 | INFO | Oferta duplicada omitida: https://www.magneto365.com/co/empleos/integracion-automatizacion-control-ensamble-832860
2026-05-08 15:26:42 | INFO | Oferta duplicada omitida: https://www.magneto365.com/co/empleos/lider-de-planeacion-y-programacion-de-produccion-colombia-894342
2026-05-08 15:26:42 | INFO | Resumen ciclo | revisadas=80 | aplicadas=0 | errores=0 | omitidas=80
2026-05-08 15:26:42 | INFO | Esperando 180 segundos para el siguiente ciclo...
2026-05-08 15:29:42 | INFO | --------------------------------------------------------------------------------
2026-05-08 15:29:42 | INFO | Iniciando ciclo #12
2026-05-08 15:29:42 | INFO | Buscando en Magneto: https://www.magneto365.com/co/trabajos/buscar/full-stack-developer
2026-05-08 15:29:43 | INFO | Ofertas extraídas de Magneto: 8
2026-05-08 15:29:43 | INFO | Buscando en Magneto: https://www.magneto365.com/co/trabajos/buscar/fullstack-developer
2026-05-08 15:29:47 | INFO | Ofertas extraídas de Magneto: 6
2026-05-08 15:29:47 | INFO | Buscando en Magneto: https://www.magneto365.com/co/trabajos/buscar/frontend-developer
2026-05-08 15:29:48 | INFO | Ofertas extraídas de Magneto: 1
2026-05-08 15:29:48 | INFO | Buscando en Magneto: https://www.magneto365.com/co/trabajos/buscar/backend-developer
2026-05-08 15:29:49 | INFO | Ofertas extraídas de Magneto: 4
2026-05-08 15:29:49 | INFO | Buscando en Magneto: https://www.magneto365.com/co/trabajos/buscar/react-developer
2026-05-08 15:29:50 | INFO | Ofertas extraídas de Magneto: 6
2026-05-08 15:29:50 | INFO | Buscando en Magneto: https://www.magneto365.com/co/trabajos/buscar/react-native
2026-05-08 15:29:50 | INFO | Ofertas extraídas de Magneto: 3
2026-05-08 15:29:50 | INFO | Buscando en Magneto: https://www.magneto365.com/co/trabajos/buscar/node-js-developer
2026-05-08 15:30:11 | INFO | No se encontraron resultados visibles en la búsqueda actual.
2026-05-08 15:30:11 | INFO | Ofertas extraídas de Magneto: 0
2026-05-08 15:30:11 | INFO | Busqueda por URL sin resultados. Usando pagina de ciudad para: Node.js Developer
2026-05-08 15:30:13 | INFO | Ofertas extraídas de Magneto: 0
2026-05-08 15:30:13 | INFO | Buscando en Magneto: https://www.magneto365.com/co/trabajos/buscar/javascript-developer
2026-05-08 15:30:14 | INFO | Ofertas extraídas de Magneto: 6
2026-05-08 15:30:14 | INFO | Buscando en Magneto: https://www.magneto365.com/co/trabajos/buscar/typescript-developer
2026-05-08 15:30:35 | INFO | No se encontraron resultados visibles en la búsqueda actual.
2026-05-08 15:30:35 | INFO | Ofertas extraídas de Magneto: 0
2026-05-08 15:30:35 | INFO | Busqueda por URL sin resultados. Usando pagina de ciudad para: TypeScript Developer
2026-05-08 15:30:37 | INFO | Ofertas extraídas de Magneto: 0
2026-05-08 15:30:37 | INFO | Buscando en Magneto: https://www.magneto365.com/co/trabajos/buscar/software-engineer
2026-05-08 15:30:38 | INFO | Ofertas extraídas de Magneto: 6
2026-05-08 15:30:38 | INFO | Buscando en Magneto: https://www.magneto365.com/co/trabajos/buscar/desarrollador-fullstack
2026-05-08 15:30:39 | INFO | Ofertas extraídas de Magneto: 12
2026-05-08 15:30:39 | INFO | Buscando en Magneto: https://www.magneto365.com/co/trabajos/buscar/desarrollador-frontend
2026-05-08 15:30:40 | INFO | Ofertas extraídas de Magneto: 5
2026-05-08 15:30:40 | INFO | Buscando en Magneto: https://www.magneto365.com/co/trabajos/buscar/desarrollador-backend
2026-05-08 15:30:41 | INFO | Ofertas extraídas de Magneto: 10
2026-05-08 15:30:41 | INFO | Buscando en Magneto: https://www.magneto365.com/co/trabajos/buscar/desarrollador-react
2026-05-08 15:30:42 | INFO | Ofertas extraídas de Magneto: 13
2026-05-08 15:30:42 | INFO | Buscando en Magneto: https://www.magneto365.com/co/trabajos/buscar/desarrollador-javascript
2026-05-08 15:30:43 | INFO | Ofertas extraídas de Magneto: 11
2026-05-08 15:30:43 | INFO | Buscando en Magneto: https://www.magneto365.com/co/trabajos/buscar/desarrollador-typescript
2026-05-08 15:30:44 | INFO | Ofertas extraídas de Magneto: 1
2026-05-08 15:30:44 | INFO | Buscando en Magneto: https://www.magneto365.com/co/trabajos/buscar/desarrollador-node
2026-05-08 15:30:45 | INFO | Ofertas extraídas de Magneto: 2
2026-05-08 15:30:45 | INFO | Buscando en Magneto: https://www.magneto365.com/co/trabajos/buscar/ingeniero-software
2026-05-08 15:30:46 | INFO | Ofertas extraídas de Magneto: 17
2026-05-08 15:30:46 | INFO | Buscando en Magneto: https://www.magneto365.com/co/trabajos/buscar/analista-desarrollo
2026-05-08 15:30:48 | INFO | Ofertas extraídas de Magneto: 12
2026-05-08 15:30:48 | INFO | Buscando en Magneto: https://www.magneto365.com/co/trabajos/buscar/desarrollador-software
2026-05-08 15:30:49 | INFO | Ofertas extraídas de Magneto: 19
2026-05-08 15:30:49 | INFO | Buscando en Magneto: https://www.magneto365.com/co/trabajos/buscar/programador
2026-05-08 15:30:50 | INFO | Ofertas extraídas de Magneto: 17
2026-05-08 15:30:50 | INFO | Oferta duplicada omitida: https://www.magneto365.com/co/empleos/full-stack-developer-1626494698-9-912135
2026-05-08 15:30:50 | INFO | Oferta duplicada omitida: https://www.magneto365.com/co/empleos/desarrollador-ti-911545
2026-05-08 15:30:50 | INFO | Oferta duplicada omitida: https://www.magneto365.com/co/empleos/desarrollador-full-stack-895702
2026-05-08 15:30:50 | INFO | Oferta duplicada omitida: https://www.magneto365.com/co/empleos/desarrollador-full-896787
2026-05-08 15:30:50 | INFO | Oferta duplicada omitida: https://www.magneto365.com/co/empleos/desarrollador-fullstack-javascriptnode-js-colombia-906260
2026-05-08 15:30:50 | INFO | Oferta duplicada omitida: https://www.magneto365.com/co/empleos/desarrollador-de-software-con-enfoque-en-inteligencia-artificial-899657
2026-05-08 15:30:50 | INFO | Oferta duplicada omitida: https://www.magneto365.com/co/empleos/desarrollador-de-software-ia-javascript-react-bucaramanga-913803
2026-05-08 15:30:50 | INFO | Oferta duplicada omitida: https://www.magneto365.com/co/empleos/desarrollador-python-bogota-909596
2026-05-08 15:30:50 | INFO | Oferta duplicada omitida: https://www.magneto365.com/co/empleos/desarrolladora-fullstack-896069
2026-05-08 15:30:50 | INFO | Oferta duplicada omitida: https://www.magneto365.com/co/empleos/desarrollador-fullstack-884799
2026-05-08 15:30:50 | INFO | Oferta duplicada omitida: https://www.magneto365.com/co/empleos/ingeniero-fullstack-senior-net-flutter-angular-teletrabajo-en-colombia-882683
2026-05-08 15:30:50 | INFO | Oferta duplicada omitida: https://www.magneto365.com/co/empleos/desarrollador-fullstack-senior-net-react-teletrabajo-colombia-889531
2026-05-08 15:30:50 | INFO | Oferta duplicada omitida: https://www.magneto365.com/co/empleos/desarrollador-fullstack-medellin-846369
2026-05-08 15:30:50 | INFO | Oferta duplicada omitida: https://www.magneto365.com/co/empleos/desarrollador-backend-senior-python-897964
2026-05-08 15:30:50 | INFO | Oferta duplicada omitida: https://www.magneto365.com/co/empleos/desarrollador-a-mobile-react-native-bogota-913246
2026-05-08 15:30:50 | INFO | Oferta duplicada omitida: https://www.magneto365.com/co/empleos/analista-tecnico-senior-bilingue-b2c1-java-react-react-native-remoto-bogota-887625
2026-05-08 15:30:50 | INFO | Oferta duplicada omitida: https://www.magneto365.com/co/empleos/desarrollador-senior-full-stack-bilingue-java-react-remoto-bogota-892791
2026-05-08 15:30:50 | INFO | Oferta duplicada omitida: https://www.magneto365.com/co/empleos/desarrollador-de-software-909610
2026-05-08 15:30:50 | INFO | Oferta duplicada omitida: https://www.magneto365.com/co/empleos/senior-data-engineer-1626494698-8-892405
2026-05-08 15:30:50 | INFO | Oferta duplicada omitida: https://www.magneto365.com/co/empleos/ingeniero-devops-mid-junior-899771
2026-05-08 15:30:50 | INFO | Oferta duplicada omitida: https://www.magneto365.com/co/empleos/analista-qa-882273
2026-05-08 15:30:50 | INFO | Oferta duplicada omitida: https://www.magneto365.com/co/empleos/desarrollador-fullstack-senior-hibrido-en-cali-895467
2026-05-08 15:30:50 | INFO | Oferta duplicada omitida: https://www.magneto365.com/co/empleos/desarrollador-fullstack-en-hidrocarburos-python-java-891227
2026-05-08 15:30:50 | INFO | Oferta duplicada omitida: https://www.magneto365.com/co/empleos/desarrollador-fullstack-senior-hibrido-en-cali-848809
2026-05-08 15:30:50 | INFO | Oferta duplicada omitida: https://www.magneto365.com/co/empleos/desarrollador-fullstack-senior-829393
2026-05-08 15:30:50 | INFO | Oferta duplicada omitida: https://www.magneto365.com/co/empleos/desarrollador-php-freelance-884817
2026-05-08 15:30:50 | INFO | Oferta duplicada omitida: https://www.magneto365.com/co/empleos/desarrollador-a-de-software-891058
2026-05-08 15:30:50 | INFO | Oferta duplicada omitida: https://www.magneto365.com/co/empleos/desarrollador-frontend-y-gestion-de-contenido-medellin-884727
2026-05-08 15:30:50 | INFO | Oferta duplicada omitida: https://www.magneto365.com/co/empleos/desarrollador-frontend-webmaster-847312
2026-05-08 15:30:50 | INFO | Oferta duplicada omitida: https://www.magneto365.com/co/empleos/senior-frontend-engineer-907809
2026-05-08 15:30:50 | INFO | Oferta duplicada omitida: https://www.magneto365.com/co/empleos/desarrollador-front-end-ecommerce-897233
2026-05-08 15:30:50 | INFO | Oferta duplicada omitida: https://www.magneto365.com/co/empleos/desarrollador-backend-912569
2026-05-08 15:30:50 | INFO | Oferta duplicada omitida: https://www.magneto365.com/co/empleos/desarrollador-backend-oracle-plsql-hxgn-eam-galapa-907640
2026-05-08 15:30:50 | INFO | Oferta duplicada omitida: https://www.magneto365.com/co/empleos/desarrollador-backend-884791
2026-05-08 15:30:50 | INFO | Oferta duplicada omitida: https://www.magneto365.com/co/empleos/desarrollador-senior-java-spring-boot-y-python-remoto-colombia-899477
2026-05-08 15:30:50 | INFO | Oferta duplicada omitida: https://www.magneto365.com/co/empleos/desarrollador-full-stack-895178
2026-05-08 15:30:50 | INFO | Oferta duplicada omitida: https://www.magneto365.com/co/empleos/especialista-i-desarrollador-pco-886336
2026-05-08 15:30:50 | INFO | Oferta duplicada omitida: https://www.magneto365.com/co/empleos/desarrollador-full-stack-python-react-ia-cali-908099
2026-05-08 15:30:50 | INFO | Oferta duplicada omitida: https://www.magneto365.com/co/empleos/desarrollador-senior-full-stack-909405
2026-05-08 15:30:50 | INFO | Oferta duplicada omitida: https://www.magneto365.com/co/empleos/desarrolladorprogramador-bi-financiera-888680
2026-05-08 15:30:50 | INFO | Oferta duplicada omitida: https://www.magneto365.com/co/empleos/desarrollador-especialista-de-software-medellin-843102
2026-05-08 15:30:50 | INFO | Oferta duplicada omitida: https://www.magneto365.com/co/empleos/desarrollador-de-software-835075
2026-05-08 15:30:50 | INFO | Oferta duplicada omitida: https://www.magneto365.com/co/empleos/ingeniero-a-tecnologia-talento-que-transforma-913134
2026-05-08 15:30:50 | INFO | Oferta duplicada omitida: https://www.magneto365.com/co/empleos/tester-qa-pruebas-de-software-hibrido-bogota-908108
2026-05-08 15:30:50 | INFO | Oferta duplicada omitida: https://www.magneto365.com/co/empleos/coordinadora-de-servicios-de-desarrollo-de-software-1626119083-2-900284
2026-05-08 15:30:50 | INFO | Oferta duplicada omitida: https://www.magneto365.com/co/empleos/arquitecto-de-software-899087
2026-05-08 15:30:50 | INFO | Oferta duplicada omitida: https://www.magneto365.com/co/empleos/lider-tecnico-desarrollo-software-java-888526
2026-05-08 15:30:50 | INFO | Oferta duplicada omitida: https://www.magneto365.com/co/empleos/arquitecto-de-software-para-transformacion-digital-en-salud-y-contabilidad-886496
2026-05-08 15:30:50 | INFO | Oferta duplicada omitida: https://www.magneto365.com/co/empleos/arquitecto-de-software-822827
2026-05-08 15:30:50 | INFO | Oferta duplicada omitida: https://www.magneto365.com/co/empleos/practicante-sistemas-de-informacion-base-comercial-895470
2026-05-08 15:30:50 | INFO | Oferta duplicada omitida: https://www.magneto365.com/co/empleos/desarrollador-de-software-lider-microservicios-remoto-894672
2026-05-08 15:30:50 | INFO | Oferta duplicada omitida: https://www.magneto365.com/co/empleos/analista-tecnico-senior-desarrollo-de-software-bilingue-884537
2026-05-08 15:30:50 | INFO | Oferta duplicada omitida: https://www.magneto365.com/co/empleos/practicante-ingenieria-de-sistemas-desarrollo-y-soporte-ti-bogota-901179
2026-05-08 15:30:50 | INFO | Oferta duplicada omitida: https://www.magneto365.com/co/empleos/practicante-profesional-ingenieria-de-sistemas-medellin-899409
2026-05-08 15:30:50 | INFO | Oferta duplicada omitida: https://www.magneto365.com/co/empleos/practicante-chatbot-contratacion-y-colaboradores-whatsapp-895458
2026-05-08 15:30:50 | INFO | Oferta duplicada omitida: https://www.magneto365.com/co/empleos/analista-desarrollo-comercial-ii-bogota-899720
2026-05-08 15:30:50 | INFO | Oferta duplicada omitida: https://www.magneto365.com/co/empleos/analista-de-desarrollo-de-software-net-angular-sql-server-colombia-914543
2026-05-08 15:30:50 | INFO | Oferta duplicada omitida: https://www.magneto365.com/co/empleos/analista-de-ingenieria-desarrollo-de-producto-industrial-914466
2026-05-08 15:30:50 | INFO | Oferta duplicada omitida: https://www.magneto365.com/co/empleos/analista-de-desarrollo-logistico-908067
2026-05-08 15:30:50 | INFO | Oferta duplicada omitida: https://www.magneto365.com/co/empleos/analista-de-desarrollo-de-productos-industria-colombia-906038
2026-05-08 15:30:50 | INFO | Oferta duplicada omitida: https://www.magneto365.com/co/empleos/analista-de-formacion-y-desarrollo-de-talento-905159
2026-05-08 15:30:50 | INFO | Oferta duplicada omitida: https://www.magneto365.com/co/empleos/analista-de-cultura-y-desarrollo-temporal-por-licencia-de-maternidad-901840
2026-05-08 15:30:50 | INFO | Oferta duplicada omitida: https://www.magneto365.com/co/empleos/analista-de-automatizacion-y-desarrollo-termino-fijo-900710
2026-05-08 15:30:50 | INFO | Oferta duplicada omitida: https://www.magneto365.com/co/empleos/analista-de-desarrollo-de-software-1626071855-68-897977
2026-05-08 15:30:50 | INFO | Oferta duplicada omitida: https://www.magneto365.com/co/empleos/analista-de-desarrollo-humano-897395
2026-05-08 15:30:50 | INFO | Oferta duplicada omitida: https://www.magneto365.com/co/empleos/analista-de-atraccion-cultura-y-desarrollo-1626073720-39-887030
2026-05-08 15:30:50 | INFO | Oferta duplicada omitida: https://www.magneto365.com/co/empleos/desarrolladora-de-software-1626142096-3-908837
2026-05-08 15:30:50 | INFO | Oferta duplicada omitida: https://www.magneto365.com/co/empleos/ceid-desarrolladora-de-software-senior-rpa-905848
2026-05-08 15:30:50 | INFO | Oferta duplicada omitida: https://www.magneto365.com/co/empleos/desarrolladora-de-software-qa-1626436242-51-906064
2026-05-08 15:30:50 | INFO | Oferta duplicada omitida: https://www.magneto365.com/co/empleos/ceid-desarrollador-de-software-semisenior-1626492604-5-891596
2026-05-08 15:30:50 | INFO | Oferta duplicada omitida: https://www.magneto365.com/co/empleos/desarrollador-de-negocios-bogota-910216
2026-05-08 15:30:50 | INFO | Oferta duplicada omitida: https://www.magneto365.com/co/empleos/desarrollador-mid-level-sprint-contributor-902838
2026-05-08 15:30:50 | INFO | Oferta duplicada omitida: https://www.magneto365.com/co/empleos/desarrolladora-fronted-1626040293-334-896881
2026-05-08 15:30:50 | INFO | Oferta duplicada omitida: https://www.magneto365.com/co/empleos/programador-de-publicidad-digital-893246
2026-05-08 15:30:50 | INFO | Oferta duplicada omitida: https://www.magneto365.com/co/empleos/programador-tornero-cnc-puente-aranda-891925
2026-05-08 15:30:50 | INFO | Oferta duplicada omitida: https://www.magneto365.com/co/empleos/programador-de-flota-33303-886852
2026-05-08 15:30:50 | INFO | Oferta duplicada omitida: https://www.magneto365.com/co/empleos/instrumentador-quirurgico-888639
2026-05-08 15:30:50 | INFO | Oferta duplicada omitida: https://www.magneto365.com/co/empleos/analista-de-programacion-de-turnos-en-empresas-de-seguridad-881373
2026-05-08 15:30:50 | INFO | Oferta duplicada omitida: https://www.magneto365.com/co/empleos/integracion-automatizacion-control-ensamble-832860
2026-05-08 15:30:50 | INFO | Oferta duplicada omitida: https://www.magneto365.com/co/empleos/lider-de-planeacion-y-programacion-de-produccion-colombia-894342
2026-05-08 15:30:50 | INFO | Resumen ciclo | revisadas=80 | aplicadas=0 | errores=0 | omitidas=80
2026-05-08 15:30:50 | INFO | Esperando 180 segundos para el siguiente ciclo...
2026-05-08 15:33:50 | INFO | --------------------------------------------------------------------------------
2026-05-08 15:33:50 | INFO | Iniciando ciclo #13
2026-05-08 15:33:50 | INFO | Buscando en Magneto: https://www.magneto365.com/co/trabajos/buscar/full-stack-developer
2026-05-08 15:33:52 | INFO | Ofertas extraídas de Magneto: 8
2026-05-08 15:33:52 | INFO | Buscando en Magneto: https://www.magneto365.com/co/trabajos/buscar/fullstack-developer
2026-05-08 15:33:53 | INFO | Ofertas extraídas de Magneto: 6
2026-05-08 15:33:53 | INFO | Buscando en Magneto: https://www.magneto365.com/co/trabajos/buscar/frontend-developer
2026-05-08 15:33:54 | INFO | Ofertas extraídas de Magneto: 1
2026-05-08 15:33:54 | INFO | Buscando en Magneto: https://www.magneto365.com/co/trabajos/buscar/backend-developer
2026-05-08 15:33:55 | INFO | Ofertas extraídas de Magneto: 4
2026-05-08 15:33:55 | INFO | Buscando en Magneto: https://www.magneto365.com/co/trabajos/buscar/react-developer
2026-05-08 15:33:56 | INFO | Ofertas extraídas de Magneto: 6
2026-05-08 15:33:56 | INFO | Buscando en Magneto: https://www.magneto365.com/co/trabajos/buscar/react-native
2026-05-08 15:33:56 | INFO | Ofertas extraídas de Magneto: 3
2026-05-08 15:33:56 | INFO | Buscando en Magneto: https://www.magneto365.com/co/trabajos/buscar/node-js-developer
2026-05-08 15:34:17 | INFO | No se encontraron resultados visibles en la búsqueda actual.
2026-05-08 15:34:17 | INFO | Ofertas extraídas de Magneto: 0
2026-05-08 15:34:17 | INFO | Busqueda por URL sin resultados. Usando pagina de ciudad para: Node.js Developer
2026-05-08 15:34:19 | INFO | Ofertas extraídas de Magneto: 0
2026-05-08 15:34:19 | INFO | Buscando en Magneto: https://www.magneto365.com/co/trabajos/buscar/javascript-developer
2026-05-08 15:34:20 | INFO | Ofertas extraídas de Magneto: 6
2026-05-08 15:34:20 | INFO | Buscando en Magneto: https://www.magneto365.com/co/trabajos/buscar/typescript-developer
2026-05-08 15:34:41 | INFO | No se encontraron resultados visibles en la búsqueda actual.
2026-05-08 15:34:41 | INFO | Ofertas extraídas de Magneto: 0
2026-05-08 15:34:41 | INFO | Busqueda por URL sin resultados. Usando pagina de ciudad para: TypeScript Developer
2026-05-08 15:34:42 | INFO | Ofertas extraídas de Magneto: 0
2026-05-08 15:34:42 | INFO | Buscando en Magneto: https://www.magneto365.com/co/trabajos/buscar/software-engineer
2026-05-08 15:34:43 | INFO | Ofertas extraídas de Magneto: 6
2026-05-08 15:34:43 | INFO | Buscando en Magneto: https://www.magneto365.com/co/trabajos/buscar/desarrollador-fullstack
2026-05-08 15:34:44 | INFO | Ofertas extraídas de Magneto: 12
2026-05-08 15:34:44 | INFO | Buscando en Magneto: https://www.magneto365.com/co/trabajos/buscar/desarrollador-frontend
2026-05-08 15:34:45 | INFO | Ofertas extraídas de Magneto: 5
2026-05-08 15:34:45 | INFO | Buscando en Magneto: https://www.magneto365.com/co/trabajos/buscar/desarrollador-backend
2026-05-08 15:34:46 | INFO | Ofertas extraídas de Magneto: 10
2026-05-08 15:34:46 | INFO | Buscando en Magneto: https://www.magneto365.com/co/trabajos/buscar/desarrollador-react
2026-05-08 15:34:47 | INFO | Ofertas extraídas de Magneto: 13
2026-05-08 15:34:47 | INFO | Buscando en Magneto: https://www.magneto365.com/co/trabajos/buscar/desarrollador-javascript
2026-05-08 15:34:49 | INFO | Ofertas extraídas de Magneto: 11
2026-05-08 15:34:49 | INFO | Buscando en Magneto: https://www.magneto365.com/co/trabajos/buscar/desarrollador-typescript
2026-05-08 15:34:50 | INFO | Ofertas extraídas de Magneto: 1
2026-05-08 15:34:50 | INFO | Buscando en Magneto: https://www.magneto365.com/co/trabajos/buscar/desarrollador-node
2026-05-08 15:34:50 | INFO | Ofertas extraídas de Magneto: 2
2026-05-08 15:34:50 | INFO | Buscando en Magneto: https://www.magneto365.com/co/trabajos/buscar/ingeniero-software
2026-05-08 15:34:52 | INFO | Ofertas extraídas de Magneto: 17
2026-05-08 15:34:52 | INFO | Buscando en Magneto: https://www.magneto365.com/co/trabajos/buscar/analista-desarrollo
2026-05-08 15:34:53 | INFO | Ofertas extraídas de Magneto: 12
2026-05-08 15:34:53 | INFO | Buscando en Magneto: https://www.magneto365.com/co/trabajos/buscar/desarrollador-software
2026-05-08 15:34:54 | INFO | Ofertas extraídas de Magneto: 19
2026-05-08 15:34:54 | INFO | Buscando en Magneto: https://www.magneto365.com/co/trabajos/buscar/programador
2026-05-08 15:34:56 | INFO | Ofertas extraídas de Magneto: 17
2026-05-08 15:34:56 | INFO | Oferta duplicada omitida: https://www.magneto365.com/co/empleos/full-stack-developer-1626494698-9-912135
2026-05-08 15:34:56 | INFO | Oferta duplicada omitida: https://www.magneto365.com/co/empleos/desarrollador-ti-911545
2026-05-08 15:34:56 | INFO | Oferta duplicada omitida: https://www.magneto365.com/co/empleos/desarrollador-full-stack-895702
2026-05-08 15:34:56 | INFO | Oferta duplicada omitida: https://www.magneto365.com/co/empleos/desarrollador-full-896787
2026-05-08 15:34:56 | INFO | Oferta duplicada omitida: https://www.magneto365.com/co/empleos/desarrollador-fullstack-javascriptnode-js-colombia-906260
2026-05-08 15:34:56 | INFO | Oferta duplicada omitida: https://www.magneto365.com/co/empleos/desarrollador-de-software-con-enfoque-en-inteligencia-artificial-899657
2026-05-08 15:34:56 | INFO | Oferta duplicada omitida: https://www.magneto365.com/co/empleos/desarrollador-de-software-ia-javascript-react-bucaramanga-913803
2026-05-08 15:34:56 | INFO | Oferta duplicada omitida: https://www.magneto365.com/co/empleos/desarrollador-python-bogota-909596
2026-05-08 15:34:56 | INFO | Oferta duplicada omitida: https://www.magneto365.com/co/empleos/desarrolladora-fullstack-896069
2026-05-08 15:34:56 | INFO | Oferta duplicada omitida: https://www.magneto365.com/co/empleos/desarrollador-fullstack-884799
2026-05-08 15:34:56 | INFO | Oferta duplicada omitida: https://www.magneto365.com/co/empleos/ingeniero-fullstack-senior-net-flutter-angular-teletrabajo-en-colombia-882683
2026-05-08 15:34:56 | INFO | Oferta duplicada omitida: https://www.magneto365.com/co/empleos/desarrollador-fullstack-senior-net-react-teletrabajo-colombia-889531
2026-05-08 15:34:56 | INFO | Oferta duplicada omitida: https://www.magneto365.com/co/empleos/desarrollador-fullstack-medellin-846369
2026-05-08 15:34:56 | INFO | Oferta duplicada omitida: https://www.magneto365.com/co/empleos/desarrollador-backend-senior-python-897964
2026-05-08 15:34:56 | INFO | Oferta duplicada omitida: https://www.magneto365.com/co/empleos/desarrollador-a-mobile-react-native-bogota-913246
2026-05-08 15:34:56 | INFO | Oferta duplicada omitida: https://www.magneto365.com/co/empleos/analista-tecnico-senior-bilingue-b2c1-java-react-react-native-remoto-bogota-887625
2026-05-08 15:34:56 | INFO | Oferta duplicada omitida: https://www.magneto365.com/co/empleos/desarrollador-senior-full-stack-bilingue-java-react-remoto-bogota-892791
2026-05-08 15:34:56 | INFO | Oferta duplicada omitida: https://www.magneto365.com/co/empleos/desarrollador-de-software-909610
2026-05-08 15:34:56 | INFO | Oferta duplicada omitida: https://www.magneto365.com/co/empleos/senior-data-engineer-1626494698-8-892405
2026-05-08 15:34:56 | INFO | Oferta duplicada omitida: https://www.magneto365.com/co/empleos/ingeniero-devops-mid-junior-899771
2026-05-08 15:34:56 | INFO | Oferta duplicada omitida: https://www.magneto365.com/co/empleos/analista-qa-882273
2026-05-08 15:34:56 | INFO | Oferta duplicada omitida: https://www.magneto365.com/co/empleos/desarrollador-fullstack-senior-hibrido-en-cali-895467
2026-05-08 15:34:56 | INFO | Oferta duplicada omitida: https://www.magneto365.com/co/empleos/desarrollador-fullstack-en-hidrocarburos-python-java-891227
2026-05-08 15:34:56 | INFO | Oferta duplicada omitida: https://www.magneto365.com/co/empleos/desarrollador-fullstack-senior-hibrido-en-cali-848809
2026-05-08 15:34:56 | INFO | Oferta duplicada omitida: https://www.magneto365.com/co/empleos/desarrollador-fullstack-senior-829393
2026-05-08 15:34:56 | INFO | Oferta duplicada omitida: https://www.magneto365.com/co/empleos/desarrollador-php-freelance-884817
2026-05-08 15:34:56 | INFO | Oferta duplicada omitida: https://www.magneto365.com/co/empleos/desarrollador-a-de-software-891058
2026-05-08 15:34:56 | INFO | Oferta duplicada omitida: https://www.magneto365.com/co/empleos/desarrollador-frontend-y-gestion-de-contenido-medellin-884727
2026-05-08 15:34:56 | INFO | Oferta duplicada omitida: https://www.magneto365.com/co/empleos/desarrollador-frontend-webmaster-847312
2026-05-08 15:34:56 | INFO | Oferta duplicada omitida: https://www.magneto365.com/co/empleos/senior-frontend-engineer-907809
2026-05-08 15:34:56 | INFO | Oferta duplicada omitida: https://www.magneto365.com/co/empleos/desarrollador-front-end-ecommerce-897233
2026-05-08 15:34:56 | INFO | Oferta duplicada omitida: https://www.magneto365.com/co/empleos/desarrollador-backend-912569
2026-05-08 15:34:56 | INFO | Oferta duplicada omitida: https://www.magneto365.com/co/empleos/desarrollador-backend-oracle-plsql-hxgn-eam-galapa-907640
2026-05-08 15:34:56 | INFO | Oferta duplicada omitida: https://www.magneto365.com/co/empleos/desarrollador-backend-884791
2026-05-08 15:34:56 | INFO | Oferta duplicada omitida: https://www.magneto365.com/co/empleos/desarrollador-senior-java-spring-boot-y-python-remoto-colombia-899477
2026-05-08 15:34:56 | INFO | Oferta duplicada omitida: https://www.magneto365.com/co/empleos/desarrollador-full-stack-895178
2026-05-08 15:34:56 | INFO | Oferta duplicada omitida: https://www.magneto365.com/co/empleos/especialista-i-desarrollador-pco-886336
2026-05-08 15:34:56 | INFO | Oferta duplicada omitida: https://www.magneto365.com/co/empleos/desarrollador-full-stack-python-react-ia-cali-908099
2026-05-08 15:34:56 | INFO | Oferta duplicada omitida: https://www.magneto365.com/co/empleos/desarrollador-senior-full-stack-909405
2026-05-08 15:34:56 | INFO | Oferta duplicada omitida: https://www.magneto365.com/co/empleos/desarrolladorprogramador-bi-financiera-888680
2026-05-08 15:34:56 | INFO | Oferta duplicada omitida: https://www.magneto365.com/co/empleos/desarrollador-especialista-de-software-medellin-843102
2026-05-08 15:34:56 | INFO | Oferta duplicada omitida: https://www.magneto365.com/co/empleos/desarrollador-de-software-835075
2026-05-08 15:34:56 | INFO | Oferta duplicada omitida: https://www.magneto365.com/co/empleos/ingeniero-a-tecnologia-talento-que-transforma-913134
2026-05-08 15:34:56 | INFO | Oferta duplicada omitida: https://www.magneto365.com/co/empleos/tester-qa-pruebas-de-software-hibrido-bogota-908108
2026-05-08 15:34:56 | INFO | Oferta duplicada omitida: https://www.magneto365.com/co/empleos/coordinadora-de-servicios-de-desarrollo-de-software-1626119083-2-900284
2026-05-08 15:34:56 | INFO | Oferta duplicada omitida: https://www.magneto365.com/co/empleos/arquitecto-de-software-899087
2026-05-08 15:34:56 | INFO | Oferta duplicada omitida: https://www.magneto365.com/co/empleos/lider-tecnico-desarrollo-software-java-888526
2026-05-08 15:34:56 | INFO | Oferta duplicada omitida: https://www.magneto365.com/co/empleos/arquitecto-de-software-para-transformacion-digital-en-salud-y-contabilidad-886496
2026-05-08 15:34:56 | INFO | Oferta duplicada omitida: https://www.magneto365.com/co/empleos/arquitecto-de-software-822827
2026-05-08 15:34:56 | INFO | Oferta duplicada omitida: https://www.magneto365.com/co/empleos/practicante-sistemas-de-informacion-base-comercial-895470
2026-05-08 15:34:56 | INFO | Oferta duplicada omitida: https://www.magneto365.com/co/empleos/desarrollador-de-software-lider-microservicios-remoto-894672
2026-05-08 15:34:56 | INFO | Oferta duplicada omitida: https://www.magneto365.com/co/empleos/analista-tecnico-senior-desarrollo-de-software-bilingue-884537
2026-05-08 15:34:56 | INFO | Oferta duplicada omitida: https://www.magneto365.com/co/empleos/practicante-ingenieria-de-sistemas-desarrollo-y-soporte-ti-bogota-901179
2026-05-08 15:34:56 | INFO | Oferta duplicada omitida: https://www.magneto365.com/co/empleos/practicante-profesional-ingenieria-de-sistemas-medellin-899409
2026-05-08 15:34:56 | INFO | Oferta duplicada omitida: https://www.magneto365.com/co/empleos/practicante-chatbot-contratacion-y-colaboradores-whatsapp-895458
2026-05-08 15:34:56 | INFO | Oferta duplicada omitida: https://www.magneto365.com/co/empleos/analista-desarrollo-comercial-ii-bogota-899720
2026-05-08 15:34:56 | INFO | Oferta duplicada omitida: https://www.magneto365.com/co/empleos/analista-de-desarrollo-de-software-net-angular-sql-server-colombia-914543
2026-05-08 15:34:56 | INFO | Oferta duplicada omitida: https://www.magneto365.com/co/empleos/analista-de-ingenieria-desarrollo-de-producto-industrial-914466
2026-05-08 15:34:56 | INFO | Oferta duplicada omitida: https://www.magneto365.com/co/empleos/analista-de-desarrollo-logistico-908067
2026-05-08 15:34:56 | INFO | Oferta duplicada omitida: https://www.magneto365.com/co/empleos/analista-de-desarrollo-de-productos-industria-colombia-906038
2026-05-08 15:34:56 | INFO | Oferta duplicada omitida: https://www.magneto365.com/co/empleos/analista-de-formacion-y-desarrollo-de-talento-905159
2026-05-08 15:34:56 | INFO | Oferta duplicada omitida: https://www.magneto365.com/co/empleos/analista-de-cultura-y-desarrollo-temporal-por-licencia-de-maternidad-901840
2026-05-08 15:34:56 | INFO | Oferta duplicada omitida: https://www.magneto365.com/co/empleos/analista-de-automatizacion-y-desarrollo-termino-fijo-900710
2026-05-08 15:34:56 | INFO | Oferta duplicada omitida: https://www.magneto365.com/co/empleos/analista-de-desarrollo-de-software-1626071855-68-897977
2026-05-08 15:34:56 | INFO | Oferta duplicada omitida: https://www.magneto365.com/co/empleos/analista-de-desarrollo-humano-897395
2026-05-08 15:34:56 | INFO | Oferta duplicada omitida: https://www.magneto365.com/co/empleos/analista-de-atraccion-cultura-y-desarrollo-1626073720-39-887030
2026-05-08 15:34:56 | INFO | Oferta duplicada omitida: https://www.magneto365.com/co/empleos/desarrolladora-de-software-1626142096-3-908837
2026-05-08 15:34:56 | INFO | Oferta duplicada omitida: https://www.magneto365.com/co/empleos/ceid-desarrolladora-de-software-senior-rpa-905848
2026-05-08 15:34:56 | INFO | Oferta duplicada omitida: https://www.magneto365.com/co/empleos/desarrolladora-de-software-qa-1626436242-51-906064
2026-05-08 15:34:56 | INFO | Oferta duplicada omitida: https://www.magneto365.com/co/empleos/ceid-desarrollador-de-software-semisenior-1626492604-5-891596
2026-05-08 15:34:56 | INFO | Oferta duplicada omitida: https://www.magneto365.com/co/empleos/desarrollador-de-negocios-bogota-910216
2026-05-08 15:34:56 | INFO | Oferta duplicada omitida: https://www.magneto365.com/co/empleos/desarrollador-mid-level-sprint-contributor-902838
2026-05-08 15:34:56 | INFO | Oferta duplicada omitida: https://www.magneto365.com/co/empleos/desarrolladora-fronted-1626040293-334-896881
2026-05-08 15:34:56 | INFO | Oferta duplicada omitida: https://www.magneto365.com/co/empleos/programador-de-publicidad-digital-893246
2026-05-08 15:34:56 | INFO | Oferta duplicada omitida: https://www.magneto365.com/co/empleos/programador-tornero-cnc-puente-aranda-891925
2026-05-08 15:34:56 | INFO | Oferta duplicada omitida: https://www.magneto365.com/co/empleos/programador-de-flota-33303-886852
2026-05-08 15:34:56 | INFO | Oferta duplicada omitida: https://www.magneto365.com/co/empleos/instrumentador-quirurgico-888639
2026-05-08 15:34:56 | INFO | Oferta duplicada omitida: https://www.magneto365.com/co/empleos/analista-de-programacion-de-turnos-en-empresas-de-seguridad-881373
2026-05-08 15:34:56 | INFO | Oferta duplicada omitida: https://www.magneto365.com/co/empleos/integracion-automatizacion-control-ensamble-832860
2026-05-08 15:34:56 | INFO | Oferta duplicada omitida: https://www.magneto365.com/co/empleos/lider-de-planeacion-y-programacion-de-produccion-colombia-894342
2026-05-08 15:34:56 | INFO | Resumen ciclo | revisadas=80 | aplicadas=0 | errores=0 | omitidas=80
2026-05-08 15:34:56 | INFO | Esperando 180 segundos para el siguiente ciclo...
2026-05-08 15:37:56 | INFO | --------------------------------------------------------------------------------
2026-05-08 15:37:56 | INFO | Iniciando ciclo #14
2026-05-08 15:37:56 | INFO | Buscando en Magneto: https://www.magneto365.com/co/trabajos/buscar/full-stack-developer
2026-05-08 15:37:57 | INFO | Ofertas extraídas de Magneto: 8
2026-05-08 15:37:57 | INFO | Buscando en Magneto: https://www.magneto365.com/co/trabajos/buscar/fullstack-developer
2026-05-08 15:37:58 | INFO | Ofertas extraídas de Magneto: 6
2026-05-08 15:37:58 | INFO | Buscando en Magneto: https://www.magneto365.com/co/trabajos/buscar/frontend-developer
2026-05-08 15:37:59 | INFO | Ofertas extraídas de Magneto: 1
2026-05-08 15:37:59 | INFO | Buscando en Magneto: https://www.magneto365.com/co/trabajos/buscar/backend-developer
2026-05-08 15:37:59 | INFO | Ofertas extraídas de Magneto: 4
2026-05-08 15:37:59 | INFO | Buscando en Magneto: https://www.magneto365.com/co/trabajos/buscar/react-developer
2026-05-08 15:38:00 | INFO | Ofertas extraídas de Magneto: 6
2026-05-08 15:38:00 | INFO | Buscando en Magneto: https://www.magneto365.com/co/trabajos/buscar/react-native
2026-05-08 15:38:02 | INFO | Ofertas extraídas de Magneto: 3
2026-05-08 15:38:02 | INFO | Buscando en Magneto: https://www.magneto365.com/co/trabajos/buscar/node-js-developer
2026-05-08 15:38:23 | INFO | No se encontraron resultados visibles en la búsqueda actual.
2026-05-08 15:38:23 | INFO | Ofertas extraídas de Magneto: 0
2026-05-08 15:38:23 | INFO | Busqueda por URL sin resultados. Usando pagina de ciudad para: Node.js Developer
2026-05-08 15:38:24 | INFO | Ofertas extraídas de Magneto: 0
2026-05-08 15:38:24 | INFO | Buscando en Magneto: https://www.magneto365.com/co/trabajos/buscar/javascript-developer
2026-05-08 15:38:25 | INFO | Ofertas extraídas de Magneto: 6
2026-05-08 15:38:25 | INFO | Buscando en Magneto: https://www.magneto365.com/co/trabajos/buscar/typescript-developer
2026-05-08 15:38:46 | INFO | No se encontraron resultados visibles en la búsqueda actual.
2026-05-08 15:38:46 | INFO | Ofertas extraídas de Magneto: 0
2026-05-08 15:38:46 | INFO | Busqueda por URL sin resultados. Usando pagina de ciudad para: TypeScript Developer
2026-05-08 15:38:47 | INFO | Ofertas extraídas de Magneto: 0
2026-05-08 15:38:48 | INFO | Buscando en Magneto: https://www.magneto365.com/co/trabajos/buscar/software-engineer
2026-05-08 15:38:48 | INFO | Ofertas extraídas de Magneto: 6
2026-05-08 15:38:48 | INFO | Buscando en Magneto: https://www.magneto365.com/co/trabajos/buscar/desarrollador-fullstack
2026-05-08 15:38:50 | INFO | Ofertas extraídas de Magneto: 12
2026-05-08 15:38:50 | INFO | Buscando en Magneto: https://www.magneto365.com/co/trabajos/buscar/desarrollador-frontend
2026-05-08 15:38:51 | INFO | Ofertas extraídas de Magneto: 5
2026-05-08 15:38:51 | INFO | Buscando en Magneto: https://www.magneto365.com/co/trabajos/buscar/desarrollador-backend
2026-05-08 15:38:52 | INFO | Ofertas extraídas de Magneto: 10
2026-05-08 15:38:52 | INFO | Buscando en Magneto: https://www.magneto365.com/co/trabajos/buscar/desarrollador-react
2026-05-08 15:38:53 | INFO | Ofertas extraídas de Magneto: 13
2026-05-08 15:38:53 | INFO | Buscando en Magneto: https://www.magneto365.com/co/trabajos/buscar/desarrollador-javascript
2026-05-08 15:38:55 | INFO | Ofertas extraídas de Magneto: 11
2026-05-08 15:38:55 | INFO | Buscando en Magneto: https://www.magneto365.com/co/trabajos/buscar/desarrollador-typescript
2026-05-08 15:38:56 | INFO | Ofertas extraídas de Magneto: 1
2026-05-08 15:38:56 | INFO | Buscando en Magneto: https://www.magneto365.com/co/trabajos/buscar/desarrollador-node
2026-05-08 15:38:57 | INFO | Ofertas extraídas de Magneto: 2
2026-05-08 15:38:57 | INFO | Buscando en Magneto: https://www.magneto365.com/co/trabajos/buscar/ingeniero-software
2026-05-08 15:38:58 | INFO | Ofertas extraídas de Magneto: 17
2026-05-08 15:38:58 | INFO | Buscando en Magneto: https://www.magneto365.com/co/trabajos/buscar/analista-desarrollo
2026-05-08 15:38:59 | INFO | Ofertas extraídas de Magneto: 12
2026-05-08 15:38:59 | INFO | Buscando en Magneto: https://www.magneto365.com/co/trabajos/buscar/desarrollador-software
2026-05-08 15:39:01 | INFO | Ofertas extraídas de Magneto: 19
2026-05-08 15:39:01 | INFO | Buscando en Magneto: https://www.magneto365.com/co/trabajos/buscar/programador
2026-05-08 15:39:02 | INFO | Ofertas extraídas de Magneto: 17
2026-05-08 15:39:02 | INFO | Oferta duplicada omitida: https://www.magneto365.com/co/empleos/full-stack-developer-1626494698-9-912135
2026-05-08 15:39:02 | INFO | Oferta duplicada omitida: https://www.magneto365.com/co/empleos/desarrollador-ti-911545
2026-05-08 15:39:02 | INFO | Oferta duplicada omitida: https://www.magneto365.com/co/empleos/desarrollador-full-stack-895702
2026-05-08 15:39:02 | INFO | Oferta duplicada omitida: https://www.magneto365.com/co/empleos/desarrollador-full-896787
2026-05-08 15:39:02 | INFO | Oferta duplicada omitida: https://www.magneto365.com/co/empleos/desarrollador-fullstack-javascriptnode-js-colombia-906260
2026-05-08 15:39:02 | INFO | Oferta duplicada omitida: https://www.magneto365.com/co/empleos/desarrollador-de-software-con-enfoque-en-inteligencia-artificial-899657
2026-05-08 15:39:02 | INFO | Oferta duplicada omitida: https://www.magneto365.com/co/empleos/desarrollador-de-software-ia-javascript-react-bucaramanga-913803
2026-05-08 15:39:02 | INFO | Oferta duplicada omitida: https://www.magneto365.com/co/empleos/desarrollador-python-bogota-909596
2026-05-08 15:39:02 | INFO | Oferta duplicada omitida: https://www.magneto365.com/co/empleos/desarrolladora-fullstack-896069
2026-05-08 15:39:02 | INFO | Oferta duplicada omitida: https://www.magneto365.com/co/empleos/desarrollador-fullstack-884799
2026-05-08 15:39:02 | INFO | Oferta duplicada omitida: https://www.magneto365.com/co/empleos/ingeniero-fullstack-senior-net-flutter-angular-teletrabajo-en-colombia-882683
2026-05-08 15:39:02 | INFO | Oferta duplicada omitida: https://www.magneto365.com/co/empleos/desarrollador-fullstack-senior-net-react-teletrabajo-colombia-889531
2026-05-08 15:39:02 | INFO | Oferta duplicada omitida: https://www.magneto365.com/co/empleos/desarrollador-fullstack-medellin-846369
2026-05-08 15:39:02 | INFO | Oferta duplicada omitida: https://www.magneto365.com/co/empleos/desarrollador-backend-senior-python-897964
2026-05-08 15:39:02 | INFO | Oferta duplicada omitida: https://www.magneto365.com/co/empleos/desarrollador-a-mobile-react-native-bogota-913246
2026-05-08 15:39:02 | INFO | Oferta duplicada omitida: https://www.magneto365.com/co/empleos/analista-tecnico-senior-bilingue-b2c1-java-react-react-native-remoto-bogota-887625
2026-05-08 15:39:02 | INFO | Oferta duplicada omitida: https://www.magneto365.com/co/empleos/desarrollador-senior-full-stack-bilingue-java-react-remoto-bogota-892791
2026-05-08 15:39:02 | INFO | Oferta duplicada omitida: https://www.magneto365.com/co/empleos/desarrollador-de-software-909610
2026-05-08 15:39:02 | INFO | Oferta duplicada omitida: https://www.magneto365.com/co/empleos/senior-data-engineer-1626494698-8-892405
2026-05-08 15:39:02 | INFO | Oferta duplicada omitida: https://www.magneto365.com/co/empleos/ingeniero-devops-mid-junior-899771
2026-05-08 15:39:02 | INFO | Oferta duplicada omitida: https://www.magneto365.com/co/empleos/analista-qa-882273
2026-05-08 15:39:02 | INFO | Oferta duplicada omitida: https://www.magneto365.com/co/empleos/desarrollador-fullstack-senior-hibrido-en-cali-895467
2026-05-08 15:39:02 | INFO | Oferta duplicada omitida: https://www.magneto365.com/co/empleos/desarrollador-fullstack-en-hidrocarburos-python-java-891227
2026-05-08 15:39:02 | INFO | Oferta duplicada omitida: https://www.magneto365.com/co/empleos/desarrollador-fullstack-senior-hibrido-en-cali-848809
2026-05-08 15:39:02 | INFO | Oferta duplicada omitida: https://www.magneto365.com/co/empleos/desarrollador-fullstack-senior-829393
2026-05-08 15:39:02 | INFO | Oferta duplicada omitida: https://www.magneto365.com/co/empleos/desarrollador-php-freelance-884817
2026-05-08 15:39:02 | INFO | Oferta duplicada omitida: https://www.magneto365.com/co/empleos/desarrollador-a-de-software-891058
2026-05-08 15:39:02 | INFO | Oferta duplicada omitida: https://www.magneto365.com/co/empleos/desarrollador-frontend-y-gestion-de-contenido-medellin-884727
2026-05-08 15:39:02 | INFO | Oferta duplicada omitida: https://www.magneto365.com/co/empleos/desarrollador-frontend-webmaster-847312
2026-05-08 15:39:02 | INFO | Oferta duplicada omitida: https://www.magneto365.com/co/empleos/senior-frontend-engineer-907809
2026-05-08 15:39:02 | INFO | Oferta duplicada omitida: https://www.magneto365.com/co/empleos/desarrollador-front-end-ecommerce-897233
2026-05-08 15:39:02 | INFO | Oferta duplicada omitida: https://www.magneto365.com/co/empleos/desarrollador-backend-912569
2026-05-08 15:39:02 | INFO | Oferta duplicada omitida: https://www.magneto365.com/co/empleos/desarrollador-backend-oracle-plsql-hxgn-eam-galapa-907640
2026-05-08 15:39:02 | INFO | Oferta duplicada omitida: https://www.magneto365.com/co/empleos/desarrollador-backend-884791
2026-05-08 15:39:02 | INFO | Oferta duplicada omitida: https://www.magneto365.com/co/empleos/desarrollador-senior-java-spring-boot-y-python-remoto-colombia-899477
2026-05-08 15:39:02 | INFO | Oferta duplicada omitida: https://www.magneto365.com/co/empleos/desarrollador-full-stack-895178
2026-05-08 15:39:02 | INFO | Oferta duplicada omitida: https://www.magneto365.com/co/empleos/especialista-i-desarrollador-pco-886336
2026-05-08 15:39:02 | INFO | Oferta duplicada omitida: https://www.magneto365.com/co/empleos/desarrollador-full-stack-python-react-ia-cali-908099
2026-05-08 15:39:02 | INFO | Oferta duplicada omitida: https://www.magneto365.com/co/empleos/desarrollador-senior-full-stack-909405
2026-05-08 15:39:02 | INFO | Oferta duplicada omitida: https://www.magneto365.com/co/empleos/desarrolladorprogramador-bi-financiera-888680
2026-05-08 15:39:02 | INFO | Oferta duplicada omitida: https://www.magneto365.com/co/empleos/desarrollador-especialista-de-software-medellin-843102
2026-05-08 15:39:02 | INFO | Oferta duplicada omitida: https://www.magneto365.com/co/empleos/desarrollador-de-software-835075
2026-05-08 15:39:02 | INFO | Oferta duplicada omitida: https://www.magneto365.com/co/empleos/ingeniero-a-tecnologia-talento-que-transforma-913134
2026-05-08 15:39:02 | INFO | Oferta duplicada omitida: https://www.magneto365.com/co/empleos/tester-qa-pruebas-de-software-hibrido-bogota-908108
2026-05-08 15:39:02 | INFO | Oferta duplicada omitida: https://www.magneto365.com/co/empleos/coordinadora-de-servicios-de-desarrollo-de-software-1626119083-2-900284
2026-05-08 15:39:02 | INFO | Oferta duplicada omitida: https://www.magneto365.com/co/empleos/arquitecto-de-software-899087
2026-05-08 15:39:02 | INFO | Oferta duplicada omitida: https://www.magneto365.com/co/empleos/lider-tecnico-desarrollo-software-java-888526
2026-05-08 15:39:02 | INFO | Oferta duplicada omitida: https://www.magneto365.com/co/empleos/arquitecto-de-software-para-transformacion-digital-en-salud-y-contabilidad-886496
2026-05-08 15:39:02 | INFO | Oferta duplicada omitida: https://www.magneto365.com/co/empleos/arquitecto-de-software-822827
2026-05-08 15:39:02 | INFO | Oferta duplicada omitida: https://www.magneto365.com/co/empleos/practicante-sistemas-de-informacion-base-comercial-895470
2026-05-08 15:39:02 | INFO | Oferta duplicada omitida: https://www.magneto365.com/co/empleos/desarrollador-de-software-lider-microservicios-remoto-894672
2026-05-08 15:39:02 | INFO | Oferta duplicada omitida: https://www.magneto365.com/co/empleos/analista-tecnico-senior-desarrollo-de-software-bilingue-884537
2026-05-08 15:39:02 | INFO | Oferta duplicada omitida: https://www.magneto365.com/co/empleos/practicante-ingenieria-de-sistemas-desarrollo-y-soporte-ti-bogota-901179
2026-05-08 15:39:02 | INFO | Oferta duplicada omitida: https://www.magneto365.com/co/empleos/practicante-profesional-ingenieria-de-sistemas-medellin-899409
2026-05-08 15:39:02 | INFO | Oferta duplicada omitida: https://www.magneto365.com/co/empleos/practicante-chatbot-contratacion-y-colaboradores-whatsapp-895458
2026-05-08 15:39:02 | INFO | Oferta duplicada omitida: https://www.magneto365.com/co/empleos/analista-desarrollo-comercial-ii-bogota-899720
2026-05-08 15:39:02 | INFO | Oferta duplicada omitida: https://www.magneto365.com/co/empleos/analista-de-desarrollo-de-software-net-angular-sql-server-colombia-914543
2026-05-08 15:39:02 | INFO | Oferta duplicada omitida: https://www.magneto365.com/co/empleos/analista-de-ingenieria-desarrollo-de-producto-industrial-914466
2026-05-08 15:39:02 | INFO | Oferta duplicada omitida: https://www.magneto365.com/co/empleos/analista-de-desarrollo-logistico-908067
2026-05-08 15:39:02 | INFO | Oferta duplicada omitida: https://www.magneto365.com/co/empleos/analista-de-desarrollo-de-productos-industria-colombia-906038
2026-05-08 15:39:02 | INFO | Oferta duplicada omitida: https://www.magneto365.com/co/empleos/analista-de-formacion-y-desarrollo-de-talento-905159
2026-05-08 15:39:02 | INFO | Oferta duplicada omitida: https://www.magneto365.com/co/empleos/analista-de-cultura-y-desarrollo-temporal-por-licencia-de-maternidad-901840
2026-05-08 15:39:02 | INFO | Oferta duplicada omitida: https://www.magneto365.com/co/empleos/analista-de-automatizacion-y-desarrollo-termino-fijo-900710
2026-05-08 15:39:02 | INFO | Oferta duplicada omitida: https://www.magneto365.com/co/empleos/analista-de-desarrollo-de-software-1626071855-68-897977
2026-05-08 15:39:02 | INFO | Oferta duplicada omitida: https://www.magneto365.com/co/empleos/analista-de-desarrollo-humano-897395
2026-05-08 15:39:02 | INFO | Oferta duplicada omitida: https://www.magneto365.com/co/empleos/analista-de-atraccion-cultura-y-desarrollo-1626073720-39-887030
2026-05-08 15:39:02 | INFO | Oferta duplicada omitida: https://www.magneto365.com/co/empleos/desarrolladora-de-software-1626142096-3-908837
2026-05-08 15:39:02 | INFO | Oferta duplicada omitida: https://www.magneto365.com/co/empleos/ceid-desarrolladora-de-software-senior-rpa-905848
2026-05-08 15:39:02 | INFO | Oferta duplicada omitida: https://www.magneto365.com/co/empleos/desarrolladora-de-software-qa-1626436242-51-906064
2026-05-08 15:39:02 | INFO | Oferta duplicada omitida: https://www.magneto365.com/co/empleos/ceid-desarrollador-de-software-semisenior-1626492604-5-891596
2026-05-08 15:39:02 | INFO | Oferta duplicada omitida: https://www.magneto365.com/co/empleos/desarrollador-de-negocios-bogota-910216
2026-05-08 15:39:02 | INFO | Oferta duplicada omitida: https://www.magneto365.com/co/empleos/desarrollador-mid-level-sprint-contributor-902838
2026-05-08 15:39:02 | INFO | Oferta duplicada omitida: https://www.magneto365.com/co/empleos/desarrolladora-fronted-1626040293-334-896881
2026-05-08 15:39:02 | INFO | Oferta duplicada omitida: https://www.magneto365.com/co/empleos/programador-de-publicidad-digital-893246
2026-05-08 15:39:02 | INFO | Oferta duplicada omitida: https://www.magneto365.com/co/empleos/programador-tornero-cnc-puente-aranda-891925
2026-05-08 15:39:02 | INFO | Oferta duplicada omitida: https://www.magneto365.com/co/empleos/programador-de-flota-33303-886852
2026-05-08 15:39:02 | INFO | Oferta duplicada omitida: https://www.magneto365.com/co/empleos/instrumentador-quirurgico-888639
2026-05-08 15:39:02 | INFO | Oferta duplicada omitida: https://www.magneto365.com/co/empleos/analista-de-programacion-de-turnos-en-empresas-de-seguridad-881373
2026-05-08 15:39:02 | INFO | Oferta duplicada omitida: https://www.magneto365.com/co/empleos/integracion-automatizacion-control-ensamble-832860
2026-05-08 15:39:02 | INFO | Oferta duplicada omitida: https://www.magneto365.com/co/empleos/lider-de-planeacion-y-programacion-de-produccion-colombia-894342
2026-05-08 15:39:02 | INFO | Resumen ciclo | revisadas=80 | aplicadas=0 | errores=0 | omitidas=80
2026-05-08 15:39:02 | INFO | Esperando 180 segundos para el siguiente ciclo...
2026-05-08 15:42:02 | INFO | --------------------------------------------------------------------------------
2026-05-08 15:42:02 | INFO | Iniciando ciclo #15
2026-05-08 15:42:02 | INFO | Verificando estado de login (cada 5 ciclos)...
2026-05-08 15:42:04 | INFO | No hay sesion activa en Magneto. Abriendo inicio de sesion.
2026-05-08 15:42:16 | INFO | No se encontro boton de Google. Esperando inicio manual.
2026-05-08 15:42:16 | INFO | Sesion iniciada correctamente.
2026-05-08 15:42:16 | INFO | ✅ Login renovado exitosamente
2026-05-08 15:42:16 | INFO | Buscando en Magneto: https://www.magneto365.com/co/trabajos/buscar/full-stack-developer
2026-05-08 15:42:17 | INFO | Ofertas extraídas de Magneto: 8
2026-05-08 15:42:17 | INFO | Buscando en Magneto: https://www.magneto365.com/co/trabajos/buscar/fullstack-developer
2026-05-08 15:42:18 | INFO | Ofertas extraídas de Magneto: 6
2026-05-08 15:42:18 | INFO | Buscando en Magneto: https://www.magneto365.com/co/trabajos/buscar/frontend-developer
2026-05-08 15:42:19 | INFO | Ofertas extraídas de Magneto: 1
2026-05-08 15:42:19 | INFO | Buscando en Magneto: https://www.magneto365.com/co/trabajos/buscar/backend-developer
2026-05-08 15:42:20 | INFO | Ofertas extraídas de Magneto: 4
2026-05-08 15:42:20 | INFO | Buscando en Magneto: https://www.magneto365.com/co/trabajos/buscar/react-developer
2026-05-08 15:42:20 | INFO | Ofertas extraídas de Magneto: 6
2026-05-08 15:42:20 | INFO | Buscando en Magneto: https://www.magneto365.com/co/trabajos/buscar/react-native
2026-05-08 15:42:21 | INFO | Ofertas extraídas de Magneto: 3
2026-05-08 15:42:21 | INFO | Buscando en Magneto: https://www.magneto365.com/co/trabajos/buscar/node-js-developer
2026-05-08 15:42:42 | INFO | No se encontraron resultados visibles en la búsqueda actual.
2026-05-08 15:42:42 | INFO | Ofertas extraídas de Magneto: 0
2026-05-08 15:42:42 | INFO | Busqueda por URL sin resultados. Usando pagina de ciudad para: Node.js Developer
2026-05-08 15:42:44 | INFO | Ofertas extraídas de Magneto: 0
2026-05-08 15:42:44 | INFO | Buscando en Magneto: https://www.magneto365.com/co/trabajos/buscar/javascript-developer
2026-05-08 15:42:44 | INFO | Ofertas extraídas de Magneto: 6
2026-05-08 15:42:44 | INFO | Buscando en Magneto: https://www.magneto365.com/co/trabajos/buscar/typescript-developer
2026-05-08 15:43:06 | INFO | No se encontraron resultados visibles en la búsqueda actual.
2026-05-08 15:43:06 | INFO | Ofertas extraídas de Magneto: 0
2026-05-08 15:43:06 | INFO | Busqueda por URL sin resultados. Usando pagina de ciudad para: TypeScript Developer
2026-05-08 15:43:07 | INFO | Ofertas extraídas de Magneto: 0
2026-05-08 15:43:07 | INFO | Buscando en Magneto: https://www.magneto365.com/co/trabajos/buscar/software-engineer
2026-05-08 15:43:08 | INFO | Ofertas extraídas de Magneto: 6
2026-05-08 15:43:08 | INFO | Buscando en Magneto: https://www.magneto365.com/co/trabajos/buscar/desarrollador-fullstack
2026-05-08 15:43:09 | INFO | Ofertas extraídas de Magneto: 12
2026-05-08 15:43:09 | INFO | Buscando en Magneto: https://www.magneto365.com/co/trabajos/buscar/desarrollador-frontend
2026-05-08 15:43:10 | INFO | Ofertas extraídas de Magneto: 5
2026-05-08 15:43:10 | INFO | Buscando en Magneto: https://www.magneto365.com/co/trabajos/buscar/desarrollador-backend
2026-05-08 15:43:11 | INFO | Ofertas extraídas de Magneto: 10
2026-05-08 15:43:11 | INFO | Buscando en Magneto: https://www.magneto365.com/co/trabajos/buscar/desarrollador-react
2026-05-08 15:43:12 | INFO | Ofertas extraídas de Magneto: 13
2026-05-08 15:43:12 | INFO | Buscando en Magneto: https://www.magneto365.com/co/trabajos/buscar/desarrollador-javascript
2026-05-08 15:43:13 | INFO | Ofertas extraídas de Magneto: 11
2026-05-08 15:43:13 | INFO | Buscando en Magneto: https://www.magneto365.com/co/trabajos/buscar/desarrollador-typescript
2026-05-08 15:43:17 | INFO | Ofertas extraídas de Magneto: 1
2026-05-08 15:43:17 | INFO | Buscando en Magneto: https://www.magneto365.com/co/trabajos/buscar/desarrollador-node
2026-05-08 15:43:17 | INFO | Ofertas extraídas de Magneto: 2
2026-05-08 15:43:17 | INFO | Buscando en Magneto: https://www.magneto365.com/co/trabajos/buscar/ingeniero-software
2026-05-08 15:43:19 | INFO | Ofertas extraídas de Magneto: 17
2026-05-08 15:43:19 | INFO | Buscando en Magneto: https://www.magneto365.com/co/trabajos/buscar/analista-desarrollo
2026-05-08 15:43:51 | INFO | Ofertas extraídas de Magneto: 12
2026-05-08 15:43:51 | INFO | Buscando en Magneto: https://www.magneto365.com/co/trabajos/buscar/desarrollador-software
2026-05-08 15:43:53 | INFO | Ofertas extraídas de Magneto: 19
2026-05-08 15:43:53 | INFO | Buscando en Magneto: https://www.magneto365.com/co/trabajos/buscar/programador
2026-05-08 15:43:54 | INFO | Ofertas extraídas de Magneto: 17
2026-05-08 15:43:54 | INFO | Oferta duplicada omitida: https://www.magneto365.com/co/empleos/full-stack-developer-1626494698-9-912135
2026-05-08 15:43:54 | INFO | Oferta duplicada omitida: https://www.magneto365.com/co/empleos/desarrollador-ti-911545
2026-05-08 15:43:54 | INFO | Oferta duplicada omitida: https://www.magneto365.com/co/empleos/desarrollador-full-stack-895702
2026-05-08 15:43:54 | INFO | Oferta duplicada omitida: https://www.magneto365.com/co/empleos/desarrollador-full-896787
2026-05-08 15:43:54 | INFO | Oferta duplicada omitida: https://www.magneto365.com/co/empleos/desarrollador-fullstack-javascriptnode-js-colombia-906260
2026-05-08 15:43:54 | INFO | Oferta duplicada omitida: https://www.magneto365.com/co/empleos/desarrollador-de-software-con-enfoque-en-inteligencia-artificial-899657
2026-05-08 15:43:54 | INFO | Oferta duplicada omitida: https://www.magneto365.com/co/empleos/desarrollador-de-software-ia-javascript-react-bucaramanga-913803
2026-05-08 15:43:54 | INFO | Oferta duplicada omitida: https://www.magneto365.com/co/empleos/desarrollador-python-bogota-909596
2026-05-08 15:43:54 | INFO | Oferta duplicada omitida: https://www.magneto365.com/co/empleos/desarrolladora-fullstack-896069
2026-05-08 15:43:54 | INFO | Oferta duplicada omitida: https://www.magneto365.com/co/empleos/desarrollador-fullstack-884799
2026-05-08 15:43:54 | INFO | Oferta duplicada omitida: https://www.magneto365.com/co/empleos/ingeniero-fullstack-senior-net-flutter-angular-teletrabajo-en-colombia-882683
2026-05-08 15:43:54 | INFO | Oferta duplicada omitida: https://www.magneto365.com/co/empleos/desarrollador-fullstack-senior-net-react-teletrabajo-colombia-889531
2026-05-08 15:43:54 | INFO | Oferta duplicada omitida: https://www.magneto365.com/co/empleos/desarrollador-fullstack-medellin-846369
2026-05-08 15:43:54 | INFO | Oferta duplicada omitida: https://www.magneto365.com/co/empleos/desarrollador-backend-senior-python-897964
2026-05-08 15:43:54 | INFO | Oferta duplicada omitida: https://www.magneto365.com/co/empleos/desarrollador-a-mobile-react-native-bogota-913246
2026-05-08 15:43:54 | INFO | Oferta duplicada omitida: https://www.magneto365.com/co/empleos/analista-tecnico-senior-bilingue-b2c1-java-react-react-native-remoto-bogota-887625
2026-05-08 15:43:54 | INFO | Oferta duplicada omitida: https://www.magneto365.com/co/empleos/desarrollador-senior-full-stack-bilingue-java-react-remoto-bogota-892791
2026-05-08 15:43:54 | INFO | Oferta duplicada omitida: https://www.magneto365.com/co/empleos/desarrollador-de-software-909610
2026-05-08 15:43:54 | INFO | Oferta duplicada omitida: https://www.magneto365.com/co/empleos/senior-data-engineer-1626494698-8-892405
2026-05-08 15:43:54 | INFO | Oferta duplicada omitida: https://www.magneto365.com/co/empleos/ingeniero-devops-mid-junior-899771
2026-05-08 15:43:54 | INFO | Oferta duplicada omitida: https://www.magneto365.com/co/empleos/analista-qa-882273
2026-05-08 15:43:54 | INFO | Oferta duplicada omitida: https://www.magneto365.com/co/empleos/desarrollador-fullstack-senior-hibrido-en-cali-895467
2026-05-08 15:43:54 | INFO | Oferta duplicada omitida: https://www.magneto365.com/co/empleos/desarrollador-fullstack-en-hidrocarburos-python-java-891227
2026-05-08 15:43:54 | INFO | Oferta duplicada omitida: https://www.magneto365.com/co/empleos/desarrollador-fullstack-senior-hibrido-en-cali-848809
2026-05-08 15:43:54 | INFO | Oferta duplicada omitida: https://www.magneto365.com/co/empleos/desarrollador-fullstack-senior-829393
2026-05-08 15:43:54 | INFO | Oferta duplicada omitida: https://www.magneto365.com/co/empleos/desarrollador-php-freelance-884817
2026-05-08 15:43:54 | INFO | Oferta duplicada omitida: https://www.magneto365.com/co/empleos/desarrollador-a-de-software-891058
2026-05-08 15:43:54 | INFO | Oferta duplicada omitida: https://www.magneto365.com/co/empleos/desarrollador-frontend-y-gestion-de-contenido-medellin-884727
2026-05-08 15:43:54 | INFO | Oferta duplicada omitida: https://www.magneto365.com/co/empleos/desarrollador-frontend-webmaster-847312
2026-05-08 15:43:54 | INFO | Oferta duplicada omitida: https://www.magneto365.com/co/empleos/senior-frontend-engineer-907809
2026-05-08 15:43:54 | INFO | Oferta duplicada omitida: https://www.magneto365.com/co/empleos/desarrollador-front-end-ecommerce-897233
2026-05-08 15:43:54 | INFO | Oferta duplicada omitida: https://www.magneto365.com/co/empleos/desarrollador-backend-912569
2026-05-08 15:43:54 | INFO | Oferta duplicada omitida: https://www.magneto365.com/co/empleos/desarrollador-backend-oracle-plsql-hxgn-eam-galapa-907640
2026-05-08 15:43:54 | INFO | Oferta duplicada omitida: https://www.magneto365.com/co/empleos/desarrollador-backend-884791
2026-05-08 15:43:54 | INFO | Oferta duplicada omitida: https://www.magneto365.com/co/empleos/desarrollador-senior-java-spring-boot-y-python-remoto-colombia-899477
2026-05-08 15:43:54 | INFO | Oferta duplicada omitida: https://www.magneto365.com/co/empleos/desarrollador-full-stack-895178
2026-05-08 15:43:54 | INFO | Oferta duplicada omitida: https://www.magneto365.com/co/empleos/especialista-i-desarrollador-pco-886336
2026-05-08 15:43:54 | INFO | Oferta duplicada omitida: https://www.magneto365.com/co/empleos/desarrollador-full-stack-python-react-ia-cali-908099
2026-05-08 15:43:54 | INFO | Oferta duplicada omitida: https://www.magneto365.com/co/empleos/desarrollador-senior-full-stack-909405
2026-05-08 15:43:54 | INFO | Oferta duplicada omitida: https://www.magneto365.com/co/empleos/desarrolladorprogramador-bi-financiera-888680
2026-05-08 15:43:54 | INFO | Oferta duplicada omitida: https://www.magneto365.com/co/empleos/desarrollador-especialista-de-software-medellin-843102
2026-05-08 15:43:54 | INFO | Oferta duplicada omitida: https://www.magneto365.com/co/empleos/desarrollador-de-software-835075
2026-05-08 15:43:54 | INFO | Oferta duplicada omitida: https://www.magneto365.com/co/empleos/ingeniero-a-tecnologia-talento-que-transforma-913134
2026-05-08 15:43:54 | INFO | Oferta duplicada omitida: https://www.magneto365.com/co/empleos/tester-qa-pruebas-de-software-hibrido-bogota-908108
2026-05-08 15:43:54 | INFO | Oferta duplicada omitida: https://www.magneto365.com/co/empleos/coordinadora-de-servicios-de-desarrollo-de-software-1626119083-2-900284
2026-05-08 15:43:54 | INFO | Oferta duplicada omitida: https://www.magneto365.com/co/empleos/arquitecto-de-software-899087
2026-05-08 15:43:54 | INFO | Oferta duplicada omitida: https://www.magneto365.com/co/empleos/lider-tecnico-desarrollo-software-java-888526
2026-05-08 15:43:54 | INFO | Oferta duplicada omitida: https://www.magneto365.com/co/empleos/arquitecto-de-software-para-transformacion-digital-en-salud-y-contabilidad-886496
2026-05-08 15:43:54 | INFO | Oferta duplicada omitida: https://www.magneto365.com/co/empleos/arquitecto-de-software-822827
2026-05-08 15:43:54 | INFO | Oferta duplicada omitida: https://www.magneto365.com/co/empleos/practicante-sistemas-de-informacion-base-comercial-895470
2026-05-08 15:43:54 | INFO | Oferta duplicada omitida: https://www.magneto365.com/co/empleos/desarrollador-de-software-lider-microservicios-remoto-894672
2026-05-08 15:43:54 | INFO | Oferta duplicada omitida: https://www.magneto365.com/co/empleos/analista-tecnico-senior-desarrollo-de-software-bilingue-884537
2026-05-08 15:43:54 | INFO | Oferta duplicada omitida: https://www.magneto365.com/co/empleos/practicante-ingenieria-de-sistemas-desarrollo-y-soporte-ti-bogota-901179
2026-05-08 15:43:54 | INFO | Oferta duplicada omitida: https://www.magneto365.com/co/empleos/practicante-profesional-ingenieria-de-sistemas-medellin-899409
2026-05-08 15:43:54 | INFO | Oferta duplicada omitida: https://www.magneto365.com/co/empleos/practicante-chatbot-contratacion-y-colaboradores-whatsapp-895458
2026-05-08 15:43:54 | INFO | Oferta duplicada omitida: https://www.magneto365.com/co/empleos/analista-desarrollo-comercial-ii-bogota-899720
2026-05-08 15:43:54 | INFO | Oferta duplicada omitida: https://www.magneto365.com/co/empleos/analista-de-desarrollo-de-software-net-angular-sql-server-colombia-914543
2026-05-08 15:43:54 | INFO | Oferta duplicada omitida: https://www.magneto365.com/co/empleos/analista-de-ingenieria-desarrollo-de-producto-industrial-914466
2026-05-08 15:43:54 | INFO | Oferta duplicada omitida: https://www.magneto365.com/co/empleos/analista-de-desarrollo-logistico-908067
2026-05-08 15:43:54 | INFO | Oferta duplicada omitida: https://www.magneto365.com/co/empleos/analista-de-desarrollo-de-productos-industria-colombia-906038
2026-05-08 15:43:54 | INFO | Oferta duplicada omitida: https://www.magneto365.com/co/empleos/analista-de-formacion-y-desarrollo-de-talento-905159
2026-05-08 15:43:54 | INFO | Oferta duplicada omitida: https://www.magneto365.com/co/empleos/analista-de-cultura-y-desarrollo-temporal-por-licencia-de-maternidad-901840
2026-05-08 15:43:54 | INFO | Oferta duplicada omitida: https://www.magneto365.com/co/empleos/analista-de-automatizacion-y-desarrollo-termino-fijo-900710
2026-05-08 15:43:54 | INFO | Oferta duplicada omitida: https://www.magneto365.com/co/empleos/analista-de-desarrollo-de-software-1626071855-68-897977
2026-05-08 15:43:54 | INFO | Oferta duplicada omitida: https://www.magneto365.com/co/empleos/analista-de-desarrollo-humano-897395
2026-05-08 15:43:54 | INFO | Oferta duplicada omitida: https://www.magneto365.com/co/empleos/analista-de-atraccion-cultura-y-desarrollo-1626073720-39-887030
2026-05-08 15:43:54 | INFO | Oferta duplicada omitida: https://www.magneto365.com/co/empleos/desarrolladora-de-software-1626142096-3-908837
2026-05-08 15:43:54 | INFO | Oferta duplicada omitida: https://www.magneto365.com/co/empleos/ceid-desarrolladora-de-software-senior-rpa-905848
2026-05-08 15:43:54 | INFO | Oferta duplicada omitida: https://www.magneto365.com/co/empleos/desarrolladora-de-software-qa-1626436242-51-906064
2026-05-08 15:43:54 | INFO | Oferta duplicada omitida: https://www.magneto365.com/co/empleos/ceid-desarrollador-de-software-semisenior-1626492604-5-891596
2026-05-08 15:43:54 | INFO | Oferta duplicada omitida: https://www.magneto365.com/co/empleos/desarrollador-de-negocios-bogota-910216
2026-05-08 15:43:54 | INFO | Oferta duplicada omitida: https://www.magneto365.com/co/empleos/desarrollador-mid-level-sprint-contributor-902838
2026-05-08 15:43:54 | INFO | Oferta duplicada omitida: https://www.magneto365.com/co/empleos/desarrolladora-fronted-1626040293-334-896881
2026-05-08 15:43:54 | INFO | Oferta duplicada omitida: https://www.magneto365.com/co/empleos/programador-de-publicidad-digital-893246
2026-05-08 15:43:54 | INFO | Oferta duplicada omitida: https://www.magneto365.com/co/empleos/programador-tornero-cnc-puente-aranda-891925
2026-05-08 15:43:54 | INFO | Oferta duplicada omitida: https://www.magneto365.com/co/empleos/programador-de-flota-33303-886852
2026-05-08 15:43:54 | INFO | Oferta duplicada omitida: https://www.magneto365.com/co/empleos/instrumentador-quirurgico-888639
2026-05-08 15:43:54 | INFO | Oferta duplicada omitida: https://www.magneto365.com/co/empleos/analista-de-programacion-de-turnos-en-empresas-de-seguridad-881373
2026-05-08 15:43:54 | INFO | Oferta duplicada omitida: https://www.magneto365.com/co/empleos/integracion-automatizacion-control-ensamble-832860
2026-05-08 15:43:54 | INFO | Oferta duplicada omitida: https://www.magneto365.com/co/empleos/lider-de-planeacion-y-programacion-de-produccion-colombia-894342
2026-05-08 15:43:54 | INFO | Resumen ciclo | revisadas=80 | aplicadas=0 | errores=0 | omitidas=80
2026-05-08 15:43:54 | INFO | Esperando 180 segundos para el siguiente ciclo...
2026-05-08 15:46:54 | INFO | --------------------------------------------------------------------------------
2026-05-08 15:46:54 | INFO | Iniciando ciclo #16
2026-05-08 15:46:54 | INFO | Buscando en Magneto: https://www.magneto365.com/co/trabajos/buscar/full-stack-developer
2026-05-08 15:46:55 | INFO | Ofertas extraídas de Magneto: 8
2026-05-08 15:46:55 | INFO | Buscando en Magneto: https://www.magneto365.com/co/trabajos/buscar/fullstack-developer
2026-05-08 15:46:56 | INFO | Ofertas extraídas de Magneto: 6
2026-05-08 15:46:56 | INFO | Buscando en Magneto: https://www.magneto365.com/co/trabajos/buscar/frontend-developer
2026-05-08 15:46:57 | INFO | Ofertas extraídas de Magneto: 1
2026-05-08 15:46:57 | INFO | Buscando en Magneto: https://www.magneto365.com/co/trabajos/buscar/backend-developer
2026-05-08 15:46:58 | INFO | Ofertas extraídas de Magneto: 4
2026-05-08 15:46:58 | INFO | Buscando en Magneto: https://www.magneto365.com/co/trabajos/buscar/react-developer
2026-05-08 15:46:59 | INFO | Ofertas extraídas de Magneto: 6
2026-05-08 15:46:59 | INFO | Buscando en Magneto: https://www.magneto365.com/co/trabajos/buscar/react-native
2026-05-08 15:47:00 | INFO | Ofertas extraídas de Magneto: 3
2026-05-08 15:47:00 | INFO | Buscando en Magneto: https://www.magneto365.com/co/trabajos/buscar/node-js-developer
2026-05-08 15:47:21 | INFO | No se encontraron resultados visibles en la búsqueda actual.
2026-05-08 15:47:21 | INFO | Ofertas extraídas de Magneto: 0
2026-05-08 15:47:21 | INFO | Busqueda por URL sin resultados. Usando pagina de ciudad para: Node.js Developer
2026-05-08 15:47:22 | INFO | Ofertas extraídas de Magneto: 0
2026-05-08 15:47:22 | INFO | Buscando en Magneto: https://www.magneto365.com/co/trabajos/buscar/javascript-developer
2026-05-08 15:47:23 | INFO | Ofertas extraídas de Magneto: 6
2026-05-08 15:47:23 | INFO | Buscando en Magneto: https://www.magneto365.com/co/trabajos/buscar/typescript-developer
2026-05-08 15:47:44 | INFO | No se encontraron resultados visibles en la búsqueda actual.
2026-05-08 15:47:44 | INFO | Ofertas extraídas de Magneto: 0
2026-05-08 15:47:44 | INFO | Busqueda por URL sin resultados. Usando pagina de ciudad para: TypeScript Developer
2026-05-08 15:47:46 | INFO | Ofertas extraídas de Magneto: 0
2026-05-08 15:47:46 | INFO | Buscando en Magneto: https://www.magneto365.com/co/trabajos/buscar/software-engineer
2026-05-08 15:47:47 | INFO | Ofertas extraídas de Magneto: 6
2026-05-08 15:47:47 | INFO | Buscando en Magneto: https://www.magneto365.com/co/trabajos/buscar/desarrollador-fullstack
2026-05-08 15:47:48 | INFO | Ofertas extraídas de Magneto: 12
2026-05-08 15:47:48 | INFO | Buscando en Magneto: https://www.magneto365.com/co/trabajos/buscar/desarrollador-frontend
2026-05-08 15:47:49 | INFO | Ofertas extraídas de Magneto: 5
2026-05-08 15:47:49 | INFO | Buscando en Magneto: https://www.magneto365.com/co/trabajos/buscar/desarrollador-backend
2026-05-08 15:47:50 | INFO | Ofertas extraídas de Magneto: 10
2026-05-08 15:47:50 | INFO | Buscando en Magneto: https://www.magneto365.com/co/trabajos/buscar/desarrollador-react
2026-05-08 15:47:52 | INFO | Ofertas extraídas de Magneto: 13
2026-05-08 15:47:52 | INFO | Buscando en Magneto: https://www.magneto365.com/co/trabajos/buscar/desarrollador-javascript
2026-05-08 15:47:53 | INFO | Ofertas extraídas de Magneto: 11
2026-05-08 15:47:53 | INFO | Buscando en Magneto: https://www.magneto365.com/co/trabajos/buscar/desarrollador-typescript
2026-05-08 15:47:54 | INFO | Ofertas extraídas de Magneto: 1
2026-05-08 15:47:54 | INFO | Buscando en Magneto: https://www.magneto365.com/co/trabajos/buscar/desarrollador-node
2026-05-08 15:47:55 | INFO | Ofertas extraídas de Magneto: 2
2026-05-08 15:47:55 | INFO | Buscando en Magneto: https://www.magneto365.com/co/trabajos/buscar/ingeniero-software
2026-05-08 15:47:56 | INFO | Ofertas extraídas de Magneto: 17
2026-05-08 15:47:56 | INFO | Buscando en Magneto: https://www.magneto365.com/co/trabajos/buscar/analista-desarrollo
2026-05-08 15:47:57 | INFO | Ofertas extraídas de Magneto: 12
2026-05-08 15:47:57 | INFO | Buscando en Magneto: https://www.magneto365.com/co/trabajos/buscar/desarrollador-software
2026-05-08 15:47:59 | INFO | Ofertas extraídas de Magneto: 19
2026-05-08 15:47:59 | INFO | Buscando en Magneto: https://www.magneto365.com/co/trabajos/buscar/programador
2026-05-08 15:48:00 | INFO | Ofertas extraídas de Magneto: 17
2026-05-08 15:48:00 | INFO | Oferta duplicada omitida: https://www.magneto365.com/co/empleos/full-stack-developer-1626494698-9-912135
2026-05-08 15:48:00 | INFO | Oferta duplicada omitida: https://www.magneto365.com/co/empleos/desarrollador-ti-911545
2026-05-08 15:48:00 | INFO | Oferta duplicada omitida: https://www.magneto365.com/co/empleos/desarrollador-full-stack-895702
2026-05-08 15:48:00 | INFO | Oferta duplicada omitida: https://www.magneto365.com/co/empleos/desarrollador-full-896787
2026-05-08 15:48:00 | INFO | Oferta duplicada omitida: https://www.magneto365.com/co/empleos/desarrollador-fullstack-javascriptnode-js-colombia-906260
2026-05-08 15:48:00 | INFO | Oferta duplicada omitida: https://www.magneto365.com/co/empleos/desarrollador-de-software-con-enfoque-en-inteligencia-artificial-899657
2026-05-08 15:48:00 | INFO | Oferta duplicada omitida: https://www.magneto365.com/co/empleos/desarrollador-de-software-ia-javascript-react-bucaramanga-913803
2026-05-08 15:48:00 | INFO | Oferta duplicada omitida: https://www.magneto365.com/co/empleos/desarrollador-python-bogota-909596
2026-05-08 15:48:00 | INFO | Oferta duplicada omitida: https://www.magneto365.com/co/empleos/desarrolladora-fullstack-896069
2026-05-08 15:48:00 | INFO | Oferta duplicada omitida: https://www.magneto365.com/co/empleos/desarrollador-fullstack-884799
2026-05-08 15:48:00 | INFO | Oferta duplicada omitida: https://www.magneto365.com/co/empleos/ingeniero-fullstack-senior-net-flutter-angular-teletrabajo-en-colombia-882683
2026-05-08 15:48:00 | INFO | Oferta duplicada omitida: https://www.magneto365.com/co/empleos/desarrollador-fullstack-senior-net-react-teletrabajo-colombia-889531
2026-05-08 15:48:00 | INFO | Oferta duplicada omitida: https://www.magneto365.com/co/empleos/desarrollador-fullstack-medellin-846369
2026-05-08 15:48:00 | INFO | Oferta duplicada omitida: https://www.magneto365.com/co/empleos/desarrollador-backend-senior-python-897964
2026-05-08 15:48:00 | INFO | Oferta duplicada omitida: https://www.magneto365.com/co/empleos/desarrollador-a-mobile-react-native-bogota-913246
2026-05-08 15:48:00 | INFO | Oferta duplicada omitida: https://www.magneto365.com/co/empleos/analista-tecnico-senior-bilingue-b2c1-java-react-react-native-remoto-bogota-887625
2026-05-08 15:48:00 | INFO | Oferta duplicada omitida: https://www.magneto365.com/co/empleos/desarrollador-senior-full-stack-bilingue-java-react-remoto-bogota-892791
2026-05-08 15:48:00 | INFO | Oferta duplicada omitida: https://www.magneto365.com/co/empleos/desarrollador-de-software-909610
2026-05-08 15:48:00 | INFO | Oferta duplicada omitida: https://www.magneto365.com/co/empleos/senior-data-engineer-1626494698-8-892405
2026-05-08 15:48:00 | INFO | Oferta duplicada omitida: https://www.magneto365.com/co/empleos/ingeniero-devops-mid-junior-899771
2026-05-08 15:48:00 | INFO | Oferta duplicada omitida: https://www.magneto365.com/co/empleos/analista-qa-882273
2026-05-08 15:48:00 | INFO | Oferta duplicada omitida: https://www.magneto365.com/co/empleos/desarrollador-fullstack-senior-hibrido-en-cali-895467
2026-05-08 15:48:00 | INFO | Oferta duplicada omitida: https://www.magneto365.com/co/empleos/desarrollador-fullstack-en-hidrocarburos-python-java-891227
2026-05-08 15:48:00 | INFO | Oferta duplicada omitida: https://www.magneto365.com/co/empleos/desarrollador-fullstack-senior-hibrido-en-cali-848809
2026-05-08 15:48:00 | INFO | Oferta duplicada omitida: https://www.magneto365.com/co/empleos/desarrollador-fullstack-senior-829393
2026-05-08 15:48:00 | INFO | Oferta duplicada omitida: https://www.magneto365.com/co/empleos/desarrollador-php-freelance-884817
2026-05-08 15:48:00 | INFO | Oferta duplicada omitida: https://www.magneto365.com/co/empleos/desarrollador-a-de-software-891058
2026-05-08 15:48:00 | INFO | Oferta duplicada omitida: https://www.magneto365.com/co/empleos/desarrollador-frontend-y-gestion-de-contenido-medellin-884727
2026-05-08 15:48:00 | INFO | Oferta duplicada omitida: https://www.magneto365.com/co/empleos/desarrollador-frontend-webmaster-847312
2026-05-08 15:48:00 | INFO | Oferta duplicada omitida: https://www.magneto365.com/co/empleos/senior-frontend-engineer-907809
2026-05-08 15:48:00 | INFO | Oferta duplicada omitida: https://www.magneto365.com/co/empleos/desarrollador-front-end-ecommerce-897233
2026-05-08 15:48:00 | INFO | Oferta duplicada omitida: https://www.magneto365.com/co/empleos/desarrollador-backend-912569
2026-05-08 15:48:00 | INFO | Oferta duplicada omitida: https://www.magneto365.com/co/empleos/desarrollador-backend-oracle-plsql-hxgn-eam-galapa-907640
2026-05-08 15:48:00 | INFO | Oferta duplicada omitida: https://www.magneto365.com/co/empleos/desarrollador-backend-884791
2026-05-08 15:48:00 | INFO | Oferta duplicada omitida: https://www.magneto365.com/co/empleos/desarrollador-senior-java-spring-boot-y-python-remoto-colombia-899477
2026-05-08 15:48:00 | INFO | Oferta duplicada omitida: https://www.magneto365.com/co/empleos/desarrollador-full-stack-895178
2026-05-08 15:48:00 | INFO | Oferta duplicada omitida: https://www.magneto365.com/co/empleos/especialista-i-desarrollador-pco-886336
2026-05-08 15:48:00 | INFO | Oferta duplicada omitida: https://www.magneto365.com/co/empleos/desarrollador-full-stack-python-react-ia-cali-908099
2026-05-08 15:48:00 | INFO | Oferta duplicada omitida: https://www.magneto365.com/co/empleos/desarrollador-senior-full-stack-909405
2026-05-08 15:48:00 | INFO | Oferta duplicada omitida: https://www.magneto365.com/co/empleos/desarrolladorprogramador-bi-financiera-888680
2026-05-08 15:48:00 | INFO | Oferta duplicada omitida: https://www.magneto365.com/co/empleos/desarrollador-especialista-de-software-medellin-843102
2026-05-08 15:48:00 | INFO | Oferta duplicada omitida: https://www.magneto365.com/co/empleos/desarrollador-de-software-835075
2026-05-08 15:48:00 | INFO | Oferta duplicada omitida: https://www.magneto365.com/co/empleos/ingeniero-a-tecnologia-talento-que-transforma-913134
2026-05-08 15:48:00 | INFO | Oferta duplicada omitida: https://www.magneto365.com/co/empleos/tester-qa-pruebas-de-software-hibrido-bogota-908108
2026-05-08 15:48:00 | INFO | Oferta duplicada omitida: https://www.magneto365.com/co/empleos/coordinadora-de-servicios-de-desarrollo-de-software-1626119083-2-900284
2026-05-08 15:48:00 | INFO | Oferta duplicada omitida: https://www.magneto365.com/co/empleos/arquitecto-de-software-899087
2026-05-08 15:48:00 | INFO | Oferta duplicada omitida: https://www.magneto365.com/co/empleos/lider-tecnico-desarrollo-software-java-888526
2026-05-08 15:48:00 | INFO | Oferta duplicada omitida: https://www.magneto365.com/co/empleos/arquitecto-de-software-para-transformacion-digital-en-salud-y-contabilidad-886496
2026-05-08 15:48:00 | INFO | Oferta duplicada omitida: https://www.magneto365.com/co/empleos/arquitecto-de-software-822827
2026-05-08 15:48:00 | INFO | Oferta duplicada omitida: https://www.magneto365.com/co/empleos/practicante-sistemas-de-informacion-base-comercial-895470
2026-05-08 15:48:00 | INFO | Oferta duplicada omitida: https://www.magneto365.com/co/empleos/desarrollador-de-software-lider-microservicios-remoto-894672
2026-05-08 15:48:00 | INFO | Oferta duplicada omitida: https://www.magneto365.com/co/empleos/analista-tecnico-senior-desarrollo-de-software-bilingue-884537
2026-05-08 15:48:00 | INFO | Oferta duplicada omitida: https://www.magneto365.com/co/empleos/practicante-ingenieria-de-sistemas-desarrollo-y-soporte-ti-bogota-901179
2026-05-08 15:48:00 | INFO | Oferta duplicada omitida: https://www.magneto365.com/co/empleos/practicante-profesional-ingenieria-de-sistemas-medellin-899409
2026-05-08 15:48:00 | INFO | Oferta duplicada omitida: https://www.magneto365.com/co/empleos/practicante-chatbot-contratacion-y-colaboradores-whatsapp-895458
2026-05-08 15:48:00 | INFO | Oferta duplicada omitida: https://www.magneto365.com/co/empleos/analista-desarrollo-comercial-ii-bogota-899720
2026-05-08 15:48:00 | INFO | Oferta duplicada omitida: https://www.magneto365.com/co/empleos/analista-de-desarrollo-de-software-net-angular-sql-server-colombia-914543
2026-05-08 15:48:00 | INFO | Oferta duplicada omitida: https://www.magneto365.com/co/empleos/analista-de-ingenieria-desarrollo-de-producto-industrial-914466
2026-05-08 15:48:00 | INFO | Oferta duplicada omitida: https://www.magneto365.com/co/empleos/analista-de-desarrollo-logistico-908067
2026-05-08 15:48:00 | INFO | Oferta duplicada omitida: https://www.magneto365.com/co/empleos/analista-de-desarrollo-de-productos-industria-colombia-906038
2026-05-08 15:48:00 | INFO | Oferta duplicada omitida: https://www.magneto365.com/co/empleos/analista-de-formacion-y-desarrollo-de-talento-905159
2026-05-08 15:48:00 | INFO | Oferta duplicada omitida: https://www.magneto365.com/co/empleos/analista-de-cultura-y-desarrollo-temporal-por-licencia-de-maternidad-901840
2026-05-08 15:48:00 | INFO | Oferta duplicada omitida: https://www.magneto365.com/co/empleos/analista-de-automatizacion-y-desarrollo-termino-fijo-900710
2026-05-08 15:48:00 | INFO | Oferta duplicada omitida: https://www.magneto365.com/co/empleos/analista-de-desarrollo-de-software-1626071855-68-897977
2026-05-08 15:48:00 | INFO | Oferta duplicada omitida: https://www.magneto365.com/co/empleos/analista-de-desarrollo-humano-897395
2026-05-08 15:48:00 | INFO | Oferta duplicada omitida: https://www.magneto365.com/co/empleos/analista-de-atraccion-cultura-y-desarrollo-1626073720-39-887030
2026-05-08 15:48:00 | INFO | Oferta duplicada omitida: https://www.magneto365.com/co/empleos/desarrolladora-de-software-1626142096-3-908837
2026-05-08 15:48:00 | INFO | Oferta duplicada omitida: https://www.magneto365.com/co/empleos/ceid-desarrolladora-de-software-senior-rpa-905848
2026-05-08 15:48:00 | INFO | Oferta duplicada omitida: https://www.magneto365.com/co/empleos/desarrolladora-de-software-qa-1626436242-51-906064
2026-05-08 15:48:00 | INFO | Oferta duplicada omitida: https://www.magneto365.com/co/empleos/ceid-desarrollador-de-software-semisenior-1626492604-5-891596
2026-05-08 15:48:00 | INFO | Oferta duplicada omitida: https://www.magneto365.com/co/empleos/desarrollador-de-negocios-bogota-910216
2026-05-08 15:48:00 | INFO | Oferta duplicada omitida: https://www.magneto365.com/co/empleos/desarrollador-mid-level-sprint-contributor-902838
2026-05-08 15:48:00 | INFO | Oferta duplicada omitida: https://www.magneto365.com/co/empleos/desarrolladora-fronted-1626040293-334-896881
2026-05-08 15:48:00 | INFO | Oferta duplicada omitida: https://www.magneto365.com/co/empleos/programador-de-publicidad-digital-893246
2026-05-08 15:48:00 | INFO | Oferta duplicada omitida: https://www.magneto365.com/co/empleos/programador-tornero-cnc-puente-aranda-891925
2026-05-08 15:48:00 | INFO | Oferta duplicada omitida: https://www.magneto365.com/co/empleos/programador-de-flota-33303-886852
2026-05-08 15:48:00 | INFO | Oferta duplicada omitida: https://www.magneto365.com/co/empleos/instrumentador-quirurgico-888639
2026-05-08 15:48:00 | INFO | Oferta duplicada omitida: https://www.magneto365.com/co/empleos/analista-de-programacion-de-turnos-en-empresas-de-seguridad-881373
2026-05-08 15:48:00 | INFO | Oferta duplicada omitida: https://www.magneto365.com/co/empleos/integracion-automatizacion-control-ensamble-832860
2026-05-08 15:48:00 | INFO | Oferta duplicada omitida: https://www.magneto365.com/co/empleos/lider-de-planeacion-y-programacion-de-produccion-colombia-894342
2026-05-08 15:48:00 | INFO | Resumen ciclo | revisadas=80 | aplicadas=0 | errores=0 | omitidas=80
2026-05-08 15:48:00 | INFO | Esperando 180 segundos para el siguiente ciclo...
2026-05-08 15:51:00 | INFO | --------------------------------------------------------------------------------
2026-05-08 15:51:00 | INFO | Iniciando ciclo #17
2026-05-08 15:51:00 | INFO | Buscando en Magneto: https://www.magneto365.com/co/trabajos/buscar/full-stack-developer
2026-05-08 15:51:02 | INFO | Ofertas extraídas de Magneto: 8
2026-05-08 15:51:02 | INFO | Buscando en Magneto: https://www.magneto365.com/co/trabajos/buscar/fullstack-developer
2026-05-08 15:51:02 | INFO | Ofertas extraídas de Magneto: 6
2026-05-08 15:51:02 | INFO | Buscando en Magneto: https://www.magneto365.com/co/trabajos/buscar/frontend-developer
2026-05-08 15:51:03 | INFO | Ofertas extraídas de Magneto: 1
2026-05-08 15:51:03 | INFO | Buscando en Magneto: https://www.magneto365.com/co/trabajos/buscar/backend-developer
2026-05-08 15:51:04 | INFO | Ofertas extraídas de Magneto: 4
2026-05-08 15:51:04 | INFO | Buscando en Magneto: https://www.magneto365.com/co/trabajos/buscar/react-developer
2026-05-08 15:51:05 | INFO | Ofertas extraídas de Magneto: 6
2026-05-08 15:51:05 | INFO | Buscando en Magneto: https://www.magneto365.com/co/trabajos/buscar/react-native
2026-05-08 15:51:06 | INFO | Ofertas extraídas de Magneto: 3
2026-05-08 15:51:06 | INFO | Buscando en Magneto: https://www.magneto365.com/co/trabajos/buscar/node-js-developer
2026-05-08 15:51:27 | INFO | No se encontraron resultados visibles en la búsqueda actual.
2026-05-08 15:51:27 | INFO | Ofertas extraídas de Magneto: 0
2026-05-08 15:51:27 | INFO | Busqueda por URL sin resultados. Usando pagina de ciudad para: Node.js Developer
2026-05-08 15:51:30 | INFO | Ofertas extraídas de Magneto: 0
2026-05-08 15:51:30 | INFO | Buscando en Magneto: https://www.magneto365.com/co/trabajos/buscar/javascript-developer
2026-05-08 15:51:31 | INFO | Ofertas extraídas de Magneto: 6
2026-05-08 15:51:31 | INFO | Buscando en Magneto: https://www.magneto365.com/co/trabajos/buscar/typescript-developer
2026-05-08 15:51:52 | INFO | No se encontraron resultados visibles en la búsqueda actual.
2026-05-08 15:51:52 | INFO | Ofertas extraídas de Magneto: 0
2026-05-08 15:51:52 | INFO | Busqueda por URL sin resultados. Usando pagina de ciudad para: TypeScript Developer
2026-05-08 15:51:53 | INFO | Ofertas extraídas de Magneto: 0
2026-05-08 15:51:53 | INFO | Buscando en Magneto: https://www.magneto365.com/co/trabajos/buscar/software-engineer
2026-05-08 15:51:54 | INFO | Ofertas extraídas de Magneto: 6
2026-05-08 15:51:54 | INFO | Buscando en Magneto: https://www.magneto365.com/co/trabajos/buscar/desarrollador-fullstack
2026-05-08 15:51:55 | INFO | Ofertas extraídas de Magneto: 12
2026-05-08 15:51:55 | INFO | Buscando en Magneto: https://www.magneto365.com/co/trabajos/buscar/desarrollador-frontend
2026-05-08 15:51:56 | INFO | Ofertas extraídas de Magneto: 5
2026-05-08 15:51:56 | INFO | Buscando en Magneto: https://www.magneto365.com/co/trabajos/buscar/desarrollador-backend
2026-05-08 15:51:57 | INFO | Ofertas extraídas de Magneto: 10
2026-05-08 15:51:57 | INFO | Buscando en Magneto: https://www.magneto365.com/co/trabajos/buscar/desarrollador-react
2026-05-08 15:51:58 | INFO | Ofertas extraídas de Magneto: 13
2026-05-08 15:51:58 | INFO | Buscando en Magneto: https://www.magneto365.com/co/trabajos/buscar/desarrollador-javascript
2026-05-08 15:52:00 | INFO | Ofertas extraídas de Magneto: 11
2026-05-08 15:52:00 | INFO | Buscando en Magneto: https://www.magneto365.com/co/trabajos/buscar/desarrollador-typescript
2026-05-08 15:52:01 | INFO | Ofertas extraídas de Magneto: 1
2026-05-08 15:52:01 | INFO | Buscando en Magneto: https://www.magneto365.com/co/trabajos/buscar/desarrollador-node
2026-05-08 15:52:02 | INFO | Ofertas extraídas de Magneto: 2
2026-05-08 15:52:02 | INFO | Buscando en Magneto: https://www.magneto365.com/co/trabajos/buscar/ingeniero-software
2026-05-08 15:52:04 | INFO | Ofertas extraídas de Magneto: 17
2026-05-08 15:52:04 | INFO | Buscando en Magneto: https://www.magneto365.com/co/trabajos/buscar/analista-desarrollo
2026-05-08 15:52:05 | INFO | Ofertas extraídas de Magneto: 12
2026-05-08 15:52:05 | INFO | Buscando en Magneto: https://www.magneto365.com/co/trabajos/buscar/desarrollador-software
2026-05-08 15:52:07 | INFO | Ofertas extraídas de Magneto: 19
2026-05-08 15:52:07 | INFO | Buscando en Magneto: https://www.magneto365.com/co/trabajos/buscar/programador
2026-05-08 15:52:08 | INFO | Ofertas extraídas de Magneto: 17
2026-05-08 15:52:08 | INFO | Oferta duplicada omitida: https://www.magneto365.com/co/empleos/full-stack-developer-1626494698-9-912135
2026-05-08 15:52:08 | INFO | Oferta duplicada omitida: https://www.magneto365.com/co/empleos/desarrollador-ti-911545
2026-05-08 15:52:08 | INFO | Oferta duplicada omitida: https://www.magneto365.com/co/empleos/desarrollador-full-stack-895702
2026-05-08 15:52:08 | INFO | Oferta duplicada omitida: https://www.magneto365.com/co/empleos/desarrollador-full-896787
2026-05-08 15:52:08 | INFO | Oferta duplicada omitida: https://www.magneto365.com/co/empleos/desarrollador-fullstack-javascriptnode-js-colombia-906260
2026-05-08 15:52:08 | INFO | Oferta duplicada omitida: https://www.magneto365.com/co/empleos/desarrollador-de-software-con-enfoque-en-inteligencia-artificial-899657
2026-05-08 15:52:08 | INFO | Oferta duplicada omitida: https://www.magneto365.com/co/empleos/desarrollador-de-software-ia-javascript-react-bucaramanga-913803
2026-05-08 15:52:08 | INFO | Oferta duplicada omitida: https://www.magneto365.com/co/empleos/desarrollador-python-bogota-909596
2026-05-08 15:52:08 | INFO | Oferta duplicada omitida: https://www.magneto365.com/co/empleos/desarrolladora-fullstack-896069
2026-05-08 15:52:08 | INFO | Oferta duplicada omitida: https://www.magneto365.com/co/empleos/desarrollador-fullstack-884799
2026-05-08 15:52:08 | INFO | Oferta duplicada omitida: https://www.magneto365.com/co/empleos/ingeniero-fullstack-senior-net-flutter-angular-teletrabajo-en-colombia-882683
2026-05-08 15:52:08 | INFO | Oferta duplicada omitida: https://www.magneto365.com/co/empleos/desarrollador-fullstack-senior-net-react-teletrabajo-colombia-889531
2026-05-08 15:52:08 | INFO | Oferta duplicada omitida: https://www.magneto365.com/co/empleos/desarrollador-fullstack-medellin-846369
2026-05-08 15:52:08 | INFO | Oferta duplicada omitida: https://www.magneto365.com/co/empleos/desarrollador-backend-senior-python-897964
2026-05-08 15:52:08 | INFO | Oferta duplicada omitida: https://www.magneto365.com/co/empleos/desarrollador-a-mobile-react-native-bogota-913246
2026-05-08 15:52:08 | INFO | Oferta duplicada omitida: https://www.magneto365.com/co/empleos/analista-tecnico-senior-bilingue-b2c1-java-react-react-native-remoto-bogota-887625
2026-05-08 15:52:08 | INFO | Oferta duplicada omitida: https://www.magneto365.com/co/empleos/desarrollador-senior-full-stack-bilingue-java-react-remoto-bogota-892791
2026-05-08 15:52:08 | INFO | Oferta duplicada omitida: https://www.magneto365.com/co/empleos/desarrollador-de-software-909610
2026-05-08 15:52:08 | INFO | Oferta duplicada omitida: https://www.magneto365.com/co/empleos/senior-data-engineer-1626494698-8-892405
2026-05-08 15:52:08 | INFO | Oferta duplicada omitida: https://www.magneto365.com/co/empleos/ingeniero-devops-mid-junior-899771
2026-05-08 15:52:08 | INFO | Oferta duplicada omitida: https://www.magneto365.com/co/empleos/analista-qa-882273
2026-05-08 15:52:08 | INFO | Oferta duplicada omitida: https://www.magneto365.com/co/empleos/desarrollador-fullstack-senior-hibrido-en-cali-895467
2026-05-08 15:52:08 | INFO | Oferta duplicada omitida: https://www.magneto365.com/co/empleos/desarrollador-fullstack-en-hidrocarburos-python-java-891227
2026-05-08 15:52:08 | INFO | Oferta duplicada omitida: https://www.magneto365.com/co/empleos/desarrollador-fullstack-senior-hibrido-en-cali-848809
2026-05-08 15:52:08 | INFO | Oferta duplicada omitida: https://www.magneto365.com/co/empleos/desarrollador-fullstack-senior-829393
2026-05-08 15:52:08 | INFO | Oferta duplicada omitida: https://www.magneto365.com/co/empleos/desarrollador-php-freelance-884817
2026-05-08 15:52:08 | INFO | Oferta duplicada omitida: https://www.magneto365.com/co/empleos/desarrollador-a-de-software-891058
2026-05-08 15:52:08 | INFO | Oferta duplicada omitida: https://www.magneto365.com/co/empleos/desarrollador-frontend-y-gestion-de-contenido-medellin-884727
2026-05-08 15:52:08 | INFO | Oferta duplicada omitida: https://www.magneto365.com/co/empleos/desarrollador-frontend-webmaster-847312
2026-05-08 15:52:08 | INFO | Oferta duplicada omitida: https://www.magneto365.com/co/empleos/senior-frontend-engineer-907809
2026-05-08 15:52:08 | INFO | Oferta duplicada omitida: https://www.magneto365.com/co/empleos/desarrollador-front-end-ecommerce-897233
2026-05-08 15:52:08 | INFO | Oferta duplicada omitida: https://www.magneto365.com/co/empleos/desarrollador-backend-912569
2026-05-08 15:52:08 | INFO | Oferta duplicada omitida: https://www.magneto365.com/co/empleos/desarrollador-backend-oracle-plsql-hxgn-eam-galapa-907640
2026-05-08 15:52:08 | INFO | Oferta duplicada omitida: https://www.magneto365.com/co/empleos/desarrollador-backend-884791
2026-05-08 15:52:08 | INFO | Oferta duplicada omitida: https://www.magneto365.com/co/empleos/desarrollador-senior-java-spring-boot-y-python-remoto-colombia-899477
2026-05-08 15:52:08 | INFO | Oferta duplicada omitida: https://www.magneto365.com/co/empleos/desarrollador-full-stack-895178
2026-05-08 15:52:08 | INFO | Oferta duplicada omitida: https://www.magneto365.com/co/empleos/especialista-i-desarrollador-pco-886336
2026-05-08 15:52:08 | INFO | Oferta duplicada omitida: https://www.magneto365.com/co/empleos/desarrollador-full-stack-python-react-ia-cali-908099
2026-05-08 15:52:08 | INFO | Oferta duplicada omitida: https://www.magneto365.com/co/empleos/desarrollador-senior-full-stack-909405
2026-05-08 15:52:08 | INFO | Oferta duplicada omitida: https://www.magneto365.com/co/empleos/desarrolladorprogramador-bi-financiera-888680
2026-05-08 15:52:08 | INFO | Oferta duplicada omitida: https://www.magneto365.com/co/empleos/desarrollador-especialista-de-software-medellin-843102
2026-05-08 15:52:08 | INFO | Oferta duplicada omitida: https://www.magneto365.com/co/empleos/desarrollador-de-software-835075
2026-05-08 15:52:08 | INFO | Oferta duplicada omitida: https://www.magneto365.com/co/empleos/ingeniero-a-tecnologia-talento-que-transforma-913134
2026-05-08 15:52:08 | INFO | Oferta duplicada omitida: https://www.magneto365.com/co/empleos/tester-qa-pruebas-de-software-hibrido-bogota-908108
2026-05-08 15:52:08 | INFO | Oferta duplicada omitida: https://www.magneto365.com/co/empleos/coordinadora-de-servicios-de-desarrollo-de-software-1626119083-2-900284
2026-05-08 15:52:08 | INFO | Oferta duplicada omitida: https://www.magneto365.com/co/empleos/arquitecto-de-software-899087
2026-05-08 15:52:08 | INFO | Oferta duplicada omitida: https://www.magneto365.com/co/empleos/lider-tecnico-desarrollo-software-java-888526
2026-05-08 15:52:08 | INFO | Oferta duplicada omitida: https://www.magneto365.com/co/empleos/arquitecto-de-software-para-transformacion-digital-en-salud-y-contabilidad-886496
2026-05-08 15:52:08 | INFO | Oferta duplicada omitida: https://www.magneto365.com/co/empleos/arquitecto-de-software-822827
2026-05-08 15:52:08 | INFO | Oferta duplicada omitida: https://www.magneto365.com/co/empleos/practicante-sistemas-de-informacion-base-comercial-895470
2026-05-08 15:52:08 | INFO | Oferta duplicada omitida: https://www.magneto365.com/co/empleos/desarrollador-de-software-lider-microservicios-remoto-894672
2026-05-08 15:52:08 | INFO | Oferta duplicada omitida: https://www.magneto365.com/co/empleos/analista-tecnico-senior-desarrollo-de-software-bilingue-884537
2026-05-08 15:52:08 | INFO | Oferta duplicada omitida: https://www.magneto365.com/co/empleos/practicante-ingenieria-de-sistemas-desarrollo-y-soporte-ti-bogota-901179
2026-05-08 15:52:08 | INFO | Oferta duplicada omitida: https://www.magneto365.com/co/empleos/practicante-profesional-ingenieria-de-sistemas-medellin-899409
2026-05-08 15:52:08 | INFO | Oferta duplicada omitida: https://www.magneto365.com/co/empleos/practicante-chatbot-contratacion-y-colaboradores-whatsapp-895458
2026-05-08 15:52:08 | INFO | Oferta duplicada omitida: https://www.magneto365.com/co/empleos/analista-desarrollo-comercial-ii-bogota-899720
2026-05-08 15:52:08 | INFO | Oferta duplicada omitida: https://www.magneto365.com/co/empleos/analista-de-desarrollo-de-software-net-angular-sql-server-colombia-914543
2026-05-08 15:52:08 | INFO | Oferta duplicada omitida: https://www.magneto365.com/co/empleos/analista-de-ingenieria-desarrollo-de-producto-industrial-914466
2026-05-08 15:52:08 | INFO | Oferta duplicada omitida: https://www.magneto365.com/co/empleos/analista-de-desarrollo-logistico-908067
2026-05-08 15:52:08 | INFO | Oferta duplicada omitida: https://www.magneto365.com/co/empleos/analista-de-desarrollo-de-productos-industria-colombia-906038
2026-05-08 15:52:08 | INFO | Oferta duplicada omitida: https://www.magneto365.com/co/empleos/analista-de-formacion-y-desarrollo-de-talento-905159
2026-05-08 15:52:08 | INFO | Oferta duplicada omitida: https://www.magneto365.com/co/empleos/analista-de-cultura-y-desarrollo-temporal-por-licencia-de-maternidad-901840
2026-05-08 15:52:08 | INFO | Oferta duplicada omitida: https://www.magneto365.com/co/empleos/analista-de-automatizacion-y-desarrollo-termino-fijo-900710
2026-05-08 15:52:08 | INFO | Oferta duplicada omitida: https://www.magneto365.com/co/empleos/analista-de-desarrollo-de-software-1626071855-68-897977
2026-05-08 15:52:08 | INFO | Oferta duplicada omitida: https://www.magneto365.com/co/empleos/analista-de-desarrollo-humano-897395
2026-05-08 15:52:08 | INFO | Oferta duplicada omitida: https://www.magneto365.com/co/empleos/analista-de-atraccion-cultura-y-desarrollo-1626073720-39-887030
2026-05-08 15:52:08 | INFO | Oferta duplicada omitida: https://www.magneto365.com/co/empleos/desarrolladora-de-software-1626142096-3-908837
2026-05-08 15:52:08 | INFO | Oferta duplicada omitida: https://www.magneto365.com/co/empleos/ceid-desarrolladora-de-software-senior-rpa-905848
2026-05-08 15:52:08 | INFO | Oferta duplicada omitida: https://www.magneto365.com/co/empleos/desarrolladora-de-software-qa-1626436242-51-906064
2026-05-08 15:52:08 | INFO | Oferta duplicada omitida: https://www.magneto365.com/co/empleos/ceid-desarrollador-de-software-semisenior-1626492604-5-891596
2026-05-08 15:52:08 | INFO | Oferta duplicada omitida: https://www.magneto365.com/co/empleos/desarrollador-de-negocios-bogota-910216
2026-05-08 15:52:08 | INFO | Oferta duplicada omitida: https://www.magneto365.com/co/empleos/desarrollador-mid-level-sprint-contributor-902838
2026-05-08 15:52:08 | INFO | Oferta duplicada omitida: https://www.magneto365.com/co/empleos/desarrolladora-fronted-1626040293-334-896881
2026-05-08 15:52:08 | INFO | Oferta duplicada omitida: https://www.magneto365.com/co/empleos/programador-de-publicidad-digital-893246
2026-05-08 15:52:08 | INFO | Oferta duplicada omitida: https://www.magneto365.com/co/empleos/programador-tornero-cnc-puente-aranda-891925
2026-05-08 15:52:08 | INFO | Oferta duplicada omitida: https://www.magneto365.com/co/empleos/programador-de-flota-33303-886852
2026-05-08 15:52:08 | INFO | Oferta duplicada omitida: https://www.magneto365.com/co/empleos/instrumentador-quirurgico-888639
2026-05-08 15:52:08 | INFO | Oferta duplicada omitida: https://www.magneto365.com/co/empleos/analista-de-programacion-de-turnos-en-empresas-de-seguridad-881373
2026-05-08 15:52:08 | INFO | Oferta duplicada omitida: https://www.magneto365.com/co/empleos/integracion-automatizacion-control-ensamble-832860
2026-05-08 15:52:08 | INFO | Oferta duplicada omitida: https://www.magneto365.com/co/empleos/lider-de-planeacion-y-programacion-de-produccion-colombia-894342
2026-05-08 15:52:08 | INFO | Resumen ciclo | revisadas=80 | aplicadas=0 | errores=0 | omitidas=80
2026-05-08 15:52:08 | INFO | Esperando 180 segundos para el siguiente ciclo...
2026-05-08 15:55:08 | INFO | --------------------------------------------------------------------------------
2026-05-08 15:55:08 | INFO | Iniciando ciclo #18
2026-05-08 15:55:08 | INFO | Buscando en Magneto: https://www.magneto365.com/co/trabajos/buscar/full-stack-developer
2026-05-08 15:55:09 | INFO | Ofertas extraídas de Magneto: 8
2026-05-08 15:55:09 | INFO | Buscando en Magneto: https://www.magneto365.com/co/trabajos/buscar/fullstack-developer
2026-05-08 15:55:10 | INFO | Ofertas extraídas de Magneto: 6
2026-05-08 15:55:10 | INFO | Buscando en Magneto: https://www.magneto365.com/co/trabajos/buscar/frontend-developer
2026-05-08 15:55:11 | INFO | Ofertas extraídas de Magneto: 1
2026-05-08 15:55:11 | INFO | Buscando en Magneto: https://www.magneto365.com/co/trabajos/buscar/backend-developer
2026-05-08 15:55:12 | INFO | Ofertas extraídas de Magneto: 4
2026-05-08 15:55:12 | INFO | Buscando en Magneto: https://www.magneto365.com/co/trabajos/buscar/react-developer
2026-05-08 15:55:13 | INFO | Ofertas extraídas de Magneto: 6
2026-05-08 15:55:13 | INFO | Buscando en Magneto: https://www.magneto365.com/co/trabajos/buscar/react-native
2026-05-08 15:55:14 | INFO | Ofertas extraídas de Magneto: 3
2026-05-08 15:55:14 | INFO | Buscando en Magneto: https://www.magneto365.com/co/trabajos/buscar/node-js-developer
2026-05-08 15:55:36 | INFO | No se encontraron resultados visibles en la búsqueda actual.
2026-05-08 15:55:36 | INFO | Ofertas extraídas de Magneto: 0
2026-05-08 15:55:36 | INFO | Busqueda por URL sin resultados. Usando pagina de ciudad para: Node.js Developer
2026-05-08 15:55:37 | INFO | Ofertas extraídas de Magneto: 0
2026-05-08 15:55:37 | INFO | Buscando en Magneto: https://www.magneto365.com/co/trabajos/buscar/javascript-developer
2026-05-08 15:55:38 | INFO | Ofertas extraídas de Magneto: 6
2026-05-08 15:55:38 | INFO | Buscando en Magneto: https://www.magneto365.com/co/trabajos/buscar/typescript-developer
2026-05-08 15:55:59 | INFO | No se encontraron resultados visibles en la búsqueda actual.
2026-05-08 15:55:59 | INFO | Ofertas extraídas de Magneto: 0
2026-05-08 15:55:59 | INFO | Busqueda por URL sin resultados. Usando pagina de ciudad para: TypeScript Developer
2026-05-08 15:56:01 | INFO | Ofertas extraídas de Magneto: 0
2026-05-08 15:56:01 | INFO | Buscando en Magneto: https://www.magneto365.com/co/trabajos/buscar/software-engineer
2026-05-08 15:56:02 | INFO | Ofertas extraídas de Magneto: 6
2026-05-08 15:56:02 | INFO | Buscando en Magneto: https://www.magneto365.com/co/trabajos/buscar/desarrollador-fullstack
2026-05-08 15:56:04 | INFO | Ofertas extraídas de Magneto: 12
2026-05-08 15:56:04 | INFO | Buscando en Magneto: https://www.magneto365.com/co/trabajos/buscar/desarrollador-frontend
2026-05-08 15:56:05 | INFO | Ofertas extraídas de Magneto: 5
2026-05-08 15:56:05 | INFO | Buscando en Magneto: https://www.magneto365.com/co/trabajos/buscar/desarrollador-backend
2026-05-08 15:56:06 | INFO | Ofertas extraídas de Magneto: 10
2026-05-08 15:56:06 | INFO | Buscando en Magneto: https://www.magneto365.com/co/trabajos/buscar/desarrollador-react
2026-05-08 15:56:07 | INFO | Ofertas extraídas de Magneto: 13
2026-05-08 15:56:07 | INFO | Buscando en Magneto: https://www.magneto365.com/co/trabajos/buscar/desarrollador-javascript
2026-05-08 15:56:08 | INFO | Ofertas extraídas de Magneto: 11
2026-05-08 15:56:08 | INFO | Buscando en Magneto: https://www.magneto365.com/co/trabajos/buscar/desarrollador-typescript
2026-05-08 15:56:09 | INFO | Ofertas extraídas de Magneto: 1
2026-05-08 15:56:09 | INFO | Buscando en Magneto: https://www.magneto365.com/co/trabajos/buscar/desarrollador-node
2026-05-08 15:56:10 | INFO | Ofertas extraídas de Magneto: 2
2026-05-08 15:56:10 | INFO | Buscando en Magneto: https://www.magneto365.com/co/trabajos/buscar/ingeniero-software
2026-05-08 15:56:11 | INFO | Ofertas extraídas de Magneto: 17
2026-05-08 15:56:11 | INFO | Buscando en Magneto: https://www.magneto365.com/co/trabajos/buscar/analista-desarrollo
2026-05-08 15:56:13 | INFO | Ofertas extraídas de Magneto: 12
2026-05-08 15:56:13 | INFO | Buscando en Magneto: https://www.magneto365.com/co/trabajos/buscar/desarrollador-software
2026-05-08 15:56:14 | INFO | Ofertas extraídas de Magneto: 19
2026-05-08 15:56:14 | INFO | Buscando en Magneto: https://www.magneto365.com/co/trabajos/buscar/programador
2026-05-08 15:56:15 | INFO | Ofertas extraídas de Magneto: 17
2026-05-08 15:56:15 | INFO | Oferta duplicada omitida: https://www.magneto365.com/co/empleos/full-stack-developer-1626494698-9-912135
2026-05-08 15:56:15 | INFO | Oferta duplicada omitida: https://www.magneto365.com/co/empleos/desarrollador-ti-911545
2026-05-08 15:56:15 | INFO | Oferta duplicada omitida: https://www.magneto365.com/co/empleos/desarrollador-full-stack-895702
2026-05-08 15:56:15 | INFO | Oferta duplicada omitida: https://www.magneto365.com/co/empleos/desarrollador-full-896787
2026-05-08 15:56:15 | INFO | Oferta duplicada omitida: https://www.magneto365.com/co/empleos/desarrollador-fullstack-javascriptnode-js-colombia-906260
2026-05-08 15:56:15 | INFO | Oferta duplicada omitida: https://www.magneto365.com/co/empleos/desarrollador-de-software-con-enfoque-en-inteligencia-artificial-899657
2026-05-08 15:56:15 | INFO | Oferta duplicada omitida: https://www.magneto365.com/co/empleos/desarrollador-de-software-ia-javascript-react-bucaramanga-913803
2026-05-08 15:56:15 | INFO | Oferta duplicada omitida: https://www.magneto365.com/co/empleos/desarrollador-python-bogota-909596
2026-05-08 15:56:15 | INFO | Oferta duplicada omitida: https://www.magneto365.com/co/empleos/desarrolladora-fullstack-896069
2026-05-08 15:56:15 | INFO | Oferta duplicada omitida: https://www.magneto365.com/co/empleos/desarrollador-fullstack-884799
2026-05-08 15:56:15 | INFO | Oferta duplicada omitida: https://www.magneto365.com/co/empleos/ingeniero-fullstack-senior-net-flutter-angular-teletrabajo-en-colombia-882683
2026-05-08 15:56:15 | INFO | Oferta duplicada omitida: https://www.magneto365.com/co/empleos/desarrollador-fullstack-senior-net-react-teletrabajo-colombia-889531
2026-05-08 15:56:15 | INFO | Oferta duplicada omitida: https://www.magneto365.com/co/empleos/desarrollador-fullstack-medellin-846369
2026-05-08 15:56:15 | INFO | Oferta duplicada omitida: https://www.magneto365.com/co/empleos/desarrollador-backend-senior-python-897964
2026-05-08 15:56:15 | INFO | Oferta duplicada omitida: https://www.magneto365.com/co/empleos/desarrollador-a-mobile-react-native-bogota-913246
2026-05-08 15:56:15 | INFO | Oferta duplicada omitida: https://www.magneto365.com/co/empleos/analista-tecnico-senior-bilingue-b2c1-java-react-react-native-remoto-bogota-887625
2026-05-08 15:56:15 | INFO | Oferta duplicada omitida: https://www.magneto365.com/co/empleos/desarrollador-senior-full-stack-bilingue-java-react-remoto-bogota-892791
2026-05-08 15:56:15 | INFO | Oferta duplicada omitida: https://www.magneto365.com/co/empleos/desarrollador-de-software-909610
2026-05-08 15:56:15 | INFO | Oferta duplicada omitida: https://www.magneto365.com/co/empleos/senior-data-engineer-1626494698-8-892405
2026-05-08 15:56:15 | INFO | Oferta duplicada omitida: https://www.magneto365.com/co/empleos/ingeniero-devops-mid-junior-899771
2026-05-08 15:56:15 | INFO | Oferta duplicada omitida: https://www.magneto365.com/co/empleos/analista-qa-882273
2026-05-08 15:56:15 | INFO | Oferta duplicada omitida: https://www.magneto365.com/co/empleos/desarrollador-fullstack-senior-hibrido-en-cali-895467
2026-05-08 15:56:15 | INFO | Oferta duplicada omitida: https://www.magneto365.com/co/empleos/desarrollador-fullstack-en-hidrocarburos-python-java-891227
2026-05-08 15:56:15 | INFO | Oferta duplicada omitida: https://www.magneto365.com/co/empleos/desarrollador-fullstack-senior-hibrido-en-cali-848809
2026-05-08 15:56:15 | INFO | Oferta duplicada omitida: https://www.magneto365.com/co/empleos/desarrollador-fullstack-senior-829393
2026-05-08 15:56:15 | INFO | Oferta duplicada omitida: https://www.magneto365.com/co/empleos/desarrollador-php-freelance-884817
2026-05-08 15:56:15 | INFO | Oferta duplicada omitida: https://www.magneto365.com/co/empleos/desarrollador-a-de-software-891058
2026-05-08 15:56:15 | INFO | Oferta duplicada omitida: https://www.magneto365.com/co/empleos/desarrollador-frontend-y-gestion-de-contenido-medellin-884727
2026-05-08 15:56:15 | INFO | Oferta duplicada omitida: https://www.magneto365.com/co/empleos/desarrollador-frontend-webmaster-847312
2026-05-08 15:56:15 | INFO | Oferta duplicada omitida: https://www.magneto365.com/co/empleos/senior-frontend-engineer-907809
2026-05-08 15:56:15 | INFO | Oferta duplicada omitida: https://www.magneto365.com/co/empleos/desarrollador-front-end-ecommerce-897233
2026-05-08 15:56:15 | INFO | Oferta duplicada omitida: https://www.magneto365.com/co/empleos/desarrollador-backend-912569
2026-05-08 15:56:15 | INFO | Oferta duplicada omitida: https://www.magneto365.com/co/empleos/desarrollador-backend-oracle-plsql-hxgn-eam-galapa-907640
2026-05-08 15:56:15 | INFO | Oferta duplicada omitida: https://www.magneto365.com/co/empleos/desarrollador-backend-884791
2026-05-08 15:56:15 | INFO | Oferta duplicada omitida: https://www.magneto365.com/co/empleos/desarrollador-senior-java-spring-boot-y-python-remoto-colombia-899477
2026-05-08 15:56:15 | INFO | Oferta duplicada omitida: https://www.magneto365.com/co/empleos/desarrollador-full-stack-895178
2026-05-08 15:56:15 | INFO | Oferta duplicada omitida: https://www.magneto365.com/co/empleos/especialista-i-desarrollador-pco-886336
2026-05-08 15:56:15 | INFO | Oferta duplicada omitida: https://www.magneto365.com/co/empleos/desarrollador-full-stack-python-react-ia-cali-908099
2026-05-08 15:56:15 | INFO | Oferta duplicada omitida: https://www.magneto365.com/co/empleos/desarrollador-senior-full-stack-909405
2026-05-08 15:56:15 | INFO | Oferta duplicada omitida: https://www.magneto365.com/co/empleos/desarrolladorprogramador-bi-financiera-888680
2026-05-08 15:56:15 | INFO | Oferta duplicada omitida: https://www.magneto365.com/co/empleos/desarrollador-especialista-de-software-medellin-843102
2026-05-08 15:56:15 | INFO | Oferta duplicada omitida: https://www.magneto365.com/co/empleos/desarrollador-de-software-835075
2026-05-08 15:56:15 | INFO | Oferta duplicada omitida: https://www.magneto365.com/co/empleos/ingeniero-a-tecnologia-talento-que-transforma-913134
2026-05-08 15:56:15 | INFO | Oferta duplicada omitida: https://www.magneto365.com/co/empleos/tester-qa-pruebas-de-software-hibrido-bogota-908108
2026-05-08 15:56:15 | INFO | Oferta duplicada omitida: https://www.magneto365.com/co/empleos/coordinadora-de-servicios-de-desarrollo-de-software-1626119083-2-900284
2026-05-08 15:56:15 | INFO | Oferta duplicada omitida: https://www.magneto365.com/co/empleos/arquitecto-de-software-899087
2026-05-08 15:56:15 | INFO | Oferta duplicada omitida: https://www.magneto365.com/co/empleos/lider-tecnico-desarrollo-software-java-888526
2026-05-08 15:56:15 | INFO | Oferta duplicada omitida: https://www.magneto365.com/co/empleos/arquitecto-de-software-para-transformacion-digital-en-salud-y-contabilidad-886496
2026-05-08 15:56:15 | INFO | Oferta duplicada omitida: https://www.magneto365.com/co/empleos/arquitecto-de-software-822827
2026-05-08 15:56:15 | INFO | Oferta duplicada omitida: https://www.magneto365.com/co/empleos/practicante-sistemas-de-informacion-base-comercial-895470
2026-05-08 15:56:15 | INFO | Oferta duplicada omitida: https://www.magneto365.com/co/empleos/desarrollador-de-software-lider-microservicios-remoto-894672
2026-05-08 15:56:15 | INFO | Oferta duplicada omitida: https://www.magneto365.com/co/empleos/analista-tecnico-senior-desarrollo-de-software-bilingue-884537
2026-05-08 15:56:15 | INFO | Oferta duplicada omitida: https://www.magneto365.com/co/empleos/practicante-ingenieria-de-sistemas-desarrollo-y-soporte-ti-bogota-901179
2026-05-08 15:56:15 | INFO | Oferta duplicada omitida: https://www.magneto365.com/co/empleos/practicante-profesional-ingenieria-de-sistemas-medellin-899409
2026-05-08 15:56:15 | INFO | Oferta duplicada omitida: https://www.magneto365.com/co/empleos/practicante-chatbot-contratacion-y-colaboradores-whatsapp-895458
2026-05-08 15:56:15 | INFO | Oferta duplicada omitida: https://www.magneto365.com/co/empleos/analista-desarrollo-comercial-ii-bogota-899720
2026-05-08 15:56:15 | INFO | Oferta duplicada omitida: https://www.magneto365.com/co/empleos/analista-de-desarrollo-de-software-net-angular-sql-server-colombia-914543
2026-05-08 15:56:15 | INFO | Oferta duplicada omitida: https://www.magneto365.com/co/empleos/analista-de-ingenieria-desarrollo-de-producto-industrial-914466
2026-05-08 15:56:15 | INFO | Oferta duplicada omitida: https://www.magneto365.com/co/empleos/analista-de-desarrollo-logistico-908067
2026-05-08 15:56:15 | INFO | Oferta duplicada omitida: https://www.magneto365.com/co/empleos/analista-de-desarrollo-de-productos-industria-colombia-906038
2026-05-08 15:56:15 | INFO | Oferta duplicada omitida: https://www.magneto365.com/co/empleos/analista-de-formacion-y-desarrollo-de-talento-905159
2026-05-08 15:56:15 | INFO | Oferta duplicada omitida: https://www.magneto365.com/co/empleos/analista-de-cultura-y-desarrollo-temporal-por-licencia-de-maternidad-901840
2026-05-08 15:56:15 | INFO | Oferta duplicada omitida: https://www.magneto365.com/co/empleos/analista-de-automatizacion-y-desarrollo-termino-fijo-900710
2026-05-08 15:56:15 | INFO | Oferta duplicada omitida: https://www.magneto365.com/co/empleos/analista-de-desarrollo-de-software-1626071855-68-897977
2026-05-08 15:56:15 | INFO | Oferta duplicada omitida: https://www.magneto365.com/co/empleos/analista-de-desarrollo-humano-897395
2026-05-08 15:56:15 | INFO | Oferta duplicada omitida: https://www.magneto365.com/co/empleos/analista-de-atraccion-cultura-y-desarrollo-1626073720-39-887030
2026-05-08 15:56:15 | INFO | Oferta duplicada omitida: https://www.magneto365.com/co/empleos/desarrolladora-de-software-1626142096-3-908837
2026-05-08 15:56:15 | INFO | Oferta duplicada omitida: https://www.magneto365.com/co/empleos/ceid-desarrolladora-de-software-senior-rpa-905848
2026-05-08 15:56:15 | INFO | Oferta duplicada omitida: https://www.magneto365.com/co/empleos/desarrolladora-de-software-qa-1626436242-51-906064
2026-05-08 15:56:15 | INFO | Oferta duplicada omitida: https://www.magneto365.com/co/empleos/ceid-desarrollador-de-software-semisenior-1626492604-5-891596
2026-05-08 15:56:15 | INFO | Oferta duplicada omitida: https://www.magneto365.com/co/empleos/desarrollador-de-negocios-bogota-910216
2026-05-08 15:56:15 | INFO | Oferta duplicada omitida: https://www.magneto365.com/co/empleos/desarrollador-mid-level-sprint-contributor-902838
2026-05-08 15:56:15 | INFO | Oferta duplicada omitida: https://www.magneto365.com/co/empleos/desarrolladora-fronted-1626040293-334-896881
2026-05-08 15:56:15 | INFO | Oferta duplicada omitida: https://www.magneto365.com/co/empleos/programador-de-publicidad-digital-893246
2026-05-08 15:56:15 | INFO | Oferta duplicada omitida: https://www.magneto365.com/co/empleos/programador-tornero-cnc-puente-aranda-891925
2026-05-08 15:56:15 | INFO | Oferta duplicada omitida: https://www.magneto365.com/co/empleos/programador-de-flota-33303-886852
2026-05-08 15:56:15 | INFO | Oferta duplicada omitida: https://www.magneto365.com/co/empleos/instrumentador-quirurgico-888639
2026-05-08 15:56:15 | INFO | Oferta duplicada omitida: https://www.magneto365.com/co/empleos/analista-de-programacion-de-turnos-en-empresas-de-seguridad-881373
2026-05-08 15:56:15 | INFO | Oferta duplicada omitida: https://www.magneto365.com/co/empleos/integracion-automatizacion-control-ensamble-832860
2026-05-08 15:56:15 | INFO | Oferta duplicada omitida: https://www.magneto365.com/co/empleos/lider-de-planeacion-y-programacion-de-produccion-colombia-894342
2026-05-08 15:56:15 | INFO | Resumen ciclo | revisadas=80 | aplicadas=0 | errores=0 | omitidas=80
2026-05-08 15:56:15 | INFO | Esperando 180 segundos para el siguiente ciclo...
2026-05-08 15:59:15 | INFO | --------------------------------------------------------------------------------
2026-05-08 15:59:15 | INFO | Iniciando ciclo #19
2026-05-08 15:59:15 | INFO | Buscando en Magneto: https://www.magneto365.com/co/trabajos/buscar/full-stack-developer
2026-05-08 15:59:17 | INFO | Ofertas extraídas de Magneto: 8
2026-05-08 15:59:17 | INFO | Buscando en Magneto: https://www.magneto365.com/co/trabajos/buscar/fullstack-developer
2026-05-08 15:59:17 | INFO | Ofertas extraídas de Magneto: 6
2026-05-08 15:59:17 | INFO | Buscando en Magneto: https://www.magneto365.com/co/trabajos/buscar/frontend-developer
2026-05-08 15:59:18 | INFO | Ofertas extraídas de Magneto: 1
2026-05-08 15:59:18 | INFO | Buscando en Magneto: https://www.magneto365.com/co/trabajos/buscar/backend-developer
2026-05-08 15:59:19 | INFO | Ofertas extraídas de Magneto: 4
2026-05-08 15:59:19 | INFO | Buscando en Magneto: https://www.magneto365.com/co/trabajos/buscar/react-developer
2026-05-08 15:59:20 | INFO | Ofertas extraídas de Magneto: 6
2026-05-08 15:59:20 | INFO | Buscando en Magneto: https://www.magneto365.com/co/trabajos/buscar/react-native
2026-05-08 15:59:22 | INFO | Ofertas extraídas de Magneto: 3
2026-05-08 15:59:22 | INFO | Buscando en Magneto: https://www.magneto365.com/co/trabajos/buscar/node-js-developer
2026-05-08 15:59:43 | INFO | No se encontraron resultados visibles en la búsqueda actual.
2026-05-08 15:59:43 | INFO | Ofertas extraídas de Magneto: 0
2026-05-08 15:59:43 | INFO | Busqueda por URL sin resultados. Usando pagina de ciudad para: Node.js Developer
2026-05-08 15:59:44 | INFO | Ofertas extraídas de Magneto: 0
2026-05-08 15:59:44 | INFO | Buscando en Magneto: https://www.magneto365.com/co/trabajos/buscar/javascript-developer
2026-05-08 15:59:46 | INFO | Ofertas extraídas de Magneto: 6
2026-05-08 15:59:46 | INFO | Buscando en Magneto: https://www.magneto365.com/co/trabajos/buscar/typescript-developer
2026-05-08 16:00:07 | INFO | No se encontraron resultados visibles en la búsqueda actual.
2026-05-08 16:00:07 | INFO | Ofertas extraídas de Magneto: 0
2026-05-08 16:00:07 | INFO | Busqueda por URL sin resultados. Usando pagina de ciudad para: TypeScript Developer
2026-05-08 16:00:09 | INFO | Ofertas extraídas de Magneto: 0
2026-05-08 16:00:09 | INFO | Buscando en Magneto: https://www.magneto365.com/co/trabajos/buscar/software-engineer
2026-05-08 16:00:10 | INFO | Ofertas extraídas de Magneto: 6
2026-05-08 16:00:10 | INFO | Buscando en Magneto: https://www.magneto365.com/co/trabajos/buscar/desarrollador-fullstack
2026-05-08 16:00:11 | INFO | Ofertas extraídas de Magneto: 12
2026-05-08 16:00:11 | INFO | Buscando en Magneto: https://www.magneto365.com/co/trabajos/buscar/desarrollador-frontend
2026-05-08 16:00:12 | INFO | Ofertas extraídas de Magneto: 5
2026-05-08 16:00:12 | INFO | Buscando en Magneto: https://www.magneto365.com/co/trabajos/buscar/desarrollador-backend
2026-05-08 16:00:13 | INFO | Ofertas extraídas de Magneto: 10
2026-05-08 16:00:13 | INFO | Buscando en Magneto: https://www.magneto365.com/co/trabajos/buscar/desarrollador-react
2026-05-08 16:00:15 | INFO | Ofertas extraídas de Magneto: 13
2026-05-08 16:00:15 | INFO | Buscando en Magneto: https://www.magneto365.com/co/trabajos/buscar/desarrollador-javascript
2026-05-08 16:00:16 | INFO | Ofertas extraídas de Magneto: 11
2026-05-08 16:00:16 | INFO | Buscando en Magneto: https://www.magneto365.com/co/trabajos/buscar/desarrollador-typescript
2026-05-08 16:00:17 | INFO | Ofertas extraídas de Magneto: 1
2026-05-08 16:00:17 | INFO | Buscando en Magneto: https://www.magneto365.com/co/trabajos/buscar/desarrollador-node
2026-05-08 16:00:18 | INFO | Ofertas extraídas de Magneto: 2
2026-05-08 16:00:18 | INFO | Buscando en Magneto: https://www.magneto365.com/co/trabajos/buscar/ingeniero-software
2026-05-08 16:00:23 | INFO | Ofertas extraídas de Magneto: 17
2026-05-08 16:00:23 | INFO | Buscando en Magneto: https://www.magneto365.com/co/trabajos/buscar/analista-desarrollo
2026-05-08 16:00:24 | INFO | Ofertas extraídas de Magneto: 12
2026-05-08 16:00:24 | INFO | Buscando en Magneto: https://www.magneto365.com/co/trabajos/buscar/desarrollador-software
2026-05-08 16:00:25 | INFO | Ofertas extraídas de Magneto: 19
2026-05-08 16:00:25 | INFO | Buscando en Magneto: https://www.magneto365.com/co/trabajos/buscar/programador
2026-05-08 16:00:27 | INFO | Ofertas extraídas de Magneto: 17
2026-05-08 16:00:27 | INFO | Oferta duplicada omitida: https://www.magneto365.com/co/empleos/full-stack-developer-1626494698-9-912135
2026-05-08 16:00:27 | INFO | Oferta duplicada omitida: https://www.magneto365.com/co/empleos/desarrollador-ti-911545
2026-05-08 16:00:27 | INFO | Oferta duplicada omitida: https://www.magneto365.com/co/empleos/desarrollador-full-stack-895702
2026-05-08 16:00:27 | INFO | Oferta duplicada omitida: https://www.magneto365.com/co/empleos/desarrollador-full-896787
2026-05-08 16:00:27 | INFO | Oferta duplicada omitida: https://www.magneto365.com/co/empleos/desarrollador-fullstack-javascriptnode-js-colombia-906260
2026-05-08 16:00:27 | INFO | Oferta duplicada omitida: https://www.magneto365.com/co/empleos/desarrollador-de-software-con-enfoque-en-inteligencia-artificial-899657
2026-05-08 16:00:27 | INFO | Oferta duplicada omitida: https://www.magneto365.com/co/empleos/desarrollador-de-software-ia-javascript-react-bucaramanga-913803
2026-05-08 16:00:27 | INFO | Oferta duplicada omitida: https://www.magneto365.com/co/empleos/desarrollador-python-bogota-909596
2026-05-08 16:00:27 | INFO | Oferta duplicada omitida: https://www.magneto365.com/co/empleos/desarrolladora-fullstack-896069
2026-05-08 16:00:27 | INFO | Oferta duplicada omitida: https://www.magneto365.com/co/empleos/desarrollador-fullstack-884799
2026-05-08 16:00:27 | INFO | Oferta duplicada omitida: https://www.magneto365.com/co/empleos/ingeniero-fullstack-senior-net-flutter-angular-teletrabajo-en-colombia-882683
2026-05-08 16:00:27 | INFO | Oferta duplicada omitida: https://www.magneto365.com/co/empleos/desarrollador-fullstack-senior-net-react-teletrabajo-colombia-889531
2026-05-08 16:00:27 | INFO | Oferta duplicada omitida: https://www.magneto365.com/co/empleos/desarrollador-fullstack-medellin-846369
2026-05-08 16:00:27 | INFO | Oferta duplicada omitida: https://www.magneto365.com/co/empleos/desarrollador-backend-senior-python-897964
2026-05-08 16:00:27 | INFO | Oferta duplicada omitida: https://www.magneto365.com/co/empleos/desarrollador-a-mobile-react-native-bogota-913246
2026-05-08 16:00:27 | INFO | Oferta duplicada omitida: https://www.magneto365.com/co/empleos/analista-tecnico-senior-bilingue-b2c1-java-react-react-native-remoto-bogota-887625
2026-05-08 16:00:27 | INFO | Oferta duplicada omitida: https://www.magneto365.com/co/empleos/desarrollador-senior-full-stack-bilingue-java-react-remoto-bogota-892791
2026-05-08 16:00:27 | INFO | Oferta duplicada omitida: https://www.magneto365.com/co/empleos/desarrollador-de-software-909610
2026-05-08 16:00:27 | INFO | Oferta duplicada omitida: https://www.magneto365.com/co/empleos/senior-data-engineer-1626494698-8-892405
2026-05-08 16:00:27 | INFO | Oferta duplicada omitida: https://www.magneto365.com/co/empleos/ingeniero-devops-mid-junior-899771
2026-05-08 16:00:27 | INFO | Oferta duplicada omitida: https://www.magneto365.com/co/empleos/analista-qa-882273
2026-05-08 16:00:27 | INFO | Oferta duplicada omitida: https://www.magneto365.com/co/empleos/desarrollador-fullstack-senior-hibrido-en-cali-895467
2026-05-08 16:00:27 | INFO | Oferta duplicada omitida: https://www.magneto365.com/co/empleos/desarrollador-fullstack-en-hidrocarburos-python-java-891227
2026-05-08 16:00:27 | INFO | Oferta duplicada omitida: https://www.magneto365.com/co/empleos/desarrollador-fullstack-senior-hibrido-en-cali-848809
2026-05-08 16:00:27 | INFO | Oferta duplicada omitida: https://www.magneto365.com/co/empleos/desarrollador-fullstack-senior-829393
2026-05-08 16:00:27 | INFO | Oferta duplicada omitida: https://www.magneto365.com/co/empleos/desarrollador-php-freelance-884817
2026-05-08 16:00:27 | INFO | Oferta duplicada omitida: https://www.magneto365.com/co/empleos/desarrollador-a-de-software-891058
2026-05-08 16:00:27 | INFO | Oferta duplicada omitida: https://www.magneto365.com/co/empleos/desarrollador-frontend-y-gestion-de-contenido-medellin-884727
2026-05-08 16:00:27 | INFO | Oferta duplicada omitida: https://www.magneto365.com/co/empleos/desarrollador-frontend-webmaster-847312
2026-05-08 16:00:27 | INFO | Oferta duplicada omitida: https://www.magneto365.com/co/empleos/senior-frontend-engineer-907809
2026-05-08 16:00:27 | INFO | Oferta duplicada omitida: https://www.magneto365.com/co/empleos/desarrollador-front-end-ecommerce-897233
2026-05-08 16:00:27 | INFO | Oferta duplicada omitida: https://www.magneto365.com/co/empleos/desarrollador-backend-912569
2026-05-08 16:00:27 | INFO | Oferta duplicada omitida: https://www.magneto365.com/co/empleos/desarrollador-backend-oracle-plsql-hxgn-eam-galapa-907640
2026-05-08 16:00:27 | INFO | Oferta duplicada omitida: https://www.magneto365.com/co/empleos/desarrollador-backend-884791
2026-05-08 16:00:27 | INFO | Oferta duplicada omitida: https://www.magneto365.com/co/empleos/desarrollador-senior-java-spring-boot-y-python-remoto-colombia-899477
2026-05-08 16:00:27 | INFO | Oferta duplicada omitida: https://www.magneto365.com/co/empleos/desarrollador-full-stack-895178
2026-05-08 16:00:27 | INFO | Oferta duplicada omitida: https://www.magneto365.com/co/empleos/especialista-i-desarrollador-pco-886336
2026-05-08 16:00:27 | INFO | Oferta duplicada omitida: https://www.magneto365.com/co/empleos/desarrollador-full-stack-python-react-ia-cali-908099
2026-05-08 16:00:27 | INFO | Oferta duplicada omitida: https://www.magneto365.com/co/empleos/desarrollador-senior-full-stack-909405
2026-05-08 16:00:27 | INFO | Oferta duplicada omitida: https://www.magneto365.com/co/empleos/desarrolladorprogramador-bi-financiera-888680
2026-05-08 16:00:27 | INFO | Oferta duplicada omitida: https://www.magneto365.com/co/empleos/desarrollador-especialista-de-software-medellin-843102
2026-05-08 16:00:27 | INFO | Oferta duplicada omitida: https://www.magneto365.com/co/empleos/desarrollador-de-software-835075
2026-05-08 16:00:27 | INFO | Oferta duplicada omitida: https://www.magneto365.com/co/empleos/ingeniero-a-tecnologia-talento-que-transforma-913134
2026-05-08 16:00:27 | INFO | Oferta duplicada omitida: https://www.magneto365.com/co/empleos/tester-qa-pruebas-de-software-hibrido-bogota-908108
2026-05-08 16:00:27 | INFO | Oferta duplicada omitida: https://www.magneto365.com/co/empleos/coordinadora-de-servicios-de-desarrollo-de-software-1626119083-2-900284
2026-05-08 16:00:27 | INFO | Oferta duplicada omitida: https://www.magneto365.com/co/empleos/arquitecto-de-software-899087
2026-05-08 16:00:27 | INFO | Oferta duplicada omitida: https://www.magneto365.com/co/empleos/lider-tecnico-desarrollo-software-java-888526
2026-05-08 16:00:27 | INFO | Oferta duplicada omitida: https://www.magneto365.com/co/empleos/arquitecto-de-software-para-transformacion-digital-en-salud-y-contabilidad-886496
2026-05-08 16:00:27 | INFO | Oferta duplicada omitida: https://www.magneto365.com/co/empleos/arquitecto-de-software-822827
2026-05-08 16:00:27 | INFO | Oferta duplicada omitida: https://www.magneto365.com/co/empleos/practicante-sistemas-de-informacion-base-comercial-895470
2026-05-08 16:00:27 | INFO | Oferta duplicada omitida: https://www.magneto365.com/co/empleos/desarrollador-de-software-lider-microservicios-remoto-894672
2026-05-08 16:00:27 | INFO | Oferta duplicada omitida: https://www.magneto365.com/co/empleos/analista-tecnico-senior-desarrollo-de-software-bilingue-884537
2026-05-08 16:00:27 | INFO | Oferta duplicada omitida: https://www.magneto365.com/co/empleos/practicante-ingenieria-de-sistemas-desarrollo-y-soporte-ti-bogota-901179
2026-05-08 16:00:27 | INFO | Oferta duplicada omitida: https://www.magneto365.com/co/empleos/practicante-profesional-ingenieria-de-sistemas-medellin-899409
2026-05-08 16:00:27 | INFO | Oferta duplicada omitida: https://www.magneto365.com/co/empleos/practicante-chatbot-contratacion-y-colaboradores-whatsapp-895458
2026-05-08 16:00:27 | INFO | Oferta duplicada omitida: https://www.magneto365.com/co/empleos/analista-desarrollo-comercial-ii-bogota-899720
2026-05-08 16:00:27 | INFO | Oferta duplicada omitida: https://www.magneto365.com/co/empleos/analista-de-desarrollo-de-software-net-angular-sql-server-colombia-914543
2026-05-08 16:00:27 | INFO | Oferta duplicada omitida: https://www.magneto365.com/co/empleos/analista-de-ingenieria-desarrollo-de-producto-industrial-914466
2026-05-08 16:00:27 | INFO | Oferta duplicada omitida: https://www.magneto365.com/co/empleos/analista-de-desarrollo-logistico-908067
2026-05-08 16:00:27 | INFO | Oferta duplicada omitida: https://www.magneto365.com/co/empleos/analista-de-desarrollo-de-productos-industria-colombia-906038
2026-05-08 16:00:27 | INFO | Oferta duplicada omitida: https://www.magneto365.com/co/empleos/analista-de-formacion-y-desarrollo-de-talento-905159
2026-05-08 16:00:27 | INFO | Oferta duplicada omitida: https://www.magneto365.com/co/empleos/analista-de-cultura-y-desarrollo-temporal-por-licencia-de-maternidad-901840
2026-05-08 16:00:27 | INFO | Oferta duplicada omitida: https://www.magneto365.com/co/empleos/analista-de-automatizacion-y-desarrollo-termino-fijo-900710
2026-05-08 16:00:27 | INFO | Oferta duplicada omitida: https://www.magneto365.com/co/empleos/analista-de-desarrollo-de-software-1626071855-68-897977
2026-05-08 16:00:27 | INFO | Oferta duplicada omitida: https://www.magneto365.com/co/empleos/analista-de-desarrollo-humano-897395
2026-05-08 16:00:27 | INFO | Oferta duplicada omitida: https://www.magneto365.com/co/empleos/analista-de-atraccion-cultura-y-desarrollo-1626073720-39-887030
2026-05-08 16:00:27 | INFO | Oferta duplicada omitida: https://www.magneto365.com/co/empleos/desarrolladora-de-software-1626142096-3-908837
2026-05-08 16:00:27 | INFO | Oferta duplicada omitida: https://www.magneto365.com/co/empleos/ceid-desarrolladora-de-software-senior-rpa-905848
2026-05-08 16:00:27 | INFO | Oferta duplicada omitida: https://www.magneto365.com/co/empleos/desarrolladora-de-software-qa-1626436242-51-906064
2026-05-08 16:00:27 | INFO | Oferta duplicada omitida: https://www.magneto365.com/co/empleos/ceid-desarrollador-de-software-semisenior-1626492604-5-891596
2026-05-08 16:00:27 | INFO | Oferta duplicada omitida: https://www.magneto365.com/co/empleos/desarrollador-de-negocios-bogota-910216
2026-05-08 16:00:27 | INFO | Oferta duplicada omitida: https://www.magneto365.com/co/empleos/desarrollador-mid-level-sprint-contributor-902838
2026-05-08 16:00:27 | INFO | Oferta duplicada omitida: https://www.magneto365.com/co/empleos/desarrolladora-fronted-1626040293-334-896881
2026-05-08 16:00:27 | INFO | Oferta duplicada omitida: https://www.magneto365.com/co/empleos/programador-de-publicidad-digital-893246
2026-05-08 16:00:27 | INFO | Oferta duplicada omitida: https://www.magneto365.com/co/empleos/programador-tornero-cnc-puente-aranda-891925
2026-05-08 16:00:27 | INFO | Oferta duplicada omitida: https://www.magneto365.com/co/empleos/programador-de-flota-33303-886852
2026-05-08 16:00:27 | INFO | Oferta duplicada omitida: https://www.magneto365.com/co/empleos/instrumentador-quirurgico-888639
2026-05-08 16:00:27 | INFO | Oferta duplicada omitida: https://www.magneto365.com/co/empleos/analista-de-programacion-de-turnos-en-empresas-de-seguridad-881373
2026-05-08 16:00:27 | INFO | Oferta duplicada omitida: https://www.magneto365.com/co/empleos/integracion-automatizacion-control-ensamble-832860
2026-05-08 16:00:27 | INFO | Oferta duplicada omitida: https://www.magneto365.com/co/empleos/lider-de-planeacion-y-programacion-de-produccion-colombia-894342
2026-05-08 16:00:27 | INFO | Resumen ciclo | revisadas=80 | aplicadas=0 | errores=0 | omitidas=80
2026-05-08 16:00:27 | INFO | Esperando 180 segundos para el siguiente ciclo...
2026-05-08 16:03:27 | INFO | --------------------------------------------------------------------------------
2026-05-08 16:03:27 | INFO | Iniciando ciclo #20
2026-05-08 16:03:27 | INFO | Verificando estado de login (cada 5 ciclos)...
2026-05-08 16:03:28 | INFO | No hay sesion activa en Magneto. Abriendo inicio de sesion.
2026-05-08 16:03:41 | INFO | No se encontro boton de Google. Esperando inicio manual.
2026-05-08 16:03:41 | INFO | Sesion iniciada correctamente.
2026-05-08 16:03:41 | INFO | ✅ Login renovado exitosamente
2026-05-08 16:03:41 | INFO | Buscando en Magneto: https://www.magneto365.com/co/trabajos/buscar/full-stack-developer
2026-05-08 16:03:42 | INFO | Ofertas extraídas de Magneto: 8
2026-05-08 16:03:42 | INFO | Buscando en Magneto: https://www.magneto365.com/co/trabajos/buscar/fullstack-developer
2026-05-08 16:03:43 | INFO | Ofertas extraídas de Magneto: 6
2026-05-08 16:03:43 | INFO | Buscando en Magneto: https://www.magneto365.com/co/trabajos/buscar/frontend-developer
2026-05-08 16:03:44 | INFO | Ofertas extraídas de Magneto: 1
2026-05-08 16:03:44 | INFO | Buscando en Magneto: https://www.magneto365.com/co/trabajos/buscar/backend-developer
2026-05-08 16:03:44 | INFO | Ofertas extraídas de Magneto: 4
2026-05-08 16:03:44 | INFO | Buscando en Magneto: https://www.magneto365.com/co/trabajos/buscar/react-developer
2026-05-08 16:03:45 | INFO | Ofertas extraídas de Magneto: 6
2026-05-08 16:03:45 | INFO | Buscando en Magneto: https://www.magneto365.com/co/trabajos/buscar/react-native
2026-05-08 16:03:46 | INFO | Ofertas extraídas de Magneto: 3
2026-05-08 16:03:46 | INFO | Buscando en Magneto: https://www.magneto365.com/co/trabajos/buscar/node-js-developer
2026-05-08 16:04:08 | INFO | No se encontraron resultados visibles en la búsqueda actual.
2026-05-08 16:04:08 | INFO | Ofertas extraídas de Magneto: 0
2026-05-08 16:04:08 | INFO | Busqueda por URL sin resultados. Usando pagina de ciudad para: Node.js Developer
2026-05-08 16:04:09 | INFO | Ofertas extraídas de Magneto: 0
2026-05-08 16:04:09 | INFO | Buscando en Magneto: https://www.magneto365.com/co/trabajos/buscar/javascript-developer
2026-05-08 16:04:10 | INFO | Ofertas extraídas de Magneto: 6
2026-05-08 16:04:10 | INFO | Buscando en Magneto: https://www.magneto365.com/co/trabajos/buscar/typescript-developer
2026-05-08 16:04:33 | INFO | No se encontraron resultados visibles en la búsqueda actual.
2026-05-08 16:04:33 | INFO | Ofertas extraídas de Magneto: 0
2026-05-08 16:04:33 | INFO | Busqueda por URL sin resultados. Usando pagina de ciudad para: TypeScript Developer
2026-05-08 16:04:34 | INFO | Ofertas extraídas de Magneto: 0
2026-05-08 16:04:34 | INFO | Buscando en Magneto: https://www.magneto365.com/co/trabajos/buscar/software-engineer
2026-05-08 16:04:35 | INFO | Ofertas extraídas de Magneto: 6
2026-05-08 16:04:35 | INFO | Buscando en Magneto: https://www.magneto365.com/co/trabajos/buscar/desarrollador-fullstack
2026-05-08 16:04:36 | INFO | Ofertas extraídas de Magneto: 12
2026-05-08 16:04:36 | INFO | Buscando en Magneto: https://www.magneto365.com/co/trabajos/buscar/desarrollador-frontend
2026-05-08 16:04:37 | INFO | Ofertas extraídas de Magneto: 5
2026-05-08 16:04:37 | INFO | Buscando en Magneto: https://www.magneto365.com/co/trabajos/buscar/desarrollador-backend
2026-05-08 16:04:39 | INFO | Ofertas extraídas de Magneto: 10
2026-05-08 16:04:39 | INFO | Buscando en Magneto: https://www.magneto365.com/co/trabajos/buscar/desarrollador-react
2026-05-08 16:04:41 | INFO | Ofertas extraídas de Magneto: 13
2026-05-08 16:04:41 | INFO | Buscando en Magneto: https://www.magneto365.com/co/trabajos/buscar/desarrollador-javascript
2026-05-08 16:04:42 | INFO | Ofertas extraídas de Magneto: 11
2026-05-08 16:04:42 | INFO | Buscando en Magneto: https://www.magneto365.com/co/trabajos/buscar/desarrollador-typescript
2026-05-08 16:04:42 | INFO | Ofertas extraídas de Magneto: 1
2026-05-08 16:04:42 | INFO | Buscando en Magneto: https://www.magneto365.com/co/trabajos/buscar/desarrollador-node
2026-05-08 16:04:43 | INFO | Ofertas extraídas de Magneto: 2
2026-05-08 16:04:43 | INFO | Buscando en Magneto: https://www.magneto365.com/co/trabajos/buscar/ingeniero-software
2026-05-08 16:04:47 | INFO | Ofertas extraídas de Magneto: 17
2026-05-08 16:04:47 | INFO | Buscando en Magneto: https://www.magneto365.com/co/trabajos/buscar/analista-desarrollo
2026-05-08 16:04:48 | INFO | Ofertas extraídas de Magneto: 12
2026-05-08 16:04:48 | INFO | Buscando en Magneto: https://www.magneto365.com/co/trabajos/buscar/desarrollador-software
2026-05-08 16:04:49 | INFO | Ofertas extraídas de Magneto: 19
2026-05-08 16:04:49 | INFO | Buscando en Magneto: https://www.magneto365.com/co/trabajos/buscar/programador
2026-05-08 16:04:51 | INFO | Ofertas extraídas de Magneto: 17
2026-05-08 16:04:51 | INFO | Oferta duplicada omitida: https://www.magneto365.com/co/empleos/full-stack-developer-1626494698-9-912135
2026-05-08 16:04:51 | INFO | Oferta duplicada omitida: https://www.magneto365.com/co/empleos/desarrollador-ti-911545
2026-05-08 16:04:51 | INFO | Oferta duplicada omitida: https://www.magneto365.com/co/empleos/desarrollador-full-stack-895702
2026-05-08 16:04:51 | INFO | Oferta duplicada omitida: https://www.magneto365.com/co/empleos/desarrollador-full-896787
2026-05-08 16:04:51 | INFO | Oferta duplicada omitida: https://www.magneto365.com/co/empleos/desarrollador-fullstack-javascriptnode-js-colombia-906260
2026-05-08 16:04:51 | INFO | Oferta duplicada omitida: https://www.magneto365.com/co/empleos/desarrollador-de-software-con-enfoque-en-inteligencia-artificial-899657
2026-05-08 16:04:51 | INFO | Oferta duplicada omitida: https://www.magneto365.com/co/empleos/desarrollador-de-software-ia-javascript-react-bucaramanga-913803
2026-05-08 16:04:51 | INFO | Oferta duplicada omitida: https://www.magneto365.com/co/empleos/desarrollador-python-bogota-909596
2026-05-08 16:04:51 | INFO | Oferta duplicada omitida: https://www.magneto365.com/co/empleos/desarrolladora-fullstack-896069
2026-05-08 16:04:51 | INFO | Oferta duplicada omitida: https://www.magneto365.com/co/empleos/desarrollador-fullstack-884799
2026-05-08 16:04:51 | INFO | Oferta duplicada omitida: https://www.magneto365.com/co/empleos/ingeniero-fullstack-senior-net-flutter-angular-teletrabajo-en-colombia-882683
2026-05-08 16:04:51 | INFO | Oferta duplicada omitida: https://www.magneto365.com/co/empleos/desarrollador-fullstack-senior-net-react-teletrabajo-colombia-889531
2026-05-08 16:04:51 | INFO | Oferta duplicada omitida: https://www.magneto365.com/co/empleos/desarrollador-fullstack-medellin-846369
2026-05-08 16:04:51 | INFO | Oferta duplicada omitida: https://www.magneto365.com/co/empleos/desarrollador-backend-senior-python-897964
2026-05-08 16:04:51 | INFO | Oferta duplicada omitida: https://www.magneto365.com/co/empleos/desarrollador-a-mobile-react-native-bogota-913246
2026-05-08 16:04:51 | INFO | Oferta duplicada omitida: https://www.magneto365.com/co/empleos/analista-tecnico-senior-bilingue-b2c1-java-react-react-native-remoto-bogota-887625
2026-05-08 16:04:51 | INFO | Oferta duplicada omitida: https://www.magneto365.com/co/empleos/desarrollador-senior-full-stack-bilingue-java-react-remoto-bogota-892791
2026-05-08 16:04:51 | INFO | Oferta duplicada omitida: https://www.magneto365.com/co/empleos/desarrollador-de-software-909610
2026-05-08 16:04:51 | INFO | Oferta duplicada omitida: https://www.magneto365.com/co/empleos/senior-data-engineer-1626494698-8-892405
2026-05-08 16:04:51 | INFO | Oferta duplicada omitida: https://www.magneto365.com/co/empleos/ingeniero-devops-mid-junior-899771
2026-05-08 16:04:51 | INFO | Oferta duplicada omitida: https://www.magneto365.com/co/empleos/analista-qa-882273
2026-05-08 16:04:51 | INFO | Oferta duplicada omitida: https://www.magneto365.com/co/empleos/desarrollador-fullstack-senior-hibrido-en-cali-895467
2026-05-08 16:04:51 | INFO | Oferta duplicada omitida: https://www.magneto365.com/co/empleos/desarrollador-fullstack-en-hidrocarburos-python-java-891227
2026-05-08 16:04:51 | INFO | Oferta duplicada omitida: https://www.magneto365.com/co/empleos/desarrollador-fullstack-senior-hibrido-en-cali-848809
2026-05-08 16:04:51 | INFO | Oferta duplicada omitida: https://www.magneto365.com/co/empleos/desarrollador-fullstack-senior-829393
2026-05-08 16:04:51 | INFO | Oferta duplicada omitida: https://www.magneto365.com/co/empleos/desarrollador-php-freelance-884817
2026-05-08 16:04:51 | INFO | Oferta duplicada omitida: https://www.magneto365.com/co/empleos/desarrollador-a-de-software-891058
2026-05-08 16:04:51 | INFO | Oferta duplicada omitida: https://www.magneto365.com/co/empleos/desarrollador-frontend-y-gestion-de-contenido-medellin-884727
2026-05-08 16:04:51 | INFO | Oferta duplicada omitida: https://www.magneto365.com/co/empleos/desarrollador-frontend-webmaster-847312
2026-05-08 16:04:51 | INFO | Oferta duplicada omitida: https://www.magneto365.com/co/empleos/senior-frontend-engineer-907809
2026-05-08 16:04:51 | INFO | Oferta duplicada omitida: https://www.magneto365.com/co/empleos/desarrollador-front-end-ecommerce-897233
2026-05-08 16:04:51 | INFO | Oferta duplicada omitida: https://www.magneto365.com/co/empleos/desarrollador-backend-912569
2026-05-08 16:04:51 | INFO | Oferta duplicada omitida: https://www.magneto365.com/co/empleos/desarrollador-backend-oracle-plsql-hxgn-eam-galapa-907640
2026-05-08 16:04:51 | INFO | Oferta duplicada omitida: https://www.magneto365.com/co/empleos/desarrollador-backend-884791
2026-05-08 16:04:51 | INFO | Oferta duplicada omitida: https://www.magneto365.com/co/empleos/desarrollador-senior-java-spring-boot-y-python-remoto-colombia-899477
2026-05-08 16:04:51 | INFO | Oferta duplicada omitida: https://www.magneto365.com/co/empleos/desarrollador-full-stack-895178
2026-05-08 16:04:51 | INFO | Oferta duplicada omitida: https://www.magneto365.com/co/empleos/especialista-i-desarrollador-pco-886336
2026-05-08 16:04:51 | INFO | Oferta duplicada omitida: https://www.magneto365.com/co/empleos/desarrollador-full-stack-python-react-ia-cali-908099
2026-05-08 16:04:51 | INFO | Oferta duplicada omitida: https://www.magneto365.com/co/empleos/desarrollador-senior-full-stack-909405
2026-05-08 16:04:51 | INFO | Oferta duplicada omitida: https://www.magneto365.com/co/empleos/desarrolladorprogramador-bi-financiera-888680
2026-05-08 16:04:51 | INFO | Oferta duplicada omitida: https://www.magneto365.com/co/empleos/desarrollador-especialista-de-software-medellin-843102
2026-05-08 16:04:51 | INFO | Oferta duplicada omitida: https://www.magneto365.com/co/empleos/desarrollador-de-software-835075
2026-05-08 16:04:51 | INFO | Oferta duplicada omitida: https://www.magneto365.com/co/empleos/ingeniero-a-tecnologia-talento-que-transforma-913134
2026-05-08 16:04:51 | INFO | Oferta duplicada omitida: https://www.magneto365.com/co/empleos/tester-qa-pruebas-de-software-hibrido-bogota-908108
2026-05-08 16:04:51 | INFO | Oferta duplicada omitida: https://www.magneto365.com/co/empleos/coordinadora-de-servicios-de-desarrollo-de-software-1626119083-2-900284
2026-05-08 16:04:51 | INFO | Oferta duplicada omitida: https://www.magneto365.com/co/empleos/arquitecto-de-software-899087
2026-05-08 16:04:51 | INFO | Oferta duplicada omitida: https://www.magneto365.com/co/empleos/lider-tecnico-desarrollo-software-java-888526
2026-05-08 16:04:51 | INFO | Oferta duplicada omitida: https://www.magneto365.com/co/empleos/arquitecto-de-software-para-transformacion-digital-en-salud-y-contabilidad-886496
2026-05-08 16:04:51 | INFO | Oferta duplicada omitida: https://www.magneto365.com/co/empleos/arquitecto-de-software-822827
2026-05-08 16:04:51 | INFO | Oferta duplicada omitida: https://www.magneto365.com/co/empleos/practicante-sistemas-de-informacion-base-comercial-895470
2026-05-08 16:04:51 | INFO | Oferta duplicada omitida: https://www.magneto365.com/co/empleos/desarrollador-de-software-lider-microservicios-remoto-894672
2026-05-08 16:04:51 | INFO | Oferta duplicada omitida: https://www.magneto365.com/co/empleos/analista-tecnico-senior-desarrollo-de-software-bilingue-884537
2026-05-08 16:04:51 | INFO | Oferta duplicada omitida: https://www.magneto365.com/co/empleos/practicante-ingenieria-de-sistemas-desarrollo-y-soporte-ti-bogota-901179
2026-05-08 16:04:51 | INFO | Oferta duplicada omitida: https://www.magneto365.com/co/empleos/practicante-profesional-ingenieria-de-sistemas-medellin-899409
2026-05-08 16:04:51 | INFO | Oferta duplicada omitida: https://www.magneto365.com/co/empleos/practicante-chatbot-contratacion-y-colaboradores-whatsapp-895458
2026-05-08 16:04:51 | INFO | Oferta duplicada omitida: https://www.magneto365.com/co/empleos/analista-desarrollo-comercial-ii-bogota-899720
2026-05-08 16:04:51 | INFO | Oferta duplicada omitida: https://www.magneto365.com/co/empleos/analista-de-desarrollo-de-software-net-angular-sql-server-colombia-914543
2026-05-08 16:04:51 | INFO | Oferta duplicada omitida: https://www.magneto365.com/co/empleos/analista-de-ingenieria-desarrollo-de-producto-industrial-914466
2026-05-08 16:04:51 | INFO | Oferta duplicada omitida: https://www.magneto365.com/co/empleos/analista-de-desarrollo-logistico-908067
2026-05-08 16:04:51 | INFO | Oferta duplicada omitida: https://www.magneto365.com/co/empleos/analista-de-desarrollo-de-productos-industria-colombia-906038
2026-05-08 16:04:51 | INFO | Oferta duplicada omitida: https://www.magneto365.com/co/empleos/analista-de-formacion-y-desarrollo-de-talento-905159
2026-05-08 16:04:51 | INFO | Oferta duplicada omitida: https://www.magneto365.com/co/empleos/analista-de-cultura-y-desarrollo-temporal-por-licencia-de-maternidad-901840
2026-05-08 16:04:51 | INFO | Oferta duplicada omitida: https://www.magneto365.com/co/empleos/analista-de-automatizacion-y-desarrollo-termino-fijo-900710
2026-05-08 16:04:51 | INFO | Oferta duplicada omitida: https://www.magneto365.com/co/empleos/analista-de-desarrollo-de-software-1626071855-68-897977
2026-05-08 16:04:51 | INFO | Oferta duplicada omitida: https://www.magneto365.com/co/empleos/analista-de-desarrollo-humano-897395
2026-05-08 16:04:51 | INFO | Oferta duplicada omitida: https://www.magneto365.com/co/empleos/analista-de-atraccion-cultura-y-desarrollo-1626073720-39-887030
2026-05-08 16:04:51 | INFO | Oferta duplicada omitida: https://www.magneto365.com/co/empleos/desarrolladora-de-software-1626142096-3-908837
2026-05-08 16:04:51 | INFO | Oferta duplicada omitida: https://www.magneto365.com/co/empleos/ceid-desarrolladora-de-software-senior-rpa-905848
2026-05-08 16:04:51 | INFO | Oferta duplicada omitida: https://www.magneto365.com/co/empleos/desarrolladora-de-software-qa-1626436242-51-906064
2026-05-08 16:04:51 | INFO | Oferta duplicada omitida: https://www.magneto365.com/co/empleos/ceid-desarrollador-de-software-semisenior-1626492604-5-891596
2026-05-08 16:04:51 | INFO | Oferta duplicada omitida: https://www.magneto365.com/co/empleos/desarrollador-de-negocios-bogota-910216
2026-05-08 16:04:51 | INFO | Oferta duplicada omitida: https://www.magneto365.com/co/empleos/desarrollador-mid-level-sprint-contributor-902838
2026-05-08 16:04:51 | INFO | Oferta duplicada omitida: https://www.magneto365.com/co/empleos/desarrolladora-fronted-1626040293-334-896881
2026-05-08 16:04:51 | INFO | Oferta duplicada omitida: https://www.magneto365.com/co/empleos/programador-de-publicidad-digital-893246
2026-05-08 16:04:51 | INFO | Oferta duplicada omitida: https://www.magneto365.com/co/empleos/programador-tornero-cnc-puente-aranda-891925
2026-05-08 16:04:51 | INFO | Oferta duplicada omitida: https://www.magneto365.com/co/empleos/programador-de-flota-33303-886852
2026-05-08 16:04:51 | INFO | Oferta duplicada omitida: https://www.magneto365.com/co/empleos/instrumentador-quirurgico-888639
2026-05-08 16:04:51 | INFO | Oferta duplicada omitida: https://www.magneto365.com/co/empleos/analista-de-programacion-de-turnos-en-empresas-de-seguridad-881373
2026-05-08 16:04:51 | INFO | Oferta duplicada omitida: https://www.magneto365.com/co/empleos/integracion-automatizacion-control-ensamble-832860
2026-05-08 16:04:51 | INFO | Oferta duplicada omitida: https://www.magneto365.com/co/empleos/lider-de-planeacion-y-programacion-de-produccion-colombia-894342
2026-05-08 16:04:51 | INFO | Resumen ciclo | revisadas=80 | aplicadas=0 | errores=0 | omitidas=80
2026-05-08 16:04:51 | INFO | Esperando 180 segundos para el siguiente ciclo...
2026-05-08 16:07:51 | INFO | --------------------------------------------------------------------------------
2026-05-08 16:07:51 | INFO | Iniciando ciclo #21
2026-05-08 16:07:51 | INFO | Buscando en Magneto: https://www.magneto365.com/co/trabajos/buscar/full-stack-developer
2026-05-08 16:07:52 | INFO | Ofertas extraídas de Magneto: 8
2026-05-08 16:07:52 | INFO | Buscando en Magneto: https://www.magneto365.com/co/trabajos/buscar/fullstack-developer
2026-05-08 16:07:53 | INFO | Ofertas extraídas de Magneto: 6
2026-05-08 16:07:53 | INFO | Buscando en Magneto: https://www.magneto365.com/co/trabajos/buscar/frontend-developer
2026-05-08 16:07:53 | INFO | Ofertas extraídas de Magneto: 1
2026-05-08 16:07:53 | INFO | Buscando en Magneto: https://www.magneto365.com/co/trabajos/buscar/backend-developer
2026-05-08 16:07:54 | INFO | Ofertas extraídas de Magneto: 4
2026-05-08 16:07:54 | INFO | Buscando en Magneto: https://www.magneto365.com/co/trabajos/buscar/react-developer
2026-05-08 16:07:55 | INFO | Ofertas extraídas de Magneto: 6
2026-05-08 16:07:55 | INFO | Buscando en Magneto: https://www.magneto365.com/co/trabajos/buscar/react-native
2026-05-08 16:07:56 | INFO | Ofertas extraídas de Magneto: 3
2026-05-08 16:07:56 | INFO | Buscando en Magneto: https://www.magneto365.com/co/trabajos/buscar/node-js-developer
2026-05-08 16:08:17 | INFO | No se encontraron resultados visibles en la búsqueda actual.
2026-05-08 16:08:17 | INFO | Ofertas extraídas de Magneto: 0
2026-05-08 16:08:17 | INFO | Busqueda por URL sin resultados. Usando pagina de ciudad para: Node.js Developer
2026-05-08 16:08:18 | INFO | Ofertas extraídas de Magneto: 0
2026-05-08 16:08:18 | INFO | Buscando en Magneto: https://www.magneto365.com/co/trabajos/buscar/javascript-developer
2026-05-08 16:08:19 | INFO | Ofertas extraídas de Magneto: 6
2026-05-08 16:08:19 | INFO | Buscando en Magneto: https://www.magneto365.com/co/trabajos/buscar/typescript-developer
2026-05-08 16:08:40 | INFO | No se encontraron resultados visibles en la búsqueda actual.
2026-05-08 16:08:40 | INFO | Ofertas extraídas de Magneto: 0
2026-05-08 16:08:40 | INFO | Busqueda por URL sin resultados. Usando pagina de ciudad para: TypeScript Developer
2026-05-08 16:08:42 | INFO | Ofertas extraídas de Magneto: 0
2026-05-08 16:08:42 | INFO | Buscando en Magneto: https://www.magneto365.com/co/trabajos/buscar/software-engineer
2026-05-08 16:08:43 | INFO | Ofertas extraídas de Magneto: 6
2026-05-08 16:08:43 | INFO | Buscando en Magneto: https://www.magneto365.com/co/trabajos/buscar/desarrollador-fullstack
2026-05-08 16:08:44 | INFO | Ofertas extraídas de Magneto: 12
2026-05-08 16:08:44 | INFO | Buscando en Magneto: https://www.magneto365.com/co/trabajos/buscar/desarrollador-frontend
2026-05-08 16:08:45 | INFO | Ofertas extraídas de Magneto: 5
2026-05-08 16:08:45 | INFO | Buscando en Magneto: https://www.magneto365.com/co/trabajos/buscar/desarrollador-backend
2026-05-08 16:08:46 | INFO | Ofertas extraídas de Magneto: 10
2026-05-08 16:08:46 | INFO | Buscando en Magneto: https://www.magneto365.com/co/trabajos/buscar/desarrollador-react
2026-05-08 16:08:47 | INFO | Ofertas extraídas de Magneto: 13
2026-05-08 16:08:47 | INFO | Buscando en Magneto: https://www.magneto365.com/co/trabajos/buscar/desarrollador-javascript
2026-05-08 16:08:48 | INFO | Ofertas extraídas de Magneto: 11
2026-05-08 16:08:48 | INFO | Buscando en Magneto: https://www.magneto365.com/co/trabajos/buscar/desarrollador-typescript
2026-05-08 16:08:49 | INFO | Ofertas extraídas de Magneto: 1
2026-05-08 16:08:49 | INFO | Buscando en Magneto: https://www.magneto365.com/co/trabajos/buscar/desarrollador-node
2026-05-08 16:08:50 | INFO | Ofertas extraídas de Magneto: 2
2026-05-08 16:08:50 | INFO | Buscando en Magneto: https://www.magneto365.com/co/trabajos/buscar/ingeniero-software
2026-05-08 16:08:51 | INFO | Ofertas extraídas de Magneto: 17
2026-05-08 16:08:51 | INFO | Buscando en Magneto: https://www.magneto365.com/co/trabajos/buscar/analista-desarrollo
2026-05-08 16:08:52 | INFO | Ofertas extraídas de Magneto: 12
2026-05-08 16:08:52 | INFO | Buscando en Magneto: https://www.magneto365.com/co/trabajos/buscar/desarrollador-software
2026-05-08 16:08:53 | INFO | Ofertas extraídas de Magneto: 19
2026-05-08 16:08:53 | INFO | Buscando en Magneto: https://www.magneto365.com/co/trabajos/buscar/programador
2026-05-08 16:08:55 | INFO | Ofertas extraídas de Magneto: 17
2026-05-08 16:08:55 | INFO | Oferta duplicada omitida: https://www.magneto365.com/co/empleos/full-stack-developer-1626494698-9-912135
2026-05-08 16:08:55 | INFO | Oferta duplicada omitida: https://www.magneto365.com/co/empleos/desarrollador-ti-911545
2026-05-08 16:08:55 | INFO | Oferta duplicada omitida: https://www.magneto365.com/co/empleos/desarrollador-full-stack-895702
2026-05-08 16:08:55 | INFO | Oferta duplicada omitida: https://www.magneto365.com/co/empleos/desarrollador-full-896787
2026-05-08 16:08:55 | INFO | Oferta duplicada omitida: https://www.magneto365.com/co/empleos/desarrollador-fullstack-javascriptnode-js-colombia-906260
2026-05-08 16:08:55 | INFO | Oferta duplicada omitida: https://www.magneto365.com/co/empleos/desarrollador-de-software-con-enfoque-en-inteligencia-artificial-899657
2026-05-08 16:08:55 | INFO | Oferta duplicada omitida: https://www.magneto365.com/co/empleos/desarrollador-de-software-ia-javascript-react-bucaramanga-913803
2026-05-08 16:08:55 | INFO | Oferta duplicada omitida: https://www.magneto365.com/co/empleos/desarrollador-python-bogota-909596
2026-05-08 16:08:55 | INFO | Oferta duplicada omitida: https://www.magneto365.com/co/empleos/desarrolladora-fullstack-896069
2026-05-08 16:08:55 | INFO | Oferta duplicada omitida: https://www.magneto365.com/co/empleos/desarrollador-fullstack-884799
2026-05-08 16:08:55 | INFO | Oferta duplicada omitida: https://www.magneto365.com/co/empleos/ingeniero-fullstack-senior-net-flutter-angular-teletrabajo-en-colombia-882683
2026-05-08 16:08:55 | INFO | Oferta duplicada omitida: https://www.magneto365.com/co/empleos/desarrollador-fullstack-senior-net-react-teletrabajo-colombia-889531
2026-05-08 16:08:55 | INFO | Oferta duplicada omitida: https://www.magneto365.com/co/empleos/desarrollador-fullstack-medellin-846369
2026-05-08 16:08:55 | INFO | Oferta duplicada omitida: https://www.magneto365.com/co/empleos/desarrollador-backend-senior-python-897964
2026-05-08 16:08:55 | INFO | Oferta duplicada omitida: https://www.magneto365.com/co/empleos/desarrollador-a-mobile-react-native-bogota-913246
2026-05-08 16:08:55 | INFO | Oferta duplicada omitida: https://www.magneto365.com/co/empleos/analista-tecnico-senior-bilingue-b2c1-java-react-react-native-remoto-bogota-887625
2026-05-08 16:08:55 | INFO | Oferta duplicada omitida: https://www.magneto365.com/co/empleos/desarrollador-senior-full-stack-bilingue-java-react-remoto-bogota-892791
2026-05-08 16:08:55 | INFO | Oferta duplicada omitida: https://www.magneto365.com/co/empleos/desarrollador-de-software-909610
2026-05-08 16:08:55 | INFO | Oferta duplicada omitida: https://www.magneto365.com/co/empleos/senior-data-engineer-1626494698-8-892405
2026-05-08 16:08:55 | INFO | Oferta duplicada omitida: https://www.magneto365.com/co/empleos/ingeniero-devops-mid-junior-899771
2026-05-08 16:08:55 | INFO | Oferta duplicada omitida: https://www.magneto365.com/co/empleos/analista-qa-882273
2026-05-08 16:08:55 | INFO | Oferta duplicada omitida: https://www.magneto365.com/co/empleos/desarrollador-fullstack-senior-hibrido-en-cali-895467
2026-05-08 16:08:55 | INFO | Oferta duplicada omitida: https://www.magneto365.com/co/empleos/desarrollador-fullstack-en-hidrocarburos-python-java-891227
2026-05-08 16:08:55 | INFO | Oferta duplicada omitida: https://www.magneto365.com/co/empleos/desarrollador-fullstack-senior-hibrido-en-cali-848809
2026-05-08 16:08:55 | INFO | Oferta duplicada omitida: https://www.magneto365.com/co/empleos/desarrollador-fullstack-senior-829393
2026-05-08 16:08:55 | INFO | Oferta duplicada omitida: https://www.magneto365.com/co/empleos/desarrollador-php-freelance-884817
2026-05-08 16:08:55 | INFO | Oferta duplicada omitida: https://www.magneto365.com/co/empleos/desarrollador-a-de-software-891058
2026-05-08 16:08:55 | INFO | Oferta duplicada omitida: https://www.magneto365.com/co/empleos/desarrollador-frontend-y-gestion-de-contenido-medellin-884727
2026-05-08 16:08:55 | INFO | Oferta duplicada omitida: https://www.magneto365.com/co/empleos/desarrollador-frontend-webmaster-847312
2026-05-08 16:08:55 | INFO | Oferta duplicada omitida: https://www.magneto365.com/co/empleos/senior-frontend-engineer-907809
2026-05-08 16:08:55 | INFO | Oferta duplicada omitida: https://www.magneto365.com/co/empleos/desarrollador-front-end-ecommerce-897233
2026-05-08 16:08:55 | INFO | Oferta duplicada omitida: https://www.magneto365.com/co/empleos/desarrollador-backend-912569
2026-05-08 16:08:55 | INFO | Oferta duplicada omitida: https://www.magneto365.com/co/empleos/desarrollador-backend-oracle-plsql-hxgn-eam-galapa-907640
2026-05-08 16:08:55 | INFO | Oferta duplicada omitida: https://www.magneto365.com/co/empleos/desarrollador-backend-884791
2026-05-08 16:08:55 | INFO | Oferta duplicada omitida: https://www.magneto365.com/co/empleos/desarrollador-senior-java-spring-boot-y-python-remoto-colombia-899477
2026-05-08 16:08:55 | INFO | Oferta duplicada omitida: https://www.magneto365.com/co/empleos/desarrollador-full-stack-895178
2026-05-08 16:08:55 | INFO | Oferta duplicada omitida: https://www.magneto365.com/co/empleos/especialista-i-desarrollador-pco-886336
2026-05-08 16:08:55 | INFO | Oferta duplicada omitida: https://www.magneto365.com/co/empleos/desarrollador-full-stack-python-react-ia-cali-908099
2026-05-08 16:08:55 | INFO | Oferta duplicada omitida: https://www.magneto365.com/co/empleos/desarrollador-senior-full-stack-909405
2026-05-08 16:08:55 | INFO | Oferta duplicada omitida: https://www.magneto365.com/co/empleos/desarrolladorprogramador-bi-financiera-888680
2026-05-08 16:08:55 | INFO | Oferta duplicada omitida: https://www.magneto365.com/co/empleos/desarrollador-especialista-de-software-medellin-843102
2026-05-08 16:08:55 | INFO | Oferta duplicada omitida: https://www.magneto365.com/co/empleos/desarrollador-de-software-835075
2026-05-08 16:08:55 | INFO | Oferta duplicada omitida: https://www.magneto365.com/co/empleos/ingeniero-a-tecnologia-talento-que-transforma-913134
2026-05-08 16:08:55 | INFO | Oferta duplicada omitida: https://www.magneto365.com/co/empleos/tester-qa-pruebas-de-software-hibrido-bogota-908108
2026-05-08 16:08:55 | INFO | Oferta duplicada omitida: https://www.magneto365.com/co/empleos/coordinadora-de-servicios-de-desarrollo-de-software-1626119083-2-900284
2026-05-08 16:08:55 | INFO | Oferta duplicada omitida: https://www.magneto365.com/co/empleos/arquitecto-de-software-899087
2026-05-08 16:08:55 | INFO | Oferta duplicada omitida: https://www.magneto365.com/co/empleos/lider-tecnico-desarrollo-software-java-888526
2026-05-08 16:08:55 | INFO | Oferta duplicada omitida: https://www.magneto365.com/co/empleos/arquitecto-de-software-para-transformacion-digital-en-salud-y-contabilidad-886496
2026-05-08 16:08:55 | INFO | Oferta duplicada omitida: https://www.magneto365.com/co/empleos/arquitecto-de-software-822827
2026-05-08 16:08:55 | INFO | Oferta duplicada omitida: https://www.magneto365.com/co/empleos/practicante-sistemas-de-informacion-base-comercial-895470
2026-05-08 16:08:55 | INFO | Oferta duplicada omitida: https://www.magneto365.com/co/empleos/desarrollador-de-software-lider-microservicios-remoto-894672
2026-05-08 16:08:55 | INFO | Oferta duplicada omitida: https://www.magneto365.com/co/empleos/analista-tecnico-senior-desarrollo-de-software-bilingue-884537
2026-05-08 16:08:55 | INFO | Oferta duplicada omitida: https://www.magneto365.com/co/empleos/practicante-ingenieria-de-sistemas-desarrollo-y-soporte-ti-bogota-901179
2026-05-08 16:08:55 | INFO | Oferta duplicada omitida: https://www.magneto365.com/co/empleos/practicante-profesional-ingenieria-de-sistemas-medellin-899409
2026-05-08 16:08:55 | INFO | Oferta duplicada omitida: https://www.magneto365.com/co/empleos/practicante-chatbot-contratacion-y-colaboradores-whatsapp-895458
2026-05-08 16:08:55 | INFO | Oferta duplicada omitida: https://www.magneto365.com/co/empleos/analista-desarrollo-comercial-ii-bogota-899720
2026-05-08 16:08:55 | INFO | Oferta duplicada omitida: https://www.magneto365.com/co/empleos/analista-de-desarrollo-de-software-net-angular-sql-server-colombia-914543
2026-05-08 16:08:55 | INFO | Oferta duplicada omitida: https://www.magneto365.com/co/empleos/analista-de-ingenieria-desarrollo-de-producto-industrial-914466
2026-05-08 16:08:55 | INFO | Oferta duplicada omitida: https://www.magneto365.com/co/empleos/analista-de-desarrollo-logistico-908067
2026-05-08 16:08:55 | INFO | Oferta duplicada omitida: https://www.magneto365.com/co/empleos/analista-de-desarrollo-de-productos-industria-colombia-906038
2026-05-08 16:08:55 | INFO | Oferta duplicada omitida: https://www.magneto365.com/co/empleos/analista-de-formacion-y-desarrollo-de-talento-905159
2026-05-08 16:08:55 | INFO | Oferta duplicada omitida: https://www.magneto365.com/co/empleos/analista-de-cultura-y-desarrollo-temporal-por-licencia-de-maternidad-901840
2026-05-08 16:08:55 | INFO | Oferta duplicada omitida: https://www.magneto365.com/co/empleos/analista-de-automatizacion-y-desarrollo-termino-fijo-900710
2026-05-08 16:08:55 | INFO | Oferta duplicada omitida: https://www.magneto365.com/co/empleos/analista-de-desarrollo-de-software-1626071855-68-897977
2026-05-08 16:08:55 | INFO | Oferta duplicada omitida: https://www.magneto365.com/co/empleos/analista-de-desarrollo-humano-897395
2026-05-08 16:08:55 | INFO | Oferta duplicada omitida: https://www.magneto365.com/co/empleos/analista-de-atraccion-cultura-y-desarrollo-1626073720-39-887030
2026-05-08 16:08:55 | INFO | Oferta duplicada omitida: https://www.magneto365.com/co/empleos/desarrolladora-de-software-1626142096-3-908837
2026-05-08 16:08:55 | INFO | Oferta duplicada omitida: https://www.magneto365.com/co/empleos/ceid-desarrolladora-de-software-senior-rpa-905848
2026-05-08 16:08:55 | INFO | Oferta duplicada omitida: https://www.magneto365.com/co/empleos/desarrolladora-de-software-qa-1626436242-51-906064
2026-05-08 16:08:55 | INFO | Oferta duplicada omitida: https://www.magneto365.com/co/empleos/ceid-desarrollador-de-software-semisenior-1626492604-5-891596
2026-05-08 16:08:55 | INFO | Oferta duplicada omitida: https://www.magneto365.com/co/empleos/desarrollador-de-negocios-bogota-910216
2026-05-08 16:08:55 | INFO | Oferta duplicada omitida: https://www.magneto365.com/co/empleos/desarrollador-mid-level-sprint-contributor-902838
2026-05-08 16:08:55 | INFO | Oferta duplicada omitida: https://www.magneto365.com/co/empleos/desarrolladora-fronted-1626040293-334-896881
2026-05-08 16:08:55 | INFO | Oferta duplicada omitida: https://www.magneto365.com/co/empleos/programador-de-publicidad-digital-893246
2026-05-08 16:08:55 | INFO | Oferta duplicada omitida: https://www.magneto365.com/co/empleos/programador-tornero-cnc-puente-aranda-891925
2026-05-08 16:08:55 | INFO | Oferta duplicada omitida: https://www.magneto365.com/co/empleos/programador-de-flota-33303-886852
2026-05-08 16:08:55 | INFO | Oferta duplicada omitida: https://www.magneto365.com/co/empleos/instrumentador-quirurgico-888639
2026-05-08 16:08:55 | INFO | Oferta duplicada omitida: https://www.magneto365.com/co/empleos/analista-de-programacion-de-turnos-en-empresas-de-seguridad-881373
2026-05-08 16:08:55 | INFO | Oferta duplicada omitida: https://www.magneto365.com/co/empleos/integracion-automatizacion-control-ensamble-832860
2026-05-08 16:08:55 | INFO | Oferta duplicada omitida: https://www.magneto365.com/co/empleos/lider-de-planeacion-y-programacion-de-produccion-colombia-894342
2026-05-08 16:08:55 | INFO | Resumen ciclo | revisadas=80 | aplicadas=0 | errores=0 | omitidas=80
2026-05-08 16:08:55 | INFO | Esperando 180 segundos para el siguiente ciclo...
2026-05-08 16:10:46 | INFO | ⚠️ Bot detenido por el usuario (Ctrl+C)
2026-05-08 16:10:46 | INFO | Limpiando recursos...
2026-05-08 16:10:46 | WARNING | Retrying (Retry(total=2, connect=None, read=None, redirect=None, status=None)) after connection broken by 'ConnectionResetError(10054, 'Se ha forzado la interrupción de una conexión existente por el host remoto', None, 10054, None)': /session/780de29181a29d0b2c18986d7f2d264e
2026-05-08 16:10:54 | INFO | ================================================================================
2026-05-08 16:10:54 | INFO | INICIANDO BOT DE EMPLEO - C:\Users\millo\Downloads\hoja de vida\job_bot\main.py
2026-05-08 16:10:54 | INFO | ================================================================================
2026-05-08 16:10:55 | INFO | Verificando login inicial...
2026-05-08 16:10:57 | INFO | No hay sesion activa en Magneto. Abriendo inicio de sesion.
2026-05-08 16:11:08 | INFO | No se encontro boton de Google. Esperando inicio manual.
2026-05-08 16:11:08 | INFO | Sesion iniciada correctamente.
2026-05-08 16:11:08 | INFO | ✅ Login verificado al inicio
2026-05-08 16:11:08 | INFO | --------------------------------------------------------------------------------
2026-05-08 16:11:08 | INFO | Iniciando ciclo #1
2026-05-08 16:11:08 | INFO | Buscando en Magneto: https://www.magneto365.com/co/trabajos/buscar/full-stack-developer
2026-05-08 16:11:10 | INFO | Ofertas extraídas de Magneto: 8
2026-05-08 16:11:10 | INFO | Buscando en Magneto: https://www.magneto365.com/co/trabajos/buscar/fullstack-developer
2026-05-08 16:11:11 | INFO | Ofertas extraídas de Magneto: 6
2026-05-08 16:11:11 | INFO | Buscando en Magneto: https://www.magneto365.com/co/trabajos/buscar/frontend-developer
2026-05-08 16:11:12 | INFO | Ofertas extraídas de Magneto: 1
2026-05-08 16:11:12 | INFO | Buscando en Magneto: https://www.magneto365.com/co/trabajos/buscar/backend-developer
2026-05-08 16:11:13 | INFO | Ofertas extraídas de Magneto: 4
2026-05-08 16:11:13 | INFO | Buscando en Magneto: https://www.magneto365.com/co/trabajos/buscar/react-developer
2026-05-08 16:11:14 | INFO | Ofertas extraídas de Magneto: 6
2026-05-08 16:11:14 | INFO | Buscando en Magneto: https://www.magneto365.com/co/trabajos/buscar/react-native
2026-05-08 16:11:15 | INFO | Ofertas extraídas de Magneto: 3
2026-05-08 16:11:15 | INFO | Buscando en Magneto: https://www.magneto365.com/co/trabajos/buscar/node-js-developer
2026-05-08 16:11:36 | INFO | No se encontraron resultados visibles en la búsqueda actual.
2026-05-08 16:11:36 | INFO | Ofertas extraídas de Magneto: 0
2026-05-08 16:11:36 | INFO | Busqueda por URL sin resultados. Usando pagina de ciudad para: Node.js Developer
2026-05-08 16:11:37 | INFO | Ofertas extraídas de Magneto: 0
2026-05-08 16:11:37 | INFO | Buscando en Magneto: https://www.magneto365.com/co/trabajos/buscar/javascript-developer
2026-05-08 16:11:38 | INFO | Ofertas extraídas de Magneto: 6
2026-05-08 16:11:38 | INFO | Buscando en Magneto: https://www.magneto365.com/co/trabajos/buscar/typescript-developer
2026-05-08 16:11:59 | INFO | No se encontraron resultados visibles en la búsqueda actual.
2026-05-08 16:11:59 | INFO | Ofertas extraídas de Magneto: 0
2026-05-08 16:11:59 | INFO | Busqueda por URL sin resultados. Usando pagina de ciudad para: TypeScript Developer
2026-05-08 16:12:00 | INFO | Ofertas extraídas de Magneto: 0
2026-05-08 16:12:00 | INFO | Buscando en Magneto: https://www.magneto365.com/co/trabajos/buscar/software-engineer
2026-05-08 16:12:02 | INFO | Ofertas extraídas de Magneto: 6
2026-05-08 16:12:02 | INFO | Buscando en Magneto: https://www.magneto365.com/co/trabajos/buscar/desarrollador-fullstack
2026-05-08 16:12:03 | INFO | Ofertas extraídas de Magneto: 12
2026-05-08 16:12:03 | INFO | Buscando en Magneto: https://www.magneto365.com/co/trabajos/buscar/desarrollador-frontend
2026-05-08 16:12:04 | INFO | Ofertas extraídas de Magneto: 5
2026-05-08 16:12:04 | INFO | Buscando en Magneto: https://www.magneto365.com/co/trabajos/buscar/desarrollador-backend
2026-05-08 16:12:06 | INFO | Ofertas extraídas de Magneto: 10
2026-05-08 16:12:06 | INFO | Buscando en Magneto: https://www.magneto365.com/co/trabajos/buscar/desarrollador-react
2026-05-08 16:12:07 | INFO | Ofertas extraídas de Magneto: 13
2026-05-08 16:12:07 | INFO | Buscando en Magneto: https://www.magneto365.com/co/trabajos/buscar/desarrollador-javascript
2026-05-08 16:12:08 | INFO | Ofertas extraídas de Magneto: 11
2026-05-08 16:12:08 | INFO | Buscando en Magneto: https://www.magneto365.com/co/trabajos/buscar/desarrollador-typescript
2026-05-08 16:12:09 | INFO | Ofertas extraídas de Magneto: 1
2026-05-08 16:12:09 | INFO | Buscando en Magneto: https://www.magneto365.com/co/trabajos/buscar/desarrollador-node
2026-05-08 16:12:10 | INFO | Ofertas extraídas de Magneto: 2
2026-05-08 16:12:10 | INFO | Buscando en Magneto: https://www.magneto365.com/co/trabajos/buscar/ingeniero-software
2026-05-08 16:12:11 | INFO | Ofertas extraídas de Magneto: 17
2026-05-08 16:12:11 | INFO | Buscando en Magneto: https://www.magneto365.com/co/trabajos/buscar/analista-desarrollo
2026-05-08 16:12:13 | INFO | Ofertas extraídas de Magneto: 12
2026-05-08 16:12:13 | INFO | Buscando en Magneto: https://www.magneto365.com/co/trabajos/buscar/desarrollador-software
2026-05-08 16:12:14 | INFO | Ofertas extraídas de Magneto: 19
2026-05-08 16:12:14 | INFO | Buscando en Magneto: https://www.magneto365.com/co/trabajos/buscar/programador
2026-05-08 16:12:15 | INFO | Ofertas extraídas de Magneto: 17
2026-05-08 16:12:15 | INFO | Oferta duplicada omitida: https://www.magneto365.com/co/empleos/full-stack-developer-1626494698-9-912135
2026-05-08 16:12:15 | INFO | Oferta duplicada omitida: https://www.magneto365.com/co/empleos/desarrollador-ti-911545
2026-05-08 16:12:15 | INFO | Oferta duplicada omitida: https://www.magneto365.com/co/empleos/desarrollador-full-stack-895702
2026-05-08 16:12:15 | INFO | Oferta duplicada omitida: https://www.magneto365.com/co/empleos/desarrollador-full-896787
2026-05-08 16:12:15 | INFO | Oferta duplicada omitida: https://www.magneto365.com/co/empleos/desarrollador-fullstack-javascriptnode-js-colombia-906260
2026-05-08 16:12:15 | INFO | Oferta duplicada omitida: https://www.magneto365.com/co/empleos/desarrollador-de-software-con-enfoque-en-inteligencia-artificial-899657
2026-05-08 16:12:15 | INFO | Oferta duplicada omitida: https://www.magneto365.com/co/empleos/desarrollador-de-software-ia-javascript-react-bucaramanga-913803
2026-05-08 16:12:15 | INFO | Oferta duplicada omitida: https://www.magneto365.com/co/empleos/desarrollador-python-bogota-909596
2026-05-08 16:12:15 | INFO | Oferta duplicada omitida: https://www.magneto365.com/co/empleos/desarrolladora-fullstack-896069
2026-05-08 16:12:15 | INFO | Oferta duplicada omitida: https://www.magneto365.com/co/empleos/desarrollador-fullstack-884799
2026-05-08 16:12:15 | INFO | Oferta duplicada omitida: https://www.magneto365.com/co/empleos/ingeniero-fullstack-senior-net-flutter-angular-teletrabajo-en-colombia-882683
2026-05-08 16:12:15 | INFO | Oferta duplicada omitida: https://www.magneto365.com/co/empleos/desarrollador-fullstack-senior-net-react-teletrabajo-colombia-889531
2026-05-08 16:12:15 | INFO | Oferta duplicada omitida: https://www.magneto365.com/co/empleos/desarrollador-fullstack-medellin-846369
2026-05-08 16:12:15 | INFO | Oferta duplicada omitida: https://www.magneto365.com/co/empleos/desarrollador-backend-senior-python-897964
2026-05-08 16:12:15 | INFO | Oferta duplicada omitida: https://www.magneto365.com/co/empleos/desarrollador-a-mobile-react-native-bogota-913246
2026-05-08 16:12:15 | INFO | Oferta duplicada omitida: https://www.magneto365.com/co/empleos/analista-tecnico-senior-bilingue-b2c1-java-react-react-native-remoto-bogota-887625
2026-05-08 16:12:15 | INFO | Oferta duplicada omitida: https://www.magneto365.com/co/empleos/desarrollador-senior-full-stack-bilingue-java-react-remoto-bogota-892791
2026-05-08 16:12:15 | INFO | Oferta duplicada omitida: https://www.magneto365.com/co/empleos/desarrollador-de-software-909610
2026-05-08 16:12:15 | INFO | Oferta duplicada omitida: https://www.magneto365.com/co/empleos/senior-data-engineer-1626494698-8-892405
2026-05-08 16:12:15 | INFO | Oferta duplicada omitida: https://www.magneto365.com/co/empleos/ingeniero-devops-mid-junior-899771
2026-05-08 16:12:15 | INFO | Oferta duplicada omitida: https://www.magneto365.com/co/empleos/analista-qa-882273
2026-05-08 16:12:15 | INFO | Oferta duplicada omitida: https://www.magneto365.com/co/empleos/desarrollador-fullstack-senior-hibrido-en-cali-895467
2026-05-08 16:12:15 | INFO | Oferta duplicada omitida: https://www.magneto365.com/co/empleos/desarrollador-fullstack-en-hidrocarburos-python-java-891227
2026-05-08 16:12:15 | INFO | Oferta duplicada omitida: https://www.magneto365.com/co/empleos/desarrollador-fullstack-senior-hibrido-en-cali-848809
2026-05-08 16:12:15 | INFO | Oferta duplicada omitida: https://www.magneto365.com/co/empleos/desarrollador-fullstack-senior-829393
2026-05-08 16:12:15 | INFO | Oferta duplicada omitida: https://www.magneto365.com/co/empleos/desarrollador-php-freelance-884817
2026-05-08 16:12:15 | INFO | Oferta duplicada omitida: https://www.magneto365.com/co/empleos/desarrollador-a-de-software-891058
2026-05-08 16:12:15 | INFO | Oferta duplicada omitida: https://www.magneto365.com/co/empleos/desarrollador-frontend-y-gestion-de-contenido-medellin-884727
2026-05-08 16:12:15 | INFO | Oferta duplicada omitida: https://www.magneto365.com/co/empleos/desarrollador-frontend-webmaster-847312
2026-05-08 16:12:15 | INFO | Oferta duplicada omitida: https://www.magneto365.com/co/empleos/senior-frontend-engineer-907809
2026-05-08 16:12:15 | INFO | Oferta duplicada omitida: https://www.magneto365.com/co/empleos/desarrollador-front-end-ecommerce-897233
2026-05-08 16:12:15 | INFO | Oferta duplicada omitida: https://www.magneto365.com/co/empleos/desarrollador-backend-912569
2026-05-08 16:12:15 | INFO | Oferta duplicada omitida: https://www.magneto365.com/co/empleos/desarrollador-backend-oracle-plsql-hxgn-eam-galapa-907640
2026-05-08 16:12:15 | INFO | Oferta duplicada omitida: https://www.magneto365.com/co/empleos/desarrollador-backend-884791
2026-05-08 16:12:15 | INFO | Oferta duplicada omitida: https://www.magneto365.com/co/empleos/desarrollador-senior-java-spring-boot-y-python-remoto-colombia-899477
2026-05-08 16:12:15 | INFO | Oferta duplicada omitida: https://www.magneto365.com/co/empleos/desarrollador-full-stack-895178
2026-05-08 16:12:15 | INFO | Oferta duplicada omitida: https://www.magneto365.com/co/empleos/especialista-i-desarrollador-pco-886336
2026-05-08 16:12:15 | INFO | Oferta duplicada omitida: https://www.magneto365.com/co/empleos/desarrollador-full-stack-python-react-ia-cali-908099
2026-05-08 16:12:15 | INFO | Oferta duplicada omitida: https://www.magneto365.com/co/empleos/desarrollador-senior-full-stack-909405
2026-05-08 16:12:15 | INFO | Oferta duplicada omitida: https://www.magneto365.com/co/empleos/desarrolladorprogramador-bi-financiera-888680
2026-05-08 16:12:15 | INFO | Oferta duplicada omitida: https://www.magneto365.com/co/empleos/desarrollador-especialista-de-software-medellin-843102
2026-05-08 16:12:15 | INFO | Oferta duplicada omitida: https://www.magneto365.com/co/empleos/desarrollador-de-software-835075
2026-05-08 16:12:15 | INFO | Oferta duplicada omitida: https://www.magneto365.com/co/empleos/ingeniero-a-tecnologia-talento-que-transforma-913134
2026-05-08 16:12:15 | INFO | Oferta duplicada omitida: https://www.magneto365.com/co/empleos/tester-qa-pruebas-de-software-hibrido-bogota-908108
2026-05-08 16:12:15 | INFO | Oferta duplicada omitida: https://www.magneto365.com/co/empleos/coordinadora-de-servicios-de-desarrollo-de-software-1626119083-2-900284
2026-05-08 16:12:15 | INFO | Oferta duplicada omitida: https://www.magneto365.com/co/empleos/arquitecto-de-software-899087
2026-05-08 16:12:15 | INFO | Oferta duplicada omitida: https://www.magneto365.com/co/empleos/lider-tecnico-desarrollo-software-java-888526
2026-05-08 16:12:15 | INFO | Oferta duplicada omitida: https://www.magneto365.com/co/empleos/arquitecto-de-software-para-transformacion-digital-en-salud-y-contabilidad-886496
2026-05-08 16:12:15 | INFO | Oferta duplicada omitida: https://www.magneto365.com/co/empleos/arquitecto-de-software-822827
2026-05-08 16:12:15 | INFO | Oferta duplicada omitida: https://www.magneto365.com/co/empleos/practicante-sistemas-de-informacion-base-comercial-895470
2026-05-08 16:12:15 | INFO | Oferta duplicada omitida: https://www.magneto365.com/co/empleos/desarrollador-de-software-lider-microservicios-remoto-894672
2026-05-08 16:12:15 | INFO | Oferta duplicada omitida: https://www.magneto365.com/co/empleos/analista-tecnico-senior-desarrollo-de-software-bilingue-884537
2026-05-08 16:12:15 | INFO | Oferta duplicada omitida: https://www.magneto365.com/co/empleos/practicante-ingenieria-de-sistemas-desarrollo-y-soporte-ti-bogota-901179
2026-05-08 16:12:15 | INFO | Oferta duplicada omitida: https://www.magneto365.com/co/empleos/practicante-profesional-ingenieria-de-sistemas-medellin-899409
2026-05-08 16:12:15 | INFO | Oferta duplicada omitida: https://www.magneto365.com/co/empleos/practicante-chatbot-contratacion-y-colaboradores-whatsapp-895458
2026-05-08 16:12:15 | INFO | Oferta duplicada omitida: https://www.magneto365.com/co/empleos/analista-desarrollo-comercial-ii-bogota-899720
2026-05-08 16:12:15 | INFO | Oferta duplicada omitida: https://www.magneto365.com/co/empleos/analista-de-desarrollo-de-software-net-angular-sql-server-colombia-914543
2026-05-08 16:12:15 | INFO | Oferta duplicada omitida: https://www.magneto365.com/co/empleos/analista-de-ingenieria-desarrollo-de-producto-industrial-914466
2026-05-08 16:12:15 | INFO | Oferta duplicada omitida: https://www.magneto365.com/co/empleos/analista-de-desarrollo-logistico-908067
2026-05-08 16:12:15 | INFO | Oferta duplicada omitida: https://www.magneto365.com/co/empleos/analista-de-desarrollo-de-productos-industria-colombia-906038
2026-05-08 16:12:15 | INFO | Oferta duplicada omitida: https://www.magneto365.com/co/empleos/analista-de-formacion-y-desarrollo-de-talento-905159
2026-05-08 16:12:15 | INFO | Oferta duplicada omitida: https://www.magneto365.com/co/empleos/analista-de-cultura-y-desarrollo-temporal-por-licencia-de-maternidad-901840
2026-05-08 16:12:15 | INFO | Oferta duplicada omitida: https://www.magneto365.com/co/empleos/analista-de-automatizacion-y-desarrollo-termino-fijo-900710
2026-05-08 16:12:15 | INFO | Oferta duplicada omitida: https://www.magneto365.com/co/empleos/analista-de-desarrollo-de-software-1626071855-68-897977
2026-05-08 16:12:15 | INFO | Oferta duplicada omitida: https://www.magneto365.com/co/empleos/analista-de-desarrollo-humano-897395
2026-05-08 16:12:15 | INFO | Oferta duplicada omitida: https://www.magneto365.com/co/empleos/analista-de-atraccion-cultura-y-desarrollo-1626073720-39-887030
2026-05-08 16:12:15 | INFO | Oferta duplicada omitida: https://www.magneto365.com/co/empleos/desarrolladora-de-software-1626142096-3-908837
2026-05-08 16:12:15 | INFO | Oferta duplicada omitida: https://www.magneto365.com/co/empleos/ceid-desarrolladora-de-software-senior-rpa-905848
2026-05-08 16:12:15 | INFO | Oferta duplicada omitida: https://www.magneto365.com/co/empleos/desarrolladora-de-software-qa-1626436242-51-906064
2026-05-08 16:12:15 | INFO | Oferta duplicada omitida: https://www.magneto365.com/co/empleos/ceid-desarrollador-de-software-semisenior-1626492604-5-891596
2026-05-08 16:12:15 | INFO | Oferta duplicada omitida: https://www.magneto365.com/co/empleos/desarrollador-de-negocios-bogota-910216
2026-05-08 16:12:15 | INFO | Oferta duplicada omitida: https://www.magneto365.com/co/empleos/desarrollador-mid-level-sprint-contributor-902838
2026-05-08 16:12:15 | INFO | Oferta duplicada omitida: https://www.magneto365.com/co/empleos/desarrolladora-fronted-1626040293-334-896881
2026-05-08 16:12:15 | INFO | Oferta duplicada omitida: https://www.magneto365.com/co/empleos/programador-de-publicidad-digital-893246
2026-05-08 16:12:15 | INFO | Oferta duplicada omitida: https://www.magneto365.com/co/empleos/programador-tornero-cnc-puente-aranda-891925
2026-05-08 16:12:15 | INFO | Oferta duplicada omitida: https://www.magneto365.com/co/empleos/programador-de-flota-33303-886852
2026-05-08 16:12:15 | INFO | Oferta duplicada omitida: https://www.magneto365.com/co/empleos/instrumentador-quirurgico-888639
2026-05-08 16:12:15 | INFO | Oferta duplicada omitida: https://www.magneto365.com/co/empleos/analista-de-programacion-de-turnos-en-empresas-de-seguridad-881373
2026-05-08 16:12:15 | INFO | Oferta duplicada omitida: https://www.magneto365.com/co/empleos/integracion-automatizacion-control-ensamble-832860
2026-05-08 16:12:15 | INFO | Oferta duplicada omitida: https://www.magneto365.com/co/empleos/lider-de-planeacion-y-programacion-de-produccion-colombia-894342
2026-05-08 16:12:15 | INFO | Resumen ciclo | revisadas=80 | aplicadas=0 | errores=0 | omitidas=80
2026-05-08 16:12:15 | INFO | Esperando 180 segundos para el siguiente ciclo...
2026-05-08 16:15:15 | INFO | --------------------------------------------------------------------------------
2026-05-08 16:15:15 | INFO | Iniciando ciclo #2
2026-05-08 16:15:15 | INFO | Buscando en Magneto: https://www.magneto365.com/co/trabajos/buscar/full-stack-developer
2026-05-08 16:15:17 | INFO | Ofertas extraídas de Magneto: 8
2026-05-08 16:15:17 | INFO | Buscando en Magneto: https://www.magneto365.com/co/trabajos/buscar/fullstack-developer
2026-05-08 16:15:18 | INFO | Ofertas extraídas de Magneto: 6
2026-05-08 16:15:18 | INFO | Buscando en Magneto: https://www.magneto365.com/co/trabajos/buscar/frontend-developer
2026-05-08 16:15:19 | INFO | Ofertas extraídas de Magneto: 1
2026-05-08 16:15:19 | INFO | Buscando en Magneto: https://www.magneto365.com/co/trabajos/buscar/backend-developer
2026-05-08 16:15:20 | INFO | Ofertas extraídas de Magneto: 4
2026-05-08 16:15:20 | INFO | Buscando en Magneto: https://www.magneto365.com/co/trabajos/buscar/react-developer
2026-05-08 16:15:21 | INFO | Ofertas extraídas de Magneto: 6
2026-05-08 16:15:21 | INFO | Buscando en Magneto: https://www.magneto365.com/co/trabajos/buscar/react-native
2026-05-08 16:15:22 | INFO | Ofertas extraídas de Magneto: 3
2026-05-08 16:15:22 | INFO | Buscando en Magneto: https://www.magneto365.com/co/trabajos/buscar/node-js-developer
2026-05-08 16:15:43 | INFO | No se encontraron resultados visibles en la búsqueda actual.
2026-05-08 16:15:43 | INFO | Ofertas extraídas de Magneto: 0
2026-05-08 16:15:43 | INFO | Busqueda por URL sin resultados. Usando pagina de ciudad para: Node.js Developer
2026-05-08 16:15:45 | INFO | Ofertas extraídas de Magneto: 0
2026-05-08 16:15:45 | INFO | Buscando en Magneto: https://www.magneto365.com/co/trabajos/buscar/javascript-developer
2026-05-08 16:15:46 | INFO | Ofertas extraídas de Magneto: 6
2026-05-08 16:15:46 | INFO | Buscando en Magneto: https://www.magneto365.com/co/trabajos/buscar/typescript-developer
2026-05-08 16:16:07 | INFO | No se encontraron resultados visibles en la búsqueda actual.
2026-05-08 16:16:07 | INFO | Ofertas extraídas de Magneto: 0
2026-05-08 16:16:07 | INFO | Busqueda por URL sin resultados. Usando pagina de ciudad para: TypeScript Developer
2026-05-08 16:16:10 | INFO | Ofertas extraídas de Magneto: 0
2026-05-08 16:16:10 | INFO | Buscando en Magneto: https://www.magneto365.com/co/trabajos/buscar/software-engineer
2026-05-08 16:16:13 | INFO | Ofertas extraídas de Magneto: 6
2026-05-08 16:16:13 | INFO | Buscando en Magneto: https://www.magneto365.com/co/trabajos/buscar/desarrollador-fullstack
2026-05-08 16:16:14 | INFO | Ofertas extraídas de Magneto: 12
2026-05-08 16:16:14 | INFO | Buscando en Magneto: https://www.magneto365.com/co/trabajos/buscar/desarrollador-frontend
2026-05-08 16:16:16 | INFO | Ofertas extraídas de Magneto: 5
2026-05-08 16:16:16 | INFO | Buscando en Magneto: https://www.magneto365.com/co/trabajos/buscar/desarrollador-backend
2026-05-08 16:16:18 | INFO | Ofertas extraídas de Magneto: 10
2026-05-08 16:16:18 | INFO | Buscando en Magneto: https://www.magneto365.com/co/trabajos/buscar/desarrollador-react
2026-05-08 16:16:19 | INFO | Ofertas extraídas de Magneto: 13
2026-05-08 16:16:19 | INFO | Buscando en Magneto: https://www.magneto365.com/co/trabajos/buscar/desarrollador-javascript
2026-05-08 16:16:20 | INFO | Ofertas extraídas de Magneto: 11
2026-05-08 16:16:20 | INFO | Buscando en Magneto: https://www.magneto365.com/co/trabajos/buscar/desarrollador-typescript
2026-05-08 16:16:20 | INFO | Ofertas extraídas de Magneto: 1
2026-05-08 16:16:20 | INFO | Buscando en Magneto: https://www.magneto365.com/co/trabajos/buscar/desarrollador-node
2026-05-08 16:16:22 | INFO | Ofertas extraídas de Magneto: 2
2026-05-08 16:16:22 | INFO | Buscando en Magneto: https://www.magneto365.com/co/trabajos/buscar/ingeniero-software
2026-05-08 16:16:23 | INFO | Ofertas extraídas de Magneto: 17
2026-05-08 16:16:23 | INFO | Buscando en Magneto: https://www.magneto365.com/co/trabajos/buscar/analista-desarrollo
2026-05-08 16:16:25 | INFO | Ofertas extraídas de Magneto: 12
2026-05-08 16:16:25 | INFO | Buscando en Magneto: https://www.magneto365.com/co/trabajos/buscar/desarrollador-software
2026-05-08 16:16:26 | INFO | Ofertas extraídas de Magneto: 19
2026-05-08 16:16:26 | INFO | Buscando en Magneto: https://www.magneto365.com/co/trabajos/buscar/programador
2026-05-08 16:16:28 | INFO | Ofertas extraídas de Magneto: 17
2026-05-08 16:16:28 | INFO | Oferta duplicada omitida: https://www.magneto365.com/co/empleos/full-stack-developer-1626494698-9-912135
2026-05-08 16:16:28 | INFO | Oferta duplicada omitida: https://www.magneto365.com/co/empleos/desarrollador-ti-911545
2026-05-08 16:16:28 | INFO | Oferta duplicada omitida: https://www.magneto365.com/co/empleos/desarrollador-full-stack-895702
2026-05-08 16:16:28 | INFO | Oferta duplicada omitida: https://www.magneto365.com/co/empleos/desarrollador-full-896787
2026-05-08 16:16:28 | INFO | Oferta duplicada omitida: https://www.magneto365.com/co/empleos/desarrollador-fullstack-javascriptnode-js-colombia-906260
2026-05-08 16:16:28 | INFO | Oferta duplicada omitida: https://www.magneto365.com/co/empleos/desarrollador-de-software-con-enfoque-en-inteligencia-artificial-899657
2026-05-08 16:16:28 | INFO | Oferta duplicada omitida: https://www.magneto365.com/co/empleos/desarrollador-de-software-ia-javascript-react-bucaramanga-913803
2026-05-08 16:16:28 | INFO | Oferta duplicada omitida: https://www.magneto365.com/co/empleos/desarrollador-python-bogota-909596
2026-05-08 16:16:28 | INFO | Oferta duplicada omitida: https://www.magneto365.com/co/empleos/desarrolladora-fullstack-896069
2026-05-08 16:16:28 | INFO | Oferta duplicada omitida: https://www.magneto365.com/co/empleos/desarrollador-fullstack-884799
2026-05-08 16:16:28 | INFO | Oferta duplicada omitida: https://www.magneto365.com/co/empleos/ingeniero-fullstack-senior-net-flutter-angular-teletrabajo-en-colombia-882683
2026-05-08 16:16:28 | INFO | Oferta duplicada omitida: https://www.magneto365.com/co/empleos/desarrollador-fullstack-senior-net-react-teletrabajo-colombia-889531
2026-05-08 16:16:28 | INFO | Oferta duplicada omitida: https://www.magneto365.com/co/empleos/desarrollador-fullstack-medellin-846369
2026-05-08 16:16:28 | INFO | Oferta duplicada omitida: https://www.magneto365.com/co/empleos/desarrollador-backend-senior-python-897964
2026-05-08 16:16:28 | INFO | Oferta duplicada omitida: https://www.magneto365.com/co/empleos/desarrollador-a-mobile-react-native-bogota-913246
2026-05-08 16:16:28 | INFO | Oferta duplicada omitida: https://www.magneto365.com/co/empleos/analista-tecnico-senior-bilingue-b2c1-java-react-react-native-remoto-bogota-887625
2026-05-08 16:16:28 | INFO | Oferta duplicada omitida: https://www.magneto365.com/co/empleos/desarrollador-senior-full-stack-bilingue-java-react-remoto-bogota-892791
2026-05-08 16:16:28 | INFO | Oferta duplicada omitida: https://www.magneto365.com/co/empleos/desarrollador-de-software-909610
2026-05-08 16:16:28 | INFO | Oferta duplicada omitida: https://www.magneto365.com/co/empleos/senior-data-engineer-1626494698-8-892405
2026-05-08 16:16:28 | INFO | Oferta duplicada omitida: https://www.magneto365.com/co/empleos/ingeniero-devops-mid-junior-899771
2026-05-08 16:16:28 | INFO | Oferta duplicada omitida: https://www.magneto365.com/co/empleos/analista-qa-882273
2026-05-08 16:16:28 | INFO | Oferta duplicada omitida: https://www.magneto365.com/co/empleos/desarrollador-fullstack-senior-hibrido-en-cali-895467
2026-05-08 16:16:28 | INFO | Oferta duplicada omitida: https://www.magneto365.com/co/empleos/desarrollador-fullstack-en-hidrocarburos-python-java-891227
2026-05-08 16:16:28 | INFO | Oferta duplicada omitida: https://www.magneto365.com/co/empleos/desarrollador-fullstack-senior-hibrido-en-cali-848809
2026-05-08 16:16:28 | INFO | Oferta duplicada omitida: https://www.magneto365.com/co/empleos/desarrollador-fullstack-senior-829393
2026-05-08 16:16:28 | INFO | Oferta duplicada omitida: https://www.magneto365.com/co/empleos/desarrollador-php-freelance-884817
2026-05-08 16:16:28 | INFO | Oferta duplicada omitida: https://www.magneto365.com/co/empleos/desarrollador-a-de-software-891058
2026-05-08 16:16:28 | INFO | Oferta duplicada omitida: https://www.magneto365.com/co/empleos/desarrollador-frontend-y-gestion-de-contenido-medellin-884727
2026-05-08 16:16:28 | INFO | Oferta duplicada omitida: https://www.magneto365.com/co/empleos/desarrollador-frontend-webmaster-847312
2026-05-08 16:16:28 | INFO | Oferta duplicada omitida: https://www.magneto365.com/co/empleos/senior-frontend-engineer-907809
2026-05-08 16:16:28 | INFO | Oferta duplicada omitida: https://www.magneto365.com/co/empleos/desarrollador-front-end-ecommerce-897233
2026-05-08 16:16:28 | INFO | Oferta duplicada omitida: https://www.magneto365.com/co/empleos/desarrollador-backend-912569
2026-05-08 16:16:28 | INFO | Oferta duplicada omitida: https://www.magneto365.com/co/empleos/desarrollador-backend-oracle-plsql-hxgn-eam-galapa-907640
2026-05-08 16:16:28 | INFO | Oferta duplicada omitida: https://www.magneto365.com/co/empleos/desarrollador-backend-884791
2026-05-08 16:16:28 | INFO | Oferta duplicada omitida: https://www.magneto365.com/co/empleos/desarrollador-senior-java-spring-boot-y-python-remoto-colombia-899477
2026-05-08 16:16:28 | INFO | Oferta duplicada omitida: https://www.magneto365.com/co/empleos/desarrollador-full-stack-895178
2026-05-08 16:16:28 | INFO | Oferta duplicada omitida: https://www.magneto365.com/co/empleos/especialista-i-desarrollador-pco-886336
2026-05-08 16:16:28 | INFO | Oferta duplicada omitida: https://www.magneto365.com/co/empleos/desarrollador-full-stack-python-react-ia-cali-908099
2026-05-08 16:16:28 | INFO | Oferta duplicada omitida: https://www.magneto365.com/co/empleos/desarrollador-senior-full-stack-909405
2026-05-08 16:16:28 | INFO | Oferta duplicada omitida: https://www.magneto365.com/co/empleos/desarrolladorprogramador-bi-financiera-888680
2026-05-08 16:16:28 | INFO | Oferta duplicada omitida: https://www.magneto365.com/co/empleos/desarrollador-especialista-de-software-medellin-843102
2026-05-08 16:16:28 | INFO | Oferta duplicada omitida: https://www.magneto365.com/co/empleos/desarrollador-de-software-835075
2026-05-08 16:16:28 | INFO | Oferta duplicada omitida: https://www.magneto365.com/co/empleos/ingeniero-a-tecnologia-talento-que-transforma-913134
2026-05-08 16:16:28 | INFO | Oferta duplicada omitida: https://www.magneto365.com/co/empleos/tester-qa-pruebas-de-software-hibrido-bogota-908108
2026-05-08 16:16:28 | INFO | Oferta duplicada omitida: https://www.magneto365.com/co/empleos/coordinadora-de-servicios-de-desarrollo-de-software-1626119083-2-900284
2026-05-08 16:16:28 | INFO | Oferta duplicada omitida: https://www.magneto365.com/co/empleos/arquitecto-de-software-899087
2026-05-08 16:16:28 | INFO | Oferta duplicada omitida: https://www.magneto365.com/co/empleos/lider-tecnico-desarrollo-software-java-888526
2026-05-08 16:16:28 | INFO | Oferta duplicada omitida: https://www.magneto365.com/co/empleos/arquitecto-de-software-para-transformacion-digital-en-salud-y-contabilidad-886496
2026-05-08 16:16:28 | INFO | Oferta duplicada omitida: https://www.magneto365.com/co/empleos/arquitecto-de-software-822827
2026-05-08 16:16:28 | INFO | Oferta duplicada omitida: https://www.magneto365.com/co/empleos/practicante-sistemas-de-informacion-base-comercial-895470
2026-05-08 16:16:28 | INFO | Oferta duplicada omitida: https://www.magneto365.com/co/empleos/desarrollador-de-software-lider-microservicios-remoto-894672
2026-05-08 16:16:28 | INFO | Oferta duplicada omitida: https://www.magneto365.com/co/empleos/analista-tecnico-senior-desarrollo-de-software-bilingue-884537
2026-05-08 16:16:28 | INFO | Oferta duplicada omitida: https://www.magneto365.com/co/empleos/practicante-ingenieria-de-sistemas-desarrollo-y-soporte-ti-bogota-901179
2026-05-08 16:16:28 | INFO | Oferta duplicada omitida: https://www.magneto365.com/co/empleos/practicante-profesional-ingenieria-de-sistemas-medellin-899409
2026-05-08 16:16:28 | INFO | Oferta duplicada omitida: https://www.magneto365.com/co/empleos/practicante-chatbot-contratacion-y-colaboradores-whatsapp-895458
2026-05-08 16:16:28 | INFO | Oferta duplicada omitida: https://www.magneto365.com/co/empleos/analista-desarrollo-comercial-ii-bogota-899720
2026-05-08 16:16:28 | INFO | Oferta duplicada omitida: https://www.magneto365.com/co/empleos/analista-de-desarrollo-de-software-net-angular-sql-server-colombia-914543
2026-05-08 16:16:28 | INFO | Oferta duplicada omitida: https://www.magneto365.com/co/empleos/analista-de-ingenieria-desarrollo-de-producto-industrial-914466
2026-05-08 16:16:28 | INFO | Oferta duplicada omitida: https://www.magneto365.com/co/empleos/analista-de-desarrollo-logistico-908067
2026-05-08 16:16:28 | INFO | Oferta duplicada omitida: https://www.magneto365.com/co/empleos/analista-de-desarrollo-de-productos-industria-colombia-906038
2026-05-08 16:16:28 | INFO | Oferta duplicada omitida: https://www.magneto365.com/co/empleos/analista-de-formacion-y-desarrollo-de-talento-905159
2026-05-08 16:16:28 | INFO | Oferta duplicada omitida: https://www.magneto365.com/co/empleos/analista-de-cultura-y-desarrollo-temporal-por-licencia-de-maternidad-901840
2026-05-08 16:16:28 | INFO | Oferta duplicada omitida: https://www.magneto365.com/co/empleos/analista-de-automatizacion-y-desarrollo-termino-fijo-900710
2026-05-08 16:16:28 | INFO | Oferta duplicada omitida: https://www.magneto365.com/co/empleos/analista-de-desarrollo-de-software-1626071855-68-897977
2026-05-08 16:16:28 | INFO | Oferta duplicada omitida: https://www.magneto365.com/co/empleos/analista-de-desarrollo-humano-897395
2026-05-08 16:16:28 | INFO | Oferta duplicada omitida: https://www.magneto365.com/co/empleos/analista-de-atraccion-cultura-y-desarrollo-1626073720-39-887030
2026-05-08 16:16:28 | INFO | Oferta duplicada omitida: https://www.magneto365.com/co/empleos/desarrolladora-de-software-1626142096-3-908837
2026-05-08 16:16:28 | INFO | Oferta duplicada omitida: https://www.magneto365.com/co/empleos/ceid-desarrolladora-de-software-senior-rpa-905848
2026-05-08 16:16:28 | INFO | Oferta duplicada omitida: https://www.magneto365.com/co/empleos/desarrolladora-de-software-qa-1626436242-51-906064
2026-05-08 16:16:28 | INFO | Oferta duplicada omitida: https://www.magneto365.com/co/empleos/ceid-desarrollador-de-software-semisenior-1626492604-5-891596
2026-05-08 16:16:28 | INFO | Oferta duplicada omitida: https://www.magneto365.com/co/empleos/desarrollador-de-negocios-bogota-910216
2026-05-08 16:16:28 | INFO | Oferta duplicada omitida: https://www.magneto365.com/co/empleos/desarrollador-mid-level-sprint-contributor-902838
2026-05-08 16:16:28 | INFO | Oferta duplicada omitida: https://www.magneto365.com/co/empleos/desarrolladora-fronted-1626040293-334-896881
2026-05-08 16:16:28 | INFO | Oferta duplicada omitida: https://www.magneto365.com/co/empleos/programador-de-publicidad-digital-893246
2026-05-08 16:16:28 | INFO | Oferta duplicada omitida: https://www.magneto365.com/co/empleos/programador-tornero-cnc-puente-aranda-891925
2026-05-08 16:16:28 | INFO | Oferta duplicada omitida: https://www.magneto365.com/co/empleos/programador-de-flota-33303-886852
2026-05-08 16:16:28 | INFO | Oferta duplicada omitida: https://www.magneto365.com/co/empleos/instrumentador-quirurgico-888639
2026-05-08 16:16:28 | INFO | Oferta duplicada omitida: https://www.magneto365.com/co/empleos/analista-de-programacion-de-turnos-en-empresas-de-seguridad-881373
2026-05-08 16:16:28 | INFO | Oferta duplicada omitida: https://www.magneto365.com/co/empleos/integracion-automatizacion-control-ensamble-832860
2026-05-08 16:16:28 | INFO | Oferta duplicada omitida: https://www.magneto365.com/co/empleos/lider-de-planeacion-y-programacion-de-produccion-colombia-894342
2026-05-08 16:16:28 | INFO | Resumen ciclo | revisadas=80 | aplicadas=0 | errores=0 | omitidas=80
2026-05-08 16:16:28 | INFO | Esperando 180 segundos para el siguiente ciclo...
2026-05-08 16:19:28 | INFO | --------------------------------------------------------------------------------
2026-05-08 16:19:28 | INFO | Iniciando ciclo #3
2026-05-08 16:19:28 | INFO | Buscando en Magneto: https://www.magneto365.com/co/trabajos/buscar/full-stack-developer
2026-05-08 16:19:29 | INFO | Ofertas extraídas de Magneto: 8
2026-05-08 16:19:29 | INFO | Buscando en Magneto: https://www.magneto365.com/co/trabajos/buscar/fullstack-developer
2026-05-08 16:19:30 | INFO | Ofertas extraídas de Magneto: 6
2026-05-08 16:19:30 | INFO | Buscando en Magneto: https://www.magneto365.com/co/trabajos/buscar/frontend-developer
2026-05-08 16:19:31 | INFO | Ofertas extraídas de Magneto: 1
2026-05-08 16:19:31 | INFO | Buscando en Magneto: https://www.magneto365.com/co/trabajos/buscar/backend-developer
2026-05-08 16:19:32 | INFO | Ofertas extraídas de Magneto: 4
2026-05-08 16:19:32 | INFO | Buscando en Magneto: https://www.magneto365.com/co/trabajos/buscar/react-developer
2026-05-08 16:19:33 | INFO | Ofertas extraídas de Magneto: 6
2026-05-08 16:19:33 | INFO | Buscando en Magneto: https://www.magneto365.com/co/trabajos/buscar/react-native
2026-05-08 16:19:34 | INFO | Ofertas extraídas de Magneto: 3
2026-05-08 16:19:34 | INFO | Buscando en Magneto: https://www.magneto365.com/co/trabajos/buscar/node-js-developer
2026-05-08 16:19:55 | INFO | No se encontraron resultados visibles en la búsqueda actual.
2026-05-08 16:19:55 | INFO | Ofertas extraídas de Magneto: 0
2026-05-08 16:19:55 | INFO | Busqueda por URL sin resultados. Usando pagina de ciudad para: Node.js Developer
2026-05-08 16:19:56 | INFO | Ofertas extraídas de Magneto: 0
2026-05-08 16:19:56 | INFO | Buscando en Magneto: https://www.magneto365.com/co/trabajos/buscar/javascript-developer
2026-05-08 16:19:57 | INFO | Ofertas extraídas de Magneto: 6
2026-05-08 16:19:57 | INFO | Buscando en Magneto: https://www.magneto365.com/co/trabajos/buscar/typescript-developer
2026-05-08 16:20:18 | INFO | No se encontraron resultados visibles en la búsqueda actual.
2026-05-08 16:20:18 | INFO | Ofertas extraídas de Magneto: 0
2026-05-08 16:20:18 | INFO | Busqueda por URL sin resultados. Usando pagina de ciudad para: TypeScript Developer
2026-05-08 16:20:20 | INFO | Ofertas extraídas de Magneto: 0
2026-05-08 16:20:20 | INFO | Buscando en Magneto: https://www.magneto365.com/co/trabajos/buscar/software-engineer
2026-05-08 16:20:21 | INFO | Ofertas extraídas de Magneto: 6
2026-05-08 16:20:21 | INFO | Buscando en Magneto: https://www.magneto365.com/co/trabajos/buscar/desarrollador-fullstack
2026-05-08 16:20:22 | INFO | Ofertas extraídas de Magneto: 12
2026-05-08 16:20:22 | INFO | Buscando en Magneto: https://www.magneto365.com/co/trabajos/buscar/desarrollador-frontend
2026-05-08 16:20:23 | INFO | Ofertas extraídas de Magneto: 5
2026-05-08 16:20:23 | INFO | Buscando en Magneto: https://www.magneto365.com/co/trabajos/buscar/desarrollador-backend
2026-05-08 16:20:24 | INFO | Ofertas extraídas de Magneto: 10
2026-05-08 16:20:24 | INFO | Buscando en Magneto: https://www.magneto365.com/co/trabajos/buscar/desarrollador-react
2026-05-08 16:20:25 | INFO | Ofertas extraídas de Magneto: 13
2026-05-08 16:20:25 | INFO | Buscando en Magneto: https://www.magneto365.com/co/trabajos/buscar/desarrollador-javascript
2026-05-08 16:20:26 | INFO | Ofertas extraídas de Magneto: 11
2026-05-08 16:20:26 | INFO | Buscando en Magneto: https://www.magneto365.com/co/trabajos/buscar/desarrollador-typescript
2026-05-08 16:20:27 | INFO | Ofertas extraídas de Magneto: 1
2026-05-08 16:20:27 | INFO | Buscando en Magneto: https://www.magneto365.com/co/trabajos/buscar/desarrollador-node
2026-05-08 16:20:28 | INFO | Ofertas extraídas de Magneto: 2
2026-05-08 16:20:28 | INFO | Buscando en Magneto: https://www.magneto365.com/co/trabajos/buscar/ingeniero-software
2026-05-08 16:20:29 | INFO | Ofertas extraídas de Magneto: 17
2026-05-08 16:20:29 | INFO | Buscando en Magneto: https://www.magneto365.com/co/trabajos/buscar/analista-desarrollo
2026-05-08 16:20:31 | INFO | Ofertas extraídas de Magneto: 12
2026-05-08 16:20:31 | INFO | Buscando en Magneto: https://www.magneto365.com/co/trabajos/buscar/desarrollador-software
2026-05-08 16:20:32 | INFO | Ofertas extraídas de Magneto: 19
2026-05-08 16:20:32 | INFO | Buscando en Magneto: https://www.magneto365.com/co/trabajos/buscar/programador
2026-05-08 16:20:34 | INFO | Ofertas extraídas de Magneto: 17
2026-05-08 16:20:34 | INFO | Oferta duplicada omitida: https://www.magneto365.com/co/empleos/full-stack-developer-1626494698-9-912135
2026-05-08 16:20:34 | INFO | Oferta duplicada omitida: https://www.magneto365.com/co/empleos/desarrollador-ti-911545
2026-05-08 16:20:34 | INFO | Oferta duplicada omitida: https://www.magneto365.com/co/empleos/desarrollador-full-stack-895702
2026-05-08 16:20:34 | INFO | Oferta duplicada omitida: https://www.magneto365.com/co/empleos/desarrollador-full-896787
2026-05-08 16:20:34 | INFO | Oferta duplicada omitida: https://www.magneto365.com/co/empleos/desarrollador-fullstack-javascriptnode-js-colombia-906260
2026-05-08 16:20:34 | INFO | Oferta duplicada omitida: https://www.magneto365.com/co/empleos/desarrollador-de-software-con-enfoque-en-inteligencia-artificial-899657
2026-05-08 16:20:34 | INFO | Oferta duplicada omitida: https://www.magneto365.com/co/empleos/desarrollador-de-software-ia-javascript-react-bucaramanga-913803
2026-05-08 16:20:34 | INFO | Oferta duplicada omitida: https://www.magneto365.com/co/empleos/desarrollador-python-bogota-909596
2026-05-08 16:20:34 | INFO | Oferta duplicada omitida: https://www.magneto365.com/co/empleos/desarrolladora-fullstack-896069
2026-05-08 16:20:34 | INFO | Oferta duplicada omitida: https://www.magneto365.com/co/empleos/desarrollador-fullstack-884799
2026-05-08 16:20:34 | INFO | Oferta duplicada omitida: https://www.magneto365.com/co/empleos/ingeniero-fullstack-senior-net-flutter-angular-teletrabajo-en-colombia-882683
2026-05-08 16:20:34 | INFO | Oferta duplicada omitida: https://www.magneto365.com/co/empleos/desarrollador-fullstack-senior-net-react-teletrabajo-colombia-889531
2026-05-08 16:20:34 | INFO | Oferta duplicada omitida: https://www.magneto365.com/co/empleos/desarrollador-fullstack-medellin-846369
2026-05-08 16:20:34 | INFO | Oferta duplicada omitida: https://www.magneto365.com/co/empleos/desarrollador-backend-senior-python-897964
2026-05-08 16:20:34 | INFO | Oferta duplicada omitida: https://www.magneto365.com/co/empleos/desarrollador-a-mobile-react-native-bogota-913246
2026-05-08 16:20:34 | INFO | Oferta duplicada omitida: https://www.magneto365.com/co/empleos/analista-tecnico-senior-bilingue-b2c1-java-react-react-native-remoto-bogota-887625
2026-05-08 16:20:34 | INFO | Oferta duplicada omitida: https://www.magneto365.com/co/empleos/desarrollador-senior-full-stack-bilingue-java-react-remoto-bogota-892791
2026-05-08 16:20:34 | INFO | Oferta duplicada omitida: https://www.magneto365.com/co/empleos/desarrollador-de-software-909610
2026-05-08 16:20:34 | INFO | Oferta duplicada omitida: https://www.magneto365.com/co/empleos/senior-data-engineer-1626494698-8-892405
2026-05-08 16:20:34 | INFO | Oferta duplicada omitida: https://www.magneto365.com/co/empleos/ingeniero-devops-mid-junior-899771
2026-05-08 16:20:34 | INFO | Oferta duplicada omitida: https://www.magneto365.com/co/empleos/analista-qa-882273
2026-05-08 16:20:34 | INFO | Oferta duplicada omitida: https://www.magneto365.com/co/empleos/desarrollador-fullstack-senior-hibrido-en-cali-895467
2026-05-08 16:20:34 | INFO | Oferta duplicada omitida: https://www.magneto365.com/co/empleos/desarrollador-fullstack-en-hidrocarburos-python-java-891227
2026-05-08 16:20:34 | INFO | Oferta duplicada omitida: https://www.magneto365.com/co/empleos/desarrollador-fullstack-senior-hibrido-en-cali-848809
2026-05-08 16:20:34 | INFO | Oferta duplicada omitida: https://www.magneto365.com/co/empleos/desarrollador-fullstack-senior-829393
2026-05-08 16:20:34 | INFO | Oferta duplicada omitida: https://www.magneto365.com/co/empleos/desarrollador-php-freelance-884817
2026-05-08 16:20:34 | INFO | Oferta duplicada omitida: https://www.magneto365.com/co/empleos/desarrollador-a-de-software-891058
2026-05-08 16:20:34 | INFO | Oferta duplicada omitida: https://www.magneto365.com/co/empleos/desarrollador-frontend-y-gestion-de-contenido-medellin-884727
2026-05-08 16:20:34 | INFO | Oferta duplicada omitida: https://www.magneto365.com/co/empleos/desarrollador-frontend-webmaster-847312
2026-05-08 16:20:34 | INFO | Oferta duplicada omitida: https://www.magneto365.com/co/empleos/senior-frontend-engineer-907809
2026-05-08 16:20:34 | INFO | Oferta duplicada omitida: https://www.magneto365.com/co/empleos/desarrollador-front-end-ecommerce-897233
2026-05-08 16:20:34 | INFO | Oferta duplicada omitida: https://www.magneto365.com/co/empleos/desarrollador-backend-912569
2026-05-08 16:20:34 | INFO | Oferta duplicada omitida: https://www.magneto365.com/co/empleos/desarrollador-backend-oracle-plsql-hxgn-eam-galapa-907640
2026-05-08 16:20:34 | INFO | Oferta duplicada omitida: https://www.magneto365.com/co/empleos/desarrollador-backend-884791
2026-05-08 16:20:34 | INFO | Oferta duplicada omitida: https://www.magneto365.com/co/empleos/desarrollador-senior-java-spring-boot-y-python-remoto-colombia-899477
2026-05-08 16:20:34 | INFO | Oferta duplicada omitida: https://www.magneto365.com/co/empleos/desarrollador-full-stack-895178
2026-05-08 16:20:34 | INFO | Oferta duplicada omitida: https://www.magneto365.com/co/empleos/especialista-i-desarrollador-pco-886336
2026-05-08 16:20:34 | INFO | Oferta duplicada omitida: https://www.magneto365.com/co/empleos/desarrollador-full-stack-python-react-ia-cali-908099
2026-05-08 16:20:34 | INFO | Oferta duplicada omitida: https://www.magneto365.com/co/empleos/desarrollador-senior-full-stack-909405
2026-05-08 16:20:34 | INFO | Oferta duplicada omitida: https://www.magneto365.com/co/empleos/desarrolladorprogramador-bi-financiera-888680
2026-05-08 16:20:34 | INFO | Oferta duplicada omitida: https://www.magneto365.com/co/empleos/desarrollador-especialista-de-software-medellin-843102
2026-05-08 16:20:34 | INFO | Oferta duplicada omitida: https://www.magneto365.com/co/empleos/desarrollador-de-software-835075
2026-05-08 16:20:34 | INFO | Oferta duplicada omitida: https://www.magneto365.com/co/empleos/ingeniero-a-tecnologia-talento-que-transforma-913134
2026-05-08 16:20:34 | INFO | Oferta duplicada omitida: https://www.magneto365.com/co/empleos/tester-qa-pruebas-de-software-hibrido-bogota-908108
2026-05-08 16:20:34 | INFO | Oferta duplicada omitida: https://www.magneto365.com/co/empleos/coordinadora-de-servicios-de-desarrollo-de-software-1626119083-2-900284
2026-05-08 16:20:34 | INFO | Oferta duplicada omitida: https://www.magneto365.com/co/empleos/arquitecto-de-software-899087
2026-05-08 16:20:34 | INFO | Oferta duplicada omitida: https://www.magneto365.com/co/empleos/lider-tecnico-desarrollo-software-java-888526
2026-05-08 16:20:34 | INFO | Oferta duplicada omitida: https://www.magneto365.com/co/empleos/arquitecto-de-software-para-transformacion-digital-en-salud-y-contabilidad-886496
2026-05-08 16:20:34 | INFO | Oferta duplicada omitida: https://www.magneto365.com/co/empleos/arquitecto-de-software-822827
2026-05-08 16:20:34 | INFO | Oferta duplicada omitida: https://www.magneto365.com/co/empleos/practicante-sistemas-de-informacion-base-comercial-895470
2026-05-08 16:20:34 | INFO | Oferta duplicada omitida: https://www.magneto365.com/co/empleos/desarrollador-de-software-lider-microservicios-remoto-894672
2026-05-08 16:20:34 | INFO | Oferta duplicada omitida: https://www.magneto365.com/co/empleos/analista-tecnico-senior-desarrollo-de-software-bilingue-884537
2026-05-08 16:20:34 | INFO | Oferta duplicada omitida: https://www.magneto365.com/co/empleos/practicante-ingenieria-de-sistemas-desarrollo-y-soporte-ti-bogota-901179
2026-05-08 16:20:34 | INFO | Oferta duplicada omitida: https://www.magneto365.com/co/empleos/practicante-profesional-ingenieria-de-sistemas-medellin-899409
2026-05-08 16:20:34 | INFO | Oferta duplicada omitida: https://www.magneto365.com/co/empleos/practicante-chatbot-contratacion-y-colaboradores-whatsapp-895458
2026-05-08 16:20:34 | INFO | Oferta duplicada omitida: https://www.magneto365.com/co/empleos/analista-desarrollo-comercial-ii-bogota-899720
2026-05-08 16:20:34 | INFO | Oferta duplicada omitida: https://www.magneto365.com/co/empleos/analista-de-desarrollo-de-software-net-angular-sql-server-colombia-914543
2026-05-08 16:20:34 | INFO | Oferta duplicada omitida: https://www.magneto365.com/co/empleos/analista-de-ingenieria-desarrollo-de-producto-industrial-914466
2026-05-08 16:20:34 | INFO | Oferta duplicada omitida: https://www.magneto365.com/co/empleos/analista-de-desarrollo-logistico-908067
2026-05-08 16:20:34 | INFO | Oferta duplicada omitida: https://www.magneto365.com/co/empleos/analista-de-desarrollo-de-productos-industria-colombia-906038
2026-05-08 16:20:34 | INFO | Oferta duplicada omitida: https://www.magneto365.com/co/empleos/analista-de-formacion-y-desarrollo-de-talento-905159
2026-05-08 16:20:34 | INFO | Oferta duplicada omitida: https://www.magneto365.com/co/empleos/analista-de-cultura-y-desarrollo-temporal-por-licencia-de-maternidad-901840
2026-05-08 16:20:34 | INFO | Oferta duplicada omitida: https://www.magneto365.com/co/empleos/analista-de-automatizacion-y-desarrollo-termino-fijo-900710
2026-05-08 16:20:34 | INFO | Oferta duplicada omitida: https://www.magneto365.com/co/empleos/analista-de-desarrollo-de-software-1626071855-68-897977
2026-05-08 16:20:34 | INFO | Oferta duplicada omitida: https://www.magneto365.com/co/empleos/analista-de-desarrollo-humano-897395
2026-05-08 16:20:34 | INFO | Oferta duplicada omitida: https://www.magneto365.com/co/empleos/analista-de-atraccion-cultura-y-desarrollo-1626073720-39-887030
2026-05-08 16:20:34 | INFO | Oferta duplicada omitida: https://www.magneto365.com/co/empleos/desarrolladora-de-software-1626142096-3-908837
2026-05-08 16:20:34 | INFO | Oferta duplicada omitida: https://www.magneto365.com/co/empleos/ceid-desarrolladora-de-software-senior-rpa-905848
2026-05-08 16:20:34 | INFO | Oferta duplicada omitida: https://www.magneto365.com/co/empleos/desarrolladora-de-software-qa-1626436242-51-906064
2026-05-08 16:20:34 | INFO | Oferta duplicada omitida: https://www.magneto365.com/co/empleos/ceid-desarrollador-de-software-semisenior-1626492604-5-891596
2026-05-08 16:20:34 | INFO | Oferta duplicada omitida: https://www.magneto365.com/co/empleos/desarrollador-de-negocios-bogota-910216
2026-05-08 16:20:34 | INFO | Oferta duplicada omitida: https://www.magneto365.com/co/empleos/desarrollador-mid-level-sprint-contributor-902838
2026-05-08 16:20:34 | INFO | Oferta duplicada omitida: https://www.magneto365.com/co/empleos/desarrolladora-fronted-1626040293-334-896881
2026-05-08 16:20:34 | INFO | Oferta duplicada omitida: https://www.magneto365.com/co/empleos/programador-de-publicidad-digital-893246
2026-05-08 16:20:34 | INFO | Oferta duplicada omitida: https://www.magneto365.com/co/empleos/programador-tornero-cnc-puente-aranda-891925
2026-05-08 16:20:34 | INFO | Oferta duplicada omitida: https://www.magneto365.com/co/empleos/programador-de-flota-33303-886852
2026-05-08 16:20:34 | INFO | Oferta duplicada omitida: https://www.magneto365.com/co/empleos/instrumentador-quirurgico-888639
2026-05-08 16:20:34 | INFO | Oferta duplicada omitida: https://www.magneto365.com/co/empleos/analista-de-programacion-de-turnos-en-empresas-de-seguridad-881373
2026-05-08 16:20:34 | INFO | Oferta duplicada omitida: https://www.magneto365.com/co/empleos/integracion-automatizacion-control-ensamble-832860
2026-05-08 16:20:34 | INFO | Oferta duplicada omitida: https://www.magneto365.com/co/empleos/lider-de-planeacion-y-programacion-de-produccion-colombia-894342
2026-05-08 16:20:34 | INFO | Resumen ciclo | revisadas=80 | aplicadas=0 | errores=0 | omitidas=80
2026-05-08 16:20:34 | INFO | Esperando 180 segundos para el siguiente ciclo...
2026-05-08 16:23:34 | INFO | --------------------------------------------------------------------------------
2026-05-08 16:23:34 | INFO | Iniciando ciclo #4
2026-05-08 16:23:34 | INFO | Buscando en Magneto: https://www.magneto365.com/co/trabajos/buscar/full-stack-developer
2026-05-08 16:23:35 | INFO | Ofertas extraídas de Magneto: 8
2026-05-08 16:23:35 | INFO | Buscando en Magneto: https://www.magneto365.com/co/trabajos/buscar/fullstack-developer
2026-05-08 16:23:36 | INFO | Ofertas extraídas de Magneto: 6
2026-05-08 16:23:36 | INFO | Buscando en Magneto: https://www.magneto365.com/co/trabajos/buscar/frontend-developer
2026-05-08 16:23:37 | INFO | Ofertas extraídas de Magneto: 1
2026-05-08 16:23:37 | INFO | Buscando en Magneto: https://www.magneto365.com/co/trabajos/buscar/backend-developer
2026-05-08 16:23:38 | INFO | Ofertas extraídas de Magneto: 4
2026-05-08 16:23:38 | INFO | Buscando en Magneto: https://www.magneto365.com/co/trabajos/buscar/react-developer
2026-05-08 16:23:39 | INFO | Ofertas extraídas de Magneto: 6
2026-05-08 16:23:39 | INFO | Buscando en Magneto: https://www.magneto365.com/co/trabajos/buscar/react-native
2026-05-08 16:23:40 | INFO | Ofertas extraídas de Magneto: 3
2026-05-08 16:23:40 | INFO | Buscando en Magneto: https://www.magneto365.com/co/trabajos/buscar/node-js-developer
2026-05-08 16:24:01 | INFO | No se encontraron resultados visibles en la búsqueda actual.
2026-05-08 16:24:01 | INFO | Ofertas extraídas de Magneto: 0
2026-05-08 16:24:01 | INFO | Busqueda por URL sin resultados. Usando pagina de ciudad para: Node.js Developer
2026-05-08 16:24:03 | INFO | Ofertas extraídas de Magneto: 0
2026-05-08 16:24:03 | INFO | Buscando en Magneto: https://www.magneto365.com/co/trabajos/buscar/javascript-developer
2026-05-08 16:24:04 | INFO | Ofertas extraídas de Magneto: 6
2026-05-08 16:24:04 | INFO | Buscando en Magneto: https://www.magneto365.com/co/trabajos/buscar/typescript-developer
2026-05-08 16:24:24 | INFO | No se encontraron resultados visibles en la búsqueda actual.
2026-05-08 16:24:24 | INFO | Ofertas extraídas de Magneto: 0
2026-05-08 16:24:24 | INFO | Busqueda por URL sin resultados. Usando pagina de ciudad para: TypeScript Developer
2026-05-08 16:24:26 | INFO | Ofertas extraídas de Magneto: 0
2026-05-08 16:24:26 | INFO | Buscando en Magneto: https://www.magneto365.com/co/trabajos/buscar/software-engineer
2026-05-08 16:24:27 | INFO | Ofertas extraídas de Magneto: 6
2026-05-08 16:24:27 | INFO | Buscando en Magneto: https://www.magneto365.com/co/trabajos/buscar/desarrollador-fullstack
2026-05-08 16:24:28 | INFO | Ofertas extraídas de Magneto: 12
2026-05-08 16:24:28 | INFO | Buscando en Magneto: https://www.magneto365.com/co/trabajos/buscar/desarrollador-frontend
2026-05-08 16:24:29 | INFO | Ofertas extraídas de Magneto: 5
2026-05-08 16:24:29 | INFO | Buscando en Magneto: https://www.magneto365.com/co/trabajos/buscar/desarrollador-backend
2026-05-08 16:24:30 | INFO | Ofertas extraídas de Magneto: 10
2026-05-08 16:24:30 | INFO | Buscando en Magneto: https://www.magneto365.com/co/trabajos/buscar/desarrollador-react
2026-05-08 16:24:32 | INFO | Ofertas extraídas de Magneto: 13
2026-05-08 16:24:32 | INFO | Buscando en Magneto: https://www.magneto365.com/co/trabajos/buscar/desarrollador-javascript
2026-05-08 16:24:33 | INFO | Ofertas extraídas de Magneto: 11
2026-05-08 16:24:33 | INFO | Buscando en Magneto: https://www.magneto365.com/co/trabajos/buscar/desarrollador-typescript
2026-05-08 16:24:34 | INFO | Ofertas extraídas de Magneto: 1
2026-05-08 16:24:34 | INFO | Buscando en Magneto: https://www.magneto365.com/co/trabajos/buscar/desarrollador-node
2026-05-08 16:24:34 | INFO | Ofertas extraídas de Magneto: 2
2026-05-08 16:24:34 | INFO | Buscando en Magneto: https://www.magneto365.com/co/trabajos/buscar/ingeniero-software
2026-05-08 16:24:36 | INFO | Ofertas extraídas de Magneto: 17
2026-05-08 16:24:36 | INFO | Buscando en Magneto: https://www.magneto365.com/co/trabajos/buscar/analista-desarrollo
2026-05-08 16:24:37 | INFO | Ofertas extraídas de Magneto: 12
2026-05-08 16:24:37 | INFO | Buscando en Magneto: https://www.magneto365.com/co/trabajos/buscar/desarrollador-software
2026-05-08 16:24:38 | INFO | Ofertas extraídas de Magneto: 19
2026-05-08 16:24:38 | INFO | Buscando en Magneto: https://www.magneto365.com/co/trabajos/buscar/programador
2026-05-08 16:24:40 | INFO | Ofertas extraídas de Magneto: 17
2026-05-08 16:24:40 | INFO | Oferta duplicada omitida: https://www.magneto365.com/co/empleos/full-stack-developer-1626494698-9-912135
2026-05-08 16:24:40 | INFO | Oferta duplicada omitida: https://www.magneto365.com/co/empleos/desarrollador-ti-911545
2026-05-08 16:24:40 | INFO | Oferta duplicada omitida: https://www.magneto365.com/co/empleos/desarrollador-full-stack-895702
2026-05-08 16:24:40 | INFO | Oferta duplicada omitida: https://www.magneto365.com/co/empleos/desarrollador-full-896787
2026-05-08 16:24:40 | INFO | Oferta duplicada omitida: https://www.magneto365.com/co/empleos/desarrollador-fullstack-javascriptnode-js-colombia-906260
2026-05-08 16:24:40 | INFO | Oferta duplicada omitida: https://www.magneto365.com/co/empleos/desarrollador-de-software-con-enfoque-en-inteligencia-artificial-899657
2026-05-08 16:24:40 | INFO | Oferta duplicada omitida: https://www.magneto365.com/co/empleos/desarrollador-de-software-ia-javascript-react-bucaramanga-913803
2026-05-08 16:24:40 | INFO | Oferta duplicada omitida: https://www.magneto365.com/co/empleos/desarrollador-python-bogota-909596
2026-05-08 16:24:40 | INFO | Oferta duplicada omitida: https://www.magneto365.com/co/empleos/desarrolladora-fullstack-896069
2026-05-08 16:24:40 | INFO | Oferta duplicada omitida: https://www.magneto365.com/co/empleos/desarrollador-fullstack-884799
2026-05-08 16:24:40 | INFO | Oferta duplicada omitida: https://www.magneto365.com/co/empleos/ingeniero-fullstack-senior-net-flutter-angular-teletrabajo-en-colombia-882683
2026-05-08 16:24:40 | INFO | Oferta duplicada omitida: https://www.magneto365.com/co/empleos/desarrollador-fullstack-senior-net-react-teletrabajo-colombia-889531
2026-05-08 16:24:40 | INFO | Oferta duplicada omitida: https://www.magneto365.com/co/empleos/desarrollador-fullstack-medellin-846369
2026-05-08 16:24:40 | INFO | Oferta duplicada omitida: https://www.magneto365.com/co/empleos/desarrollador-backend-senior-python-897964
2026-05-08 16:24:40 | INFO | Oferta duplicada omitida: https://www.magneto365.com/co/empleos/desarrollador-a-mobile-react-native-bogota-913246
2026-05-08 16:24:40 | INFO | Oferta duplicada omitida: https://www.magneto365.com/co/empleos/analista-tecnico-senior-bilingue-b2c1-java-react-react-native-remoto-bogota-887625
2026-05-08 16:24:40 | INFO | Oferta duplicada omitida: https://www.magneto365.com/co/empleos/desarrollador-senior-full-stack-bilingue-java-react-remoto-bogota-892791
2026-05-08 16:24:40 | INFO | Oferta duplicada omitida: https://www.magneto365.com/co/empleos/desarrollador-de-software-909610
2026-05-08 16:24:40 | INFO | Oferta duplicada omitida: https://www.magneto365.com/co/empleos/senior-data-engineer-1626494698-8-892405
2026-05-08 16:24:40 | INFO | Oferta duplicada omitida: https://www.magneto365.com/co/empleos/ingeniero-devops-mid-junior-899771
2026-05-08 16:24:40 | INFO | Oferta duplicada omitida: https://www.magneto365.com/co/empleos/analista-qa-882273
2026-05-08 16:24:40 | INFO | Oferta duplicada omitida: https://www.magneto365.com/co/empleos/desarrollador-fullstack-senior-hibrido-en-cali-895467
2026-05-08 16:24:40 | INFO | Oferta duplicada omitida: https://www.magneto365.com/co/empleos/desarrollador-fullstack-en-hidrocarburos-python-java-891227
2026-05-08 16:24:40 | INFO | Oferta duplicada omitida: https://www.magneto365.com/co/empleos/desarrollador-fullstack-senior-hibrido-en-cali-848809
2026-05-08 16:24:40 | INFO | Oferta duplicada omitida: https://www.magneto365.com/co/empleos/desarrollador-fullstack-senior-829393
2026-05-08 16:24:40 | INFO | Oferta duplicada omitida: https://www.magneto365.com/co/empleos/desarrollador-php-freelance-884817
2026-05-08 16:24:40 | INFO | Oferta duplicada omitida: https://www.magneto365.com/co/empleos/desarrollador-a-de-software-891058
2026-05-08 16:24:40 | INFO | Oferta duplicada omitida: https://www.magneto365.com/co/empleos/desarrollador-frontend-y-gestion-de-contenido-medellin-884727
2026-05-08 16:24:40 | INFO | Oferta duplicada omitida: https://www.magneto365.com/co/empleos/desarrollador-frontend-webmaster-847312
2026-05-08 16:24:40 | INFO | Oferta duplicada omitida: https://www.magneto365.com/co/empleos/senior-frontend-engineer-907809
2026-05-08 16:24:40 | INFO | Oferta duplicada omitida: https://www.magneto365.com/co/empleos/desarrollador-front-end-ecommerce-897233
2026-05-08 16:24:40 | INFO | Oferta duplicada omitida: https://www.magneto365.com/co/empleos/desarrollador-backend-912569
2026-05-08 16:24:40 | INFO | Oferta duplicada omitida: https://www.magneto365.com/co/empleos/desarrollador-backend-oracle-plsql-hxgn-eam-galapa-907640
2026-05-08 16:24:40 | INFO | Oferta duplicada omitida: https://www.magneto365.com/co/empleos/desarrollador-backend-884791
2026-05-08 16:24:40 | INFO | Oferta duplicada omitida: https://www.magneto365.com/co/empleos/desarrollador-senior-java-spring-boot-y-python-remoto-colombia-899477
2026-05-08 16:24:40 | INFO | Oferta duplicada omitida: https://www.magneto365.com/co/empleos/desarrollador-full-stack-895178
2026-05-08 16:24:40 | INFO | Oferta duplicada omitida: https://www.magneto365.com/co/empleos/especialista-i-desarrollador-pco-886336
2026-05-08 16:24:40 | INFO | Oferta duplicada omitida: https://www.magneto365.com/co/empleos/desarrollador-full-stack-python-react-ia-cali-908099
2026-05-08 16:24:40 | INFO | Oferta duplicada omitida: https://www.magneto365.com/co/empleos/desarrollador-senior-full-stack-909405
2026-05-08 16:24:40 | INFO | Oferta duplicada omitida: https://www.magneto365.com/co/empleos/desarrolladorprogramador-bi-financiera-888680
2026-05-08 16:24:40 | INFO | Oferta duplicada omitida: https://www.magneto365.com/co/empleos/desarrollador-especialista-de-software-medellin-843102
2026-05-08 16:24:40 | INFO | Oferta duplicada omitida: https://www.magneto365.com/co/empleos/desarrollador-de-software-835075
2026-05-08 16:24:40 | INFO | Oferta duplicada omitida: https://www.magneto365.com/co/empleos/ingeniero-a-tecnologia-talento-que-transforma-913134
2026-05-08 16:24:40 | INFO | Oferta duplicada omitida: https://www.magneto365.com/co/empleos/tester-qa-pruebas-de-software-hibrido-bogota-908108
2026-05-08 16:24:40 | INFO | Oferta duplicada omitida: https://www.magneto365.com/co/empleos/coordinadora-de-servicios-de-desarrollo-de-software-1626119083-2-900284
2026-05-08 16:24:40 | INFO | Oferta duplicada omitida: https://www.magneto365.com/co/empleos/arquitecto-de-software-899087
2026-05-08 16:24:40 | INFO | Oferta duplicada omitida: https://www.magneto365.com/co/empleos/lider-tecnico-desarrollo-software-java-888526
2026-05-08 16:24:40 | INFO | Oferta duplicada omitida: https://www.magneto365.com/co/empleos/arquitecto-de-software-para-transformacion-digital-en-salud-y-contabilidad-886496
2026-05-08 16:24:40 | INFO | Oferta duplicada omitida: https://www.magneto365.com/co/empleos/arquitecto-de-software-822827
2026-05-08 16:24:40 | INFO | Oferta duplicada omitida: https://www.magneto365.com/co/empleos/practicante-sistemas-de-informacion-base-comercial-895470
2026-05-08 16:24:40 | INFO | Oferta duplicada omitida: https://www.magneto365.com/co/empleos/desarrollador-de-software-lider-microservicios-remoto-894672
2026-05-08 16:24:40 | INFO | Oferta duplicada omitida: https://www.magneto365.com/co/empleos/analista-tecnico-senior-desarrollo-de-software-bilingue-884537
2026-05-08 16:24:40 | INFO | Oferta duplicada omitida: https://www.magneto365.com/co/empleos/practicante-ingenieria-de-sistemas-desarrollo-y-soporte-ti-bogota-901179
2026-05-08 16:24:40 | INFO | Oferta duplicada omitida: https://www.magneto365.com/co/empleos/practicante-profesional-ingenieria-de-sistemas-medellin-899409
2026-05-08 16:24:40 | INFO | Oferta duplicada omitida: https://www.magneto365.com/co/empleos/practicante-chatbot-contratacion-y-colaboradores-whatsapp-895458
2026-05-08 16:24:40 | INFO | Oferta duplicada omitida: https://www.magneto365.com/co/empleos/analista-desarrollo-comercial-ii-bogota-899720
2026-05-08 16:24:40 | INFO | Oferta duplicada omitida: https://www.magneto365.com/co/empleos/analista-de-desarrollo-de-software-net-angular-sql-server-colombia-914543
2026-05-08 16:24:40 | INFO | Oferta duplicada omitida: https://www.magneto365.com/co/empleos/analista-de-ingenieria-desarrollo-de-producto-industrial-914466
2026-05-08 16:24:40 | INFO | Oferta duplicada omitida: https://www.magneto365.com/co/empleos/analista-de-desarrollo-logistico-908067
2026-05-08 16:24:40 | INFO | Oferta duplicada omitida: https://www.magneto365.com/co/empleos/analista-de-desarrollo-de-productos-industria-colombia-906038
2026-05-08 16:24:40 | INFO | Oferta duplicada omitida: https://www.magneto365.com/co/empleos/analista-de-formacion-y-desarrollo-de-talento-905159
2026-05-08 16:24:40 | INFO | Oferta duplicada omitida: https://www.magneto365.com/co/empleos/analista-de-cultura-y-desarrollo-temporal-por-licencia-de-maternidad-901840
2026-05-08 16:24:40 | INFO | Oferta duplicada omitida: https://www.magneto365.com/co/empleos/analista-de-automatizacion-y-desarrollo-termino-fijo-900710
2026-05-08 16:24:40 | INFO | Oferta duplicada omitida: https://www.magneto365.com/co/empleos/analista-de-desarrollo-de-software-1626071855-68-897977
2026-05-08 16:24:40 | INFO | Oferta duplicada omitida: https://www.magneto365.com/co/empleos/analista-de-desarrollo-humano-897395
2026-05-08 16:24:40 | INFO | Oferta duplicada omitida: https://www.magneto365.com/co/empleos/analista-de-atraccion-cultura-y-desarrollo-1626073720-39-887030
2026-05-08 16:24:40 | INFO | Oferta duplicada omitida: https://www.magneto365.com/co/empleos/desarrolladora-de-software-1626142096-3-908837
2026-05-08 16:24:40 | INFO | Oferta duplicada omitida: https://www.magneto365.com/co/empleos/ceid-desarrolladora-de-software-senior-rpa-905848
2026-05-08 16:24:40 | INFO | Oferta duplicada omitida: https://www.magneto365.com/co/empleos/desarrolladora-de-software-qa-1626436242-51-906064
2026-05-08 16:24:40 | INFO | Oferta duplicada omitida: https://www.magneto365.com/co/empleos/ceid-desarrollador-de-software-semisenior-1626492604-5-891596
2026-05-08 16:24:40 | INFO | Oferta duplicada omitida: https://www.magneto365.com/co/empleos/desarrollador-de-negocios-bogota-910216
2026-05-08 16:24:40 | INFO | Oferta duplicada omitida: https://www.magneto365.com/co/empleos/desarrollador-mid-level-sprint-contributor-902838
2026-05-08 16:24:40 | INFO | Oferta duplicada omitida: https://www.magneto365.com/co/empleos/desarrolladora-fronted-1626040293-334-896881
2026-05-08 16:24:40 | INFO | Oferta duplicada omitida: https://www.magneto365.com/co/empleos/programador-de-publicidad-digital-893246
2026-05-08 16:24:40 | INFO | Oferta duplicada omitida: https://www.magneto365.com/co/empleos/programador-tornero-cnc-puente-aranda-891925
2026-05-08 16:24:40 | INFO | Oferta duplicada omitida: https://www.magneto365.com/co/empleos/programador-de-flota-33303-886852
2026-05-08 16:24:40 | INFO | Oferta duplicada omitida: https://www.magneto365.com/co/empleos/instrumentador-quirurgico-888639
2026-05-08 16:24:40 | INFO | Oferta duplicada omitida: https://www.magneto365.com/co/empleos/analista-de-programacion-de-turnos-en-empresas-de-seguridad-881373
2026-05-08 16:24:40 | INFO | Oferta duplicada omitida: https://www.magneto365.com/co/empleos/integracion-automatizacion-control-ensamble-832860
2026-05-08 16:24:40 | INFO | Oferta duplicada omitida: https://www.magneto365.com/co/empleos/lider-de-planeacion-y-programacion-de-produccion-colombia-894342
2026-05-08 16:24:40 | INFO | Resumen ciclo | revisadas=80 | aplicadas=0 | errores=0 | omitidas=80
2026-05-08 16:24:40 | INFO | Esperando 180 segundos para el siguiente ciclo...
2026-05-08 16:27:40 | INFO | --------------------------------------------------------------------------------
2026-05-08 16:27:40 | INFO | Iniciando ciclo #5
2026-05-08 16:27:40 | INFO | Verificando estado de login (cada 5 ciclos)...
2026-05-08 16:27:41 | INFO | No hay sesion activa en Magneto. Abriendo inicio de sesion.
2026-05-08 16:27:53 | INFO | No se encontro boton de Google. Esperando inicio manual.
2026-05-08 16:27:54 | INFO | Sesion iniciada correctamente.
2026-05-08 16:27:54 | INFO | ✅ Login renovado exitosamente
2026-05-08 16:27:54 | INFO | Buscando en Magneto: https://www.magneto365.com/co/trabajos/buscar/full-stack-developer
2026-05-08 16:27:55 | INFO | Ofertas extraídas de Magneto: 8
2026-05-08 16:27:55 | INFO | Buscando en Magneto: https://www.magneto365.com/co/trabajos/buscar/fullstack-developer
2026-05-08 16:27:56 | INFO | Ofertas extraídas de Magneto: 6
2026-05-08 16:27:56 | INFO | Buscando en Magneto: https://www.magneto365.com/co/trabajos/buscar/frontend-developer
2026-05-08 16:27:56 | INFO | Ofertas extraídas de Magneto: 1
2026-05-08 16:27:56 | INFO | Buscando en Magneto: https://www.magneto365.com/co/trabajos/buscar/backend-developer
2026-05-08 16:27:57 | INFO | Ofertas extraídas de Magneto: 4
2026-05-08 16:27:57 | INFO | Buscando en Magneto: https://www.magneto365.com/co/trabajos/buscar/react-developer
2026-05-08 16:27:58 | INFO | Ofertas extraídas de Magneto: 6
2026-05-08 16:27:58 | INFO | Buscando en Magneto: https://www.magneto365.com/co/trabajos/buscar/react-native
2026-05-08 16:27:59 | INFO | Ofertas extraídas de Magneto: 3
2026-05-08 16:27:59 | INFO | Buscando en Magneto: https://www.magneto365.com/co/trabajos/buscar/node-js-developer
2026-05-08 16:28:20 | INFO | No se encontraron resultados visibles en la búsqueda actual.
2026-05-08 16:28:20 | INFO | Ofertas extraídas de Magneto: 0
2026-05-08 16:28:20 | INFO | Busqueda por URL sin resultados. Usando pagina de ciudad para: Node.js Developer
2026-05-08 16:28:22 | INFO | Ofertas extraídas de Magneto: 0
2026-05-08 16:28:22 | INFO | Buscando en Magneto: https://www.magneto365.com/co/trabajos/buscar/javascript-developer
2026-05-08 16:28:23 | INFO | Ofertas extraídas de Magneto: 6
2026-05-08 16:28:23 | INFO | Buscando en Magneto: https://www.magneto365.com/co/trabajos/buscar/typescript-developer
2026-05-08 16:28:44 | INFO | No se encontraron resultados visibles en la búsqueda actual.
2026-05-08 16:28:44 | INFO | Ofertas extraídas de Magneto: 0
2026-05-08 16:28:44 | INFO | Busqueda por URL sin resultados. Usando pagina de ciudad para: TypeScript Developer
2026-05-08 16:28:45 | INFO | Ofertas extraídas de Magneto: 0
2026-05-08 16:28:45 | INFO | Buscando en Magneto: https://www.magneto365.com/co/trabajos/buscar/software-engineer
2026-05-08 16:28:46 | INFO | Ofertas extraídas de Magneto: 6
2026-05-08 16:28:46 | INFO | Buscando en Magneto: https://www.magneto365.com/co/trabajos/buscar/desarrollador-fullstack
2026-05-08 16:28:47 | INFO | Ofertas extraídas de Magneto: 12
2026-05-08 16:28:47 | INFO | Buscando en Magneto: https://www.magneto365.com/co/trabajos/buscar/desarrollador-frontend
2026-05-08 16:28:48 | INFO | Ofertas extraídas de Magneto: 5
2026-05-08 16:28:48 | INFO | Buscando en Magneto: https://www.magneto365.com/co/trabajos/buscar/desarrollador-backend
2026-05-08 16:28:49 | INFO | Ofertas extraídas de Magneto: 10
2026-05-08 16:28:49 | INFO | Buscando en Magneto: https://www.magneto365.com/co/trabajos/buscar/desarrollador-react
2026-05-08 16:28:50 | INFO | Ofertas extraídas de Magneto: 13
2026-05-08 16:28:50 | INFO | Buscando en Magneto: https://www.magneto365.com/co/trabajos/buscar/desarrollador-javascript
2026-05-08 16:28:51 | INFO | Ofertas extraídas de Magneto: 11
2026-05-08 16:28:51 | INFO | Buscando en Magneto: https://www.magneto365.com/co/trabajos/buscar/desarrollador-typescript
2026-05-08 16:28:52 | INFO | Ofertas extraídas de Magneto: 1
2026-05-08 16:28:52 | INFO | Buscando en Magneto: https://www.magneto365.com/co/trabajos/buscar/desarrollador-node
2026-05-08 16:28:53 | INFO | Ofertas extraídas de Magneto: 2
2026-05-08 16:28:53 | INFO | Buscando en Magneto: https://www.magneto365.com/co/trabajos/buscar/ingeniero-software
2026-05-08 16:28:55 | INFO | Ofertas extraídas de Magneto: 17
2026-05-08 16:28:55 | INFO | Buscando en Magneto: https://www.magneto365.com/co/trabajos/buscar/analista-desarrollo
2026-05-08 16:28:56 | INFO | Ofertas extraídas de Magneto: 12
2026-05-08 16:28:56 | INFO | Buscando en Magneto: https://www.magneto365.com/co/trabajos/buscar/desarrollador-software
2026-05-08 16:28:58 | INFO | Ofertas extraídas de Magneto: 19
2026-05-08 16:28:58 | INFO | Buscando en Magneto: https://www.magneto365.com/co/trabajos/buscar/programador
2026-05-08 16:28:59 | INFO | Ofertas extraídas de Magneto: 17
2026-05-08 16:28:59 | INFO | Oferta duplicada omitida: https://www.magneto365.com/co/empleos/full-stack-developer-1626494698-9-912135
2026-05-08 16:28:59 | INFO | Oferta duplicada omitida: https://www.magneto365.com/co/empleos/desarrollador-ti-911545
2026-05-08 16:28:59 | INFO | Oferta duplicada omitida: https://www.magneto365.com/co/empleos/desarrollador-full-stack-895702
2026-05-08 16:28:59 | INFO | Oferta duplicada omitida: https://www.magneto365.com/co/empleos/desarrollador-full-896787
2026-05-08 16:28:59 | INFO | Oferta duplicada omitida: https://www.magneto365.com/co/empleos/desarrollador-fullstack-javascriptnode-js-colombia-906260
2026-05-08 16:28:59 | INFO | Oferta duplicada omitida: https://www.magneto365.com/co/empleos/desarrollador-de-software-con-enfoque-en-inteligencia-artificial-899657
2026-05-08 16:28:59 | INFO | Oferta duplicada omitida: https://www.magneto365.com/co/empleos/desarrollador-de-software-ia-javascript-react-bucaramanga-913803
2026-05-08 16:28:59 | INFO | Oferta duplicada omitida: https://www.magneto365.com/co/empleos/desarrollador-python-bogota-909596
2026-05-08 16:28:59 | INFO | Oferta duplicada omitida: https://www.magneto365.com/co/empleos/desarrolladora-fullstack-896069
2026-05-08 16:28:59 | INFO | Oferta duplicada omitida: https://www.magneto365.com/co/empleos/desarrollador-fullstack-884799
2026-05-08 16:28:59 | INFO | Oferta duplicada omitida: https://www.magneto365.com/co/empleos/ingeniero-fullstack-senior-net-flutter-angular-teletrabajo-en-colombia-882683
2026-05-08 16:28:59 | INFO | Oferta duplicada omitida: https://www.magneto365.com/co/empleos/desarrollador-fullstack-senior-net-react-teletrabajo-colombia-889531
2026-05-08 16:28:59 | INFO | Oferta duplicada omitida: https://www.magneto365.com/co/empleos/desarrollador-fullstack-medellin-846369
2026-05-08 16:28:59 | INFO | Oferta duplicada omitida: https://www.magneto365.com/co/empleos/desarrollador-backend-senior-python-897964
2026-05-08 16:28:59 | INFO | Oferta duplicada omitida: https://www.magneto365.com/co/empleos/desarrollador-a-mobile-react-native-bogota-913246
2026-05-08 16:28:59 | INFO | Oferta duplicada omitida: https://www.magneto365.com/co/empleos/analista-tecnico-senior-bilingue-b2c1-java-react-react-native-remoto-bogota-887625
2026-05-08 16:28:59 | INFO | Oferta duplicada omitida: https://www.magneto365.com/co/empleos/desarrollador-senior-full-stack-bilingue-java-react-remoto-bogota-892791
2026-05-08 16:28:59 | INFO | Oferta duplicada omitida: https://www.magneto365.com/co/empleos/desarrollador-de-software-909610
2026-05-08 16:28:59 | INFO | Oferta duplicada omitida: https://www.magneto365.com/co/empleos/senior-data-engineer-1626494698-8-892405
2026-05-08 16:28:59 | INFO | Oferta duplicada omitida: https://www.magneto365.com/co/empleos/ingeniero-devops-mid-junior-899771
2026-05-08 16:28:59 | INFO | Oferta duplicada omitida: https://www.magneto365.com/co/empleos/analista-qa-882273
2026-05-08 16:28:59 | INFO | Oferta duplicada omitida: https://www.magneto365.com/co/empleos/desarrollador-fullstack-senior-hibrido-en-cali-895467
2026-05-08 16:28:59 | INFO | Oferta duplicada omitida: https://www.magneto365.com/co/empleos/desarrollador-fullstack-en-hidrocarburos-python-java-891227
2026-05-08 16:28:59 | INFO | Oferta duplicada omitida: https://www.magneto365.com/co/empleos/desarrollador-fullstack-senior-hibrido-en-cali-848809
2026-05-08 16:28:59 | INFO | Oferta duplicada omitida: https://www.magneto365.com/co/empleos/desarrollador-fullstack-senior-829393
2026-05-08 16:28:59 | INFO | Oferta duplicada omitida: https://www.magneto365.com/co/empleos/desarrollador-php-freelance-884817
2026-05-08 16:28:59 | INFO | Oferta duplicada omitida: https://www.magneto365.com/co/empleos/desarrollador-a-de-software-891058
2026-05-08 16:28:59 | INFO | Oferta duplicada omitida: https://www.magneto365.com/co/empleos/desarrollador-frontend-y-gestion-de-contenido-medellin-884727
2026-05-08 16:28:59 | INFO | Oferta duplicada omitida: https://www.magneto365.com/co/empleos/desarrollador-frontend-webmaster-847312
2026-05-08 16:28:59 | INFO | Oferta duplicada omitida: https://www.magneto365.com/co/empleos/senior-frontend-engineer-907809
2026-05-08 16:28:59 | INFO | Oferta duplicada omitida: https://www.magneto365.com/co/empleos/desarrollador-front-end-ecommerce-897233
2026-05-08 16:28:59 | INFO | Oferta duplicada omitida: https://www.magneto365.com/co/empleos/desarrollador-backend-912569
2026-05-08 16:28:59 | INFO | Oferta duplicada omitida: https://www.magneto365.com/co/empleos/desarrollador-backend-oracle-plsql-hxgn-eam-galapa-907640
2026-05-08 16:28:59 | INFO | Oferta duplicada omitida: https://www.magneto365.com/co/empleos/desarrollador-backend-884791
2026-05-08 16:28:59 | INFO | Oferta duplicada omitida: https://www.magneto365.com/co/empleos/desarrollador-senior-java-spring-boot-y-python-remoto-colombia-899477
2026-05-08 16:28:59 | INFO | Oferta duplicada omitida: https://www.magneto365.com/co/empleos/desarrollador-full-stack-895178
2026-05-08 16:28:59 | INFO | Oferta duplicada omitida: https://www.magneto365.com/co/empleos/especialista-i-desarrollador-pco-886336
2026-05-08 16:28:59 | INFO | Oferta duplicada omitida: https://www.magneto365.com/co/empleos/desarrollador-full-stack-python-react-ia-cali-908099
2026-05-08 16:28:59 | INFO | Oferta duplicada omitida: https://www.magneto365.com/co/empleos/desarrollador-senior-full-stack-909405
2026-05-08 16:28:59 | INFO | Oferta duplicada omitida: https://www.magneto365.com/co/empleos/desarrolladorprogramador-bi-financiera-888680
2026-05-08 16:28:59 | INFO | Oferta duplicada omitida: https://www.magneto365.com/co/empleos/desarrollador-especialista-de-software-medellin-843102
2026-05-08 16:28:59 | INFO | Oferta duplicada omitida: https://www.magneto365.com/co/empleos/desarrollador-de-software-835075
2026-05-08 16:28:59 | INFO | Oferta duplicada omitida: https://www.magneto365.com/co/empleos/ingeniero-a-tecnologia-talento-que-transforma-913134
2026-05-08 16:28:59 | INFO | Oferta duplicada omitida: https://www.magneto365.com/co/empleos/tester-qa-pruebas-de-software-hibrido-bogota-908108
2026-05-08 16:28:59 | INFO | Oferta duplicada omitida: https://www.magneto365.com/co/empleos/coordinadora-de-servicios-de-desarrollo-de-software-1626119083-2-900284
2026-05-08 16:28:59 | INFO | Oferta duplicada omitida: https://www.magneto365.com/co/empleos/arquitecto-de-software-899087
2026-05-08 16:28:59 | INFO | Oferta duplicada omitida: https://www.magneto365.com/co/empleos/lider-tecnico-desarrollo-software-java-888526
2026-05-08 16:28:59 | INFO | Oferta duplicada omitida: https://www.magneto365.com/co/empleos/arquitecto-de-software-para-transformacion-digital-en-salud-y-contabilidad-886496
2026-05-08 16:28:59 | INFO | Oferta duplicada omitida: https://www.magneto365.com/co/empleos/arquitecto-de-software-822827
2026-05-08 16:28:59 | INFO | Oferta duplicada omitida: https://www.magneto365.com/co/empleos/practicante-sistemas-de-informacion-base-comercial-895470
2026-05-08 16:28:59 | INFO | Oferta duplicada omitida: https://www.magneto365.com/co/empleos/desarrollador-de-software-lider-microservicios-remoto-894672
2026-05-08 16:28:59 | INFO | Oferta duplicada omitida: https://www.magneto365.com/co/empleos/analista-tecnico-senior-desarrollo-de-software-bilingue-884537
2026-05-08 16:28:59 | INFO | Oferta duplicada omitida: https://www.magneto365.com/co/empleos/practicante-ingenieria-de-sistemas-desarrollo-y-soporte-ti-bogota-901179
2026-05-08 16:28:59 | INFO | Oferta duplicada omitida: https://www.magneto365.com/co/empleos/practicante-profesional-ingenieria-de-sistemas-medellin-899409
2026-05-08 16:28:59 | INFO | Oferta duplicada omitida: https://www.magneto365.com/co/empleos/practicante-chatbot-contratacion-y-colaboradores-whatsapp-895458
2026-05-08 16:28:59 | INFO | Oferta duplicada omitida: https://www.magneto365.com/co/empleos/analista-desarrollo-comercial-ii-bogota-899720
2026-05-08 16:28:59 | INFO | Oferta duplicada omitida: https://www.magneto365.com/co/empleos/analista-de-desarrollo-de-software-net-angular-sql-server-colombia-914543
2026-05-08 16:28:59 | INFO | Oferta duplicada omitida: https://www.magneto365.com/co/empleos/analista-de-ingenieria-desarrollo-de-producto-industrial-914466
2026-05-08 16:28:59 | INFO | Oferta duplicada omitida: https://www.magneto365.com/co/empleos/analista-de-desarrollo-logistico-908067
2026-05-08 16:28:59 | INFO | Oferta duplicada omitida: https://www.magneto365.com/co/empleos/analista-de-desarrollo-de-productos-industria-colombia-906038
2026-05-08 16:28:59 | INFO | Oferta duplicada omitida: https://www.magneto365.com/co/empleos/analista-de-formacion-y-desarrollo-de-talento-905159
2026-05-08 16:28:59 | INFO | Oferta duplicada omitida: https://www.magneto365.com/co/empleos/analista-de-cultura-y-desarrollo-temporal-por-licencia-de-maternidad-901840
2026-05-08 16:28:59 | INFO | Oferta duplicada omitida: https://www.magneto365.com/co/empleos/analista-de-automatizacion-y-desarrollo-termino-fijo-900710
2026-05-08 16:28:59 | INFO | Oferta duplicada omitida: https://www.magneto365.com/co/empleos/analista-de-desarrollo-de-software-1626071855-68-897977
2026-05-08 16:28:59 | INFO | Oferta duplicada omitida: https://www.magneto365.com/co/empleos/analista-de-desarrollo-humano-897395
2026-05-08 16:28:59 | INFO | Oferta duplicada omitida: https://www.magneto365.com/co/empleos/analista-de-atraccion-cultura-y-desarrollo-1626073720-39-887030
2026-05-08 16:28:59 | INFO | Oferta duplicada omitida: https://www.magneto365.com/co/empleos/desarrolladora-de-software-1626142096-3-908837
2026-05-08 16:28:59 | INFO | Oferta duplicada omitida: https://www.magneto365.com/co/empleos/ceid-desarrolladora-de-software-senior-rpa-905848
2026-05-08 16:28:59 | INFO | Oferta duplicada omitida: https://www.magneto365.com/co/empleos/desarrolladora-de-software-qa-1626436242-51-906064
2026-05-08 16:28:59 | INFO | Oferta duplicada omitida: https://www.magneto365.com/co/empleos/ceid-desarrollador-de-software-semisenior-1626492604-5-891596
2026-05-08 16:28:59 | INFO | Oferta duplicada omitida: https://www.magneto365.com/co/empleos/desarrollador-de-negocios-bogota-910216
2026-05-08 16:28:59 | INFO | Oferta duplicada omitida: https://www.magneto365.com/co/empleos/desarrollador-mid-level-sprint-contributor-902838
2026-05-08 16:28:59 | INFO | Oferta duplicada omitida: https://www.magneto365.com/co/empleos/desarrolladora-fronted-1626040293-334-896881
2026-05-08 16:28:59 | INFO | Oferta duplicada omitida: https://www.magneto365.com/co/empleos/programador-de-publicidad-digital-893246
2026-05-08 16:28:59 | INFO | Oferta duplicada omitida: https://www.magneto365.com/co/empleos/programador-tornero-cnc-puente-aranda-891925
2026-05-08 16:28:59 | INFO | Oferta duplicada omitida: https://www.magneto365.com/co/empleos/programador-de-flota-33303-886852
2026-05-08 16:28:59 | INFO | Oferta duplicada omitida: https://www.magneto365.com/co/empleos/instrumentador-quirurgico-888639
2026-05-08 16:28:59 | INFO | Oferta duplicada omitida: https://www.magneto365.com/co/empleos/analista-de-programacion-de-turnos-en-empresas-de-seguridad-881373
2026-05-08 16:28:59 | INFO | Oferta duplicada omitida: https://www.magneto365.com/co/empleos/integracion-automatizacion-control-ensamble-832860
2026-05-08 16:28:59 | INFO | Oferta duplicada omitida: https://www.magneto365.com/co/empleos/lider-de-planeacion-y-programacion-de-produccion-colombia-894342
2026-05-08 16:28:59 | INFO | Resumen ciclo | revisadas=80 | aplicadas=0 | errores=0 | omitidas=80
2026-05-08 16:28:59 | INFO | Esperando 180 segundos para el siguiente ciclo...
2026-05-08 16:31:59 | INFO | --------------------------------------------------------------------------------
2026-05-08 16:31:59 | INFO | Iniciando ciclo #6
2026-05-08 16:31:59 | INFO | Buscando en Magneto: https://www.magneto365.com/co/trabajos/buscar/full-stack-developer
2026-05-08 16:32:00 | INFO | Ofertas extraídas de Magneto: 8
2026-05-08 16:32:00 | INFO | Buscando en Magneto: https://www.magneto365.com/co/trabajos/buscar/fullstack-developer
2026-05-08 16:32:01 | INFO | Ofertas extraídas de Magneto: 6
2026-05-08 16:32:01 | INFO | Buscando en Magneto: https://www.magneto365.com/co/trabajos/buscar/frontend-developer
2026-05-08 16:32:02 | INFO | Ofertas extraídas de Magneto: 1
2026-05-08 16:32:02 | INFO | Buscando en Magneto: https://www.magneto365.com/co/trabajos/buscar/backend-developer
2026-05-08 16:32:03 | INFO | Ofertas extraídas de Magneto: 4
2026-05-08 16:32:03 | INFO | Buscando en Magneto: https://www.magneto365.com/co/trabajos/buscar/react-developer
2026-05-08 16:32:04 | INFO | Ofertas extraídas de Magneto: 6
2026-05-08 16:32:04 | INFO | Buscando en Magneto: https://www.magneto365.com/co/trabajos/buscar/react-native
2026-05-08 16:32:05 | INFO | Ofertas extraídas de Magneto: 3
2026-05-08 16:32:05 | INFO | Buscando en Magneto: https://www.magneto365.com/co/trabajos/buscar/node-js-developer
2026-05-08 16:32:26 | INFO | No se encontraron resultados visibles en la búsqueda actual.
2026-05-08 16:32:26 | INFO | Ofertas extraídas de Magneto: 0
2026-05-08 16:32:26 | INFO | Busqueda por URL sin resultados. Usando pagina de ciudad para: Node.js Developer
2026-05-08 16:32:27 | INFO | Ofertas extraídas de Magneto: 0
2026-05-08 16:32:27 | INFO | Buscando en Magneto: https://www.magneto365.com/co/trabajos/buscar/javascript-developer
2026-05-08 16:32:28 | INFO | Ofertas extraídas de Magneto: 6
2026-05-08 16:32:28 | INFO | Buscando en Magneto: https://www.magneto365.com/co/trabajos/buscar/typescript-developer
2026-05-08 16:32:49 | INFO | No se encontraron resultados visibles en la búsqueda actual.
2026-05-08 16:32:49 | INFO | Ofertas extraídas de Magneto: 0
2026-05-08 16:32:49 | INFO | Busqueda por URL sin resultados. Usando pagina de ciudad para: TypeScript Developer
2026-05-08 16:32:51 | INFO | Ofertas extraídas de Magneto: 0
2026-05-08 16:32:51 | INFO | Buscando en Magneto: https://www.magneto365.com/co/trabajos/buscar/software-engineer
2026-05-08 16:32:52 | INFO | Ofertas extraídas de Magneto: 6
2026-05-08 16:32:52 | INFO | Buscando en Magneto: https://www.magneto365.com/co/trabajos/buscar/desarrollador-fullstack
2026-05-08 16:32:53 | INFO | Ofertas extraídas de Magneto: 12
2026-05-08 16:32:53 | INFO | Buscando en Magneto: https://www.magneto365.com/co/trabajos/buscar/desarrollador-frontend
2026-05-08 16:32:54 | INFO | Ofertas extraídas de Magneto: 5
2026-05-08 16:32:54 | INFO | Buscando en Magneto: https://www.magneto365.com/co/trabajos/buscar/desarrollador-backend
2026-05-08 16:32:55 | INFO | Ofertas extraídas de Magneto: 10
2026-05-08 16:32:55 | INFO | Buscando en Magneto: https://www.magneto365.com/co/trabajos/buscar/desarrollador-react
2026-05-08 16:32:57 | INFO | Ofertas extraídas de Magneto: 13
2026-05-08 16:32:57 | INFO | Buscando en Magneto: https://www.magneto365.com/co/trabajos/buscar/desarrollador-javascript
2026-05-08 16:32:58 | INFO | Ofertas extraídas de Magneto: 11
2026-05-08 16:32:58 | INFO | Buscando en Magneto: https://www.magneto365.com/co/trabajos/buscar/desarrollador-typescript
2026-05-08 16:32:58 | INFO | Ofertas extraídas de Magneto: 1
2026-05-08 16:32:58 | INFO | Buscando en Magneto: https://www.magneto365.com/co/trabajos/buscar/desarrollador-node
2026-05-08 16:32:59 | INFO | Ofertas extraídas de Magneto: 2
2026-05-08 16:32:59 | INFO | Buscando en Magneto: https://www.magneto365.com/co/trabajos/buscar/ingeniero-software
2026-05-08 16:33:01 | INFO | Ofertas extraídas de Magneto: 17
2026-05-08 16:33:01 | INFO | Buscando en Magneto: https://www.magneto365.com/co/trabajos/buscar/analista-desarrollo
2026-05-08 16:33:02 | INFO | Ofertas extraídas de Magneto: 12
2026-05-08 16:33:02 | INFO | Buscando en Magneto: https://www.magneto365.com/co/trabajos/buscar/desarrollador-software
2026-05-08 16:33:03 | INFO | Ofertas extraídas de Magneto: 19
2026-05-08 16:33:03 | INFO | Buscando en Magneto: https://www.magneto365.com/co/trabajos/buscar/programador
2026-05-08 16:33:05 | INFO | Ofertas extraídas de Magneto: 17
2026-05-08 16:33:05 | INFO | Oferta duplicada omitida: https://www.magneto365.com/co/empleos/full-stack-developer-1626494698-9-912135
2026-05-08 16:33:05 | INFO | Oferta duplicada omitida: https://www.magneto365.com/co/empleos/desarrollador-ti-911545
2026-05-08 16:33:05 | INFO | Oferta duplicada omitida: https://www.magneto365.com/co/empleos/desarrollador-full-stack-895702
2026-05-08 16:33:05 | INFO | Oferta duplicada omitida: https://www.magneto365.com/co/empleos/desarrollador-full-896787
2026-05-08 16:33:05 | INFO | Oferta duplicada omitida: https://www.magneto365.com/co/empleos/desarrollador-fullstack-javascriptnode-js-colombia-906260
2026-05-08 16:33:05 | INFO | Oferta duplicada omitida: https://www.magneto365.com/co/empleos/desarrollador-de-software-con-enfoque-en-inteligencia-artificial-899657
2026-05-08 16:33:05 | INFO | Oferta duplicada omitida: https://www.magneto365.com/co/empleos/desarrollador-de-software-ia-javascript-react-bucaramanga-913803
2026-05-08 16:33:05 | INFO | Oferta duplicada omitida: https://www.magneto365.com/co/empleos/desarrollador-python-bogota-909596
2026-05-08 16:33:05 | INFO | Oferta duplicada omitida: https://www.magneto365.com/co/empleos/desarrolladora-fullstack-896069
2026-05-08 16:33:05 | INFO | Oferta duplicada omitida: https://www.magneto365.com/co/empleos/desarrollador-fullstack-884799
2026-05-08 16:33:05 | INFO | Oferta duplicada omitida: https://www.magneto365.com/co/empleos/ingeniero-fullstack-senior-net-flutter-angular-teletrabajo-en-colombia-882683
2026-05-08 16:33:05 | INFO | Oferta duplicada omitida: https://www.magneto365.com/co/empleos/desarrollador-fullstack-senior-net-react-teletrabajo-colombia-889531
2026-05-08 16:33:05 | INFO | Oferta duplicada omitida: https://www.magneto365.com/co/empleos/desarrollador-fullstack-medellin-846369
2026-05-08 16:33:05 | INFO | Oferta duplicada omitida: https://www.magneto365.com/co/empleos/desarrollador-backend-senior-python-897964
2026-05-08 16:33:05 | INFO | Oferta duplicada omitida: https://www.magneto365.com/co/empleos/desarrollador-a-mobile-react-native-bogota-913246
2026-05-08 16:33:05 | INFO | Oferta duplicada omitida: https://www.magneto365.com/co/empleos/analista-tecnico-senior-bilingue-b2c1-java-react-react-native-remoto-bogota-887625
2026-05-08 16:33:05 | INFO | Oferta duplicada omitida: https://www.magneto365.com/co/empleos/desarrollador-senior-full-stack-bilingue-java-react-remoto-bogota-892791
2026-05-08 16:33:05 | INFO | Oferta duplicada omitida: https://www.magneto365.com/co/empleos/desarrollador-de-software-909610
2026-05-08 16:33:05 | INFO | Oferta duplicada omitida: https://www.magneto365.com/co/empleos/senior-data-engineer-1626494698-8-892405
2026-05-08 16:33:05 | INFO | Oferta duplicada omitida: https://www.magneto365.com/co/empleos/ingeniero-devops-mid-junior-899771
2026-05-08 16:33:05 | INFO | Oferta duplicada omitida: https://www.magneto365.com/co/empleos/analista-qa-882273
2026-05-08 16:33:05 | INFO | Oferta duplicada omitida: https://www.magneto365.com/co/empleos/desarrollador-fullstack-senior-hibrido-en-cali-895467
2026-05-08 16:33:05 | INFO | Oferta duplicada omitida: https://www.magneto365.com/co/empleos/desarrollador-fullstack-en-hidrocarburos-python-java-891227
2026-05-08 16:33:05 | INFO | Oferta duplicada omitida: https://www.magneto365.com/co/empleos/desarrollador-fullstack-senior-hibrido-en-cali-848809
2026-05-08 16:33:05 | INFO | Oferta duplicada omitida: https://www.magneto365.com/co/empleos/desarrollador-fullstack-senior-829393
2026-05-08 16:33:05 | INFO | Oferta duplicada omitida: https://www.magneto365.com/co/empleos/desarrollador-php-freelance-884817
2026-05-08 16:33:05 | INFO | Oferta duplicada omitida: https://www.magneto365.com/co/empleos/desarrollador-a-de-software-891058
2026-05-08 16:33:05 | INFO | Oferta duplicada omitida: https://www.magneto365.com/co/empleos/desarrollador-frontend-y-gestion-de-contenido-medellin-884727
2026-05-08 16:33:05 | INFO | Oferta duplicada omitida: https://www.magneto365.com/co/empleos/desarrollador-frontend-webmaster-847312
2026-05-08 16:33:05 | INFO | Oferta duplicada omitida: https://www.magneto365.com/co/empleos/senior-frontend-engineer-907809
2026-05-08 16:33:05 | INFO | Oferta duplicada omitida: https://www.magneto365.com/co/empleos/desarrollador-front-end-ecommerce-897233
2026-05-08 16:33:05 | INFO | Oferta duplicada omitida: https://www.magneto365.com/co/empleos/desarrollador-backend-912569
2026-05-08 16:33:05 | INFO | Oferta duplicada omitida: https://www.magneto365.com/co/empleos/desarrollador-backend-oracle-plsql-hxgn-eam-galapa-907640
2026-05-08 16:33:05 | INFO | Oferta duplicada omitida: https://www.magneto365.com/co/empleos/desarrollador-backend-884791
2026-05-08 16:33:05 | INFO | Oferta duplicada omitida: https://www.magneto365.com/co/empleos/desarrollador-senior-java-spring-boot-y-python-remoto-colombia-899477
2026-05-08 16:33:05 | INFO | Oferta duplicada omitida: https://www.magneto365.com/co/empleos/desarrollador-full-stack-895178
2026-05-08 16:33:05 | INFO | Oferta duplicada omitida: https://www.magneto365.com/co/empleos/especialista-i-desarrollador-pco-886336
2026-05-08 16:33:05 | INFO | Oferta duplicada omitida: https://www.magneto365.com/co/empleos/desarrollador-full-stack-python-react-ia-cali-908099
2026-05-08 16:33:05 | INFO | Oferta duplicada omitida: https://www.magneto365.com/co/empleos/desarrollador-senior-full-stack-909405
2026-05-08 16:33:05 | INFO | Oferta duplicada omitida: https://www.magneto365.com/co/empleos/desarrolladorprogramador-bi-financiera-888680
2026-05-08 16:33:05 | INFO | Oferta duplicada omitida: https://www.magneto365.com/co/empleos/desarrollador-especialista-de-software-medellin-843102
2026-05-08 16:33:05 | INFO | Oferta duplicada omitida: https://www.magneto365.com/co/empleos/desarrollador-de-software-835075
2026-05-08 16:33:05 | INFO | Oferta duplicada omitida: https://www.magneto365.com/co/empleos/ingeniero-a-tecnologia-talento-que-transforma-913134
2026-05-08 16:33:05 | INFO | Oferta duplicada omitida: https://www.magneto365.com/co/empleos/tester-qa-pruebas-de-software-hibrido-bogota-908108
2026-05-08 16:33:05 | INFO | Oferta duplicada omitida: https://www.magneto365.com/co/empleos/coordinadora-de-servicios-de-desarrollo-de-software-1626119083-2-900284
2026-05-08 16:33:05 | INFO | Oferta duplicada omitida: https://www.magneto365.com/co/empleos/arquitecto-de-software-899087
2026-05-08 16:33:05 | INFO | Oferta duplicada omitida: https://www.magneto365.com/co/empleos/lider-tecnico-desarrollo-software-java-888526
2026-05-08 16:33:05 | INFO | Oferta duplicada omitida: https://www.magneto365.com/co/empleos/arquitecto-de-software-para-transformacion-digital-en-salud-y-contabilidad-886496
2026-05-08 16:33:05 | INFO | Oferta duplicada omitida: https://www.magneto365.com/co/empleos/arquitecto-de-software-822827
2026-05-08 16:33:05 | INFO | Oferta duplicada omitida: https://www.magneto365.com/co/empleos/practicante-sistemas-de-informacion-base-comercial-895470
2026-05-08 16:33:05 | INFO | Oferta duplicada omitida: https://www.magneto365.com/co/empleos/desarrollador-de-software-lider-microservicios-remoto-894672
2026-05-08 16:33:05 | INFO | Oferta duplicada omitida: https://www.magneto365.com/co/empleos/analista-tecnico-senior-desarrollo-de-software-bilingue-884537
2026-05-08 16:33:05 | INFO | Oferta duplicada omitida: https://www.magneto365.com/co/empleos/practicante-ingenieria-de-sistemas-desarrollo-y-soporte-ti-bogota-901179
2026-05-08 16:33:05 | INFO | Oferta duplicada omitida: https://www.magneto365.com/co/empleos/practicante-profesional-ingenieria-de-sistemas-medellin-899409
2026-05-08 16:33:05 | INFO | Oferta duplicada omitida: https://www.magneto365.com/co/empleos/practicante-chatbot-contratacion-y-colaboradores-whatsapp-895458
2026-05-08 16:33:05 | INFO | Oferta duplicada omitida: https://www.magneto365.com/co/empleos/analista-desarrollo-comercial-ii-bogota-899720
2026-05-08 16:33:05 | INFO | Oferta duplicada omitida: https://www.magneto365.com/co/empleos/analista-de-desarrollo-de-software-net-angular-sql-server-colombia-914543
2026-05-08 16:33:05 | INFO | Oferta duplicada omitida: https://www.magneto365.com/co/empleos/analista-de-ingenieria-desarrollo-de-producto-industrial-914466
2026-05-08 16:33:05 | INFO | Oferta duplicada omitida: https://www.magneto365.com/co/empleos/analista-de-desarrollo-logistico-908067
2026-05-08 16:33:05 | INFO | Oferta duplicada omitida: https://www.magneto365.com/co/empleos/analista-de-desarrollo-de-productos-industria-colombia-906038
2026-05-08 16:33:05 | INFO | Oferta duplicada omitida: https://www.magneto365.com/co/empleos/analista-de-formacion-y-desarrollo-de-talento-905159
2026-05-08 16:33:05 | INFO | Oferta duplicada omitida: https://www.magneto365.com/co/empleos/analista-de-cultura-y-desarrollo-temporal-por-licencia-de-maternidad-901840
2026-05-08 16:33:05 | INFO | Oferta duplicada omitida: https://www.magneto365.com/co/empleos/analista-de-automatizacion-y-desarrollo-termino-fijo-900710
2026-05-08 16:33:05 | INFO | Oferta duplicada omitida: https://www.magneto365.com/co/empleos/analista-de-desarrollo-de-software-1626071855-68-897977
2026-05-08 16:33:05 | INFO | Oferta duplicada omitida: https://www.magneto365.com/co/empleos/analista-de-desarrollo-humano-897395
2026-05-08 16:33:05 | INFO | Oferta duplicada omitida: https://www.magneto365.com/co/empleos/analista-de-atraccion-cultura-y-desarrollo-1626073720-39-887030
2026-05-08 16:33:05 | INFO | Oferta duplicada omitida: https://www.magneto365.com/co/empleos/desarrolladora-de-software-1626142096-3-908837
2026-05-08 16:33:05 | INFO | Oferta duplicada omitida: https://www.magneto365.com/co/empleos/ceid-desarrolladora-de-software-senior-rpa-905848
2026-05-08 16:33:05 | INFO | Oferta duplicada omitida: https://www.magneto365.com/co/empleos/desarrolladora-de-software-qa-1626436242-51-906064
2026-05-08 16:33:05 | INFO | Oferta duplicada omitida: https://www.magneto365.com/co/empleos/ceid-desarrollador-de-software-semisenior-1626492604-5-891596
2026-05-08 16:33:05 | INFO | Oferta duplicada omitida: https://www.magneto365.com/co/empleos/desarrollador-de-negocios-bogota-910216
2026-05-08 16:33:05 | INFO | Oferta duplicada omitida: https://www.magneto365.com/co/empleos/desarrollador-mid-level-sprint-contributor-902838
2026-05-08 16:33:05 | INFO | Oferta duplicada omitida: https://www.magneto365.com/co/empleos/desarrolladora-fronted-1626040293-334-896881
2026-05-08 16:33:05 | INFO | Oferta duplicada omitida: https://www.magneto365.com/co/empleos/programador-de-publicidad-digital-893246
2026-05-08 16:33:05 | INFO | Oferta duplicada omitida: https://www.magneto365.com/co/empleos/programador-tornero-cnc-puente-aranda-891925
2026-05-08 16:33:05 | INFO | Oferta duplicada omitida: https://www.magneto365.com/co/empleos/programador-de-flota-33303-886852
2026-05-08 16:33:05 | INFO | Oferta duplicada omitida: https://www.magneto365.com/co/empleos/instrumentador-quirurgico-888639
2026-05-08 16:33:05 | INFO | Oferta duplicada omitida: https://www.magneto365.com/co/empleos/analista-de-programacion-de-turnos-en-empresas-de-seguridad-881373
2026-05-08 16:33:05 | INFO | Oferta duplicada omitida: https://www.magneto365.com/co/empleos/integracion-automatizacion-control-ensamble-832860
2026-05-08 16:33:05 | INFO | Oferta duplicada omitida: https://www.magneto365.com/co/empleos/lider-de-planeacion-y-programacion-de-produccion-colombia-894342
2026-05-08 16:33:05 | INFO | Resumen ciclo | revisadas=80 | aplicadas=0 | errores=0 | omitidas=80
2026-05-08 16:33:05 | INFO | Esperando 180 segundos para el siguiente ciclo...
2026-05-08 16:36:05 | INFO | --------------------------------------------------------------------------------
2026-05-08 16:36:05 | INFO | Iniciando ciclo #7
2026-05-08 16:36:05 | INFO | Buscando en Magneto: https://www.magneto365.com/co/trabajos/buscar/full-stack-developer
2026-05-08 16:36:06 | INFO | Ofertas extraídas de Magneto: 8
2026-05-08 16:36:06 | INFO | Buscando en Magneto: https://www.magneto365.com/co/trabajos/buscar/fullstack-developer
2026-05-08 16:36:07 | INFO | Ofertas extraídas de Magneto: 6
2026-05-08 16:36:07 | INFO | Buscando en Magneto: https://www.magneto365.com/co/trabajos/buscar/frontend-developer
2026-05-08 16:36:08 | INFO | Ofertas extraídas de Magneto: 1
2026-05-08 16:36:08 | INFO | Buscando en Magneto: https://www.magneto365.com/co/trabajos/buscar/backend-developer
2026-05-08 16:36:09 | INFO | Ofertas extraídas de Magneto: 4
2026-05-08 16:36:09 | INFO | Buscando en Magneto: https://www.magneto365.com/co/trabajos/buscar/react-developer
2026-05-08 16:36:10 | INFO | Ofertas extraídas de Magneto: 6
2026-05-08 16:36:10 | INFO | Buscando en Magneto: https://www.magneto365.com/co/trabajos/buscar/react-native
2026-05-08 16:36:11 | INFO | Ofertas extraídas de Magneto: 3
2026-05-08 16:36:11 | INFO | Buscando en Magneto: https://www.magneto365.com/co/trabajos/buscar/node-js-developer
2026-05-08 16:36:32 | INFO | No se encontraron resultados visibles en la búsqueda actual.
2026-05-08 16:36:32 | INFO | Ofertas extraídas de Magneto: 0
2026-05-08 16:36:32 | INFO | Busqueda por URL sin resultados. Usando pagina de ciudad para: Node.js Developer
2026-05-08 16:36:34 | INFO | Ofertas extraídas de Magneto: 0
2026-05-08 16:36:34 | INFO | Buscando en Magneto: https://www.magneto365.com/co/trabajos/buscar/javascript-developer
2026-05-08 16:36:35 | INFO | Ofertas extraídas de Magneto: 6
2026-05-08 16:36:35 | INFO | Buscando en Magneto: https://www.magneto365.com/co/trabajos/buscar/typescript-developer
2026-05-08 16:36:56 | INFO | No se encontraron resultados visibles en la búsqueda actual.
2026-05-08 16:36:56 | INFO | Ofertas extraídas de Magneto: 0
2026-05-08 16:36:56 | INFO | Busqueda por URL sin resultados. Usando pagina de ciudad para: TypeScript Developer
2026-05-08 16:36:57 | INFO | Ofertas extraídas de Magneto: 0
2026-05-08 16:36:57 | INFO | Buscando en Magneto: https://www.magneto365.com/co/trabajos/buscar/software-engineer
2026-05-08 16:36:58 | INFO | Ofertas extraídas de Magneto: 6
2026-05-08 16:36:58 | INFO | Buscando en Magneto: https://www.magneto365.com/co/trabajos/buscar/desarrollador-fullstack
2026-05-08 16:37:00 | INFO | Ofertas extraídas de Magneto: 12
2026-05-08 16:37:00 | INFO | Buscando en Magneto: https://www.magneto365.com/co/trabajos/buscar/desarrollador-frontend
2026-05-08 16:37:01 | INFO | Ofertas extraídas de Magneto: 5
2026-05-08 16:37:01 | INFO | Buscando en Magneto: https://www.magneto365.com/co/trabajos/buscar/desarrollador-backend
2026-05-08 16:37:02 | INFO | Ofertas extraídas de Magneto: 10
2026-05-08 16:37:02 | INFO | Buscando en Magneto: https://www.magneto365.com/co/trabajos/buscar/desarrollador-react
2026-05-08 16:37:04 | INFO | Ofertas extraídas de Magneto: 13
2026-05-08 16:37:04 | INFO | Buscando en Magneto: https://www.magneto365.com/co/trabajos/buscar/desarrollador-javascript
2026-05-08 16:37:05 | INFO | Ofertas extraídas de Magneto: 11
2026-05-08 16:37:05 | INFO | Buscando en Magneto: https://www.magneto365.com/co/trabajos/buscar/desarrollador-typescript
2026-05-08 16:37:06 | INFO | Ofertas extraídas de Magneto: 1
2026-05-08 16:37:06 | INFO | Buscando en Magneto: https://www.magneto365.com/co/trabajos/buscar/desarrollador-node
2026-05-08 16:37:06 | INFO | Ofertas extraídas de Magneto: 2
2026-05-08 16:37:06 | INFO | Buscando en Magneto: https://www.magneto365.com/co/trabajos/buscar/ingeniero-software
2026-05-08 16:37:08 | INFO | Ofertas extraídas de Magneto: 17
2026-05-08 16:37:08 | INFO | Buscando en Magneto: https://www.magneto365.com/co/trabajos/buscar/analista-desarrollo
2026-05-08 16:37:10 | INFO | Ofertas extraídas de Magneto: 12
2026-05-08 16:37:10 | INFO | Buscando en Magneto: https://www.magneto365.com/co/trabajos/buscar/desarrollador-software
2026-05-08 16:37:11 | INFO | Ofertas extraídas de Magneto: 19
2026-05-08 16:37:11 | INFO | Buscando en Magneto: https://www.magneto365.com/co/trabajos/buscar/programador
2026-05-08 16:37:13 | INFO | Ofertas extraídas de Magneto: 17
2026-05-08 16:37:13 | INFO | Oferta duplicada omitida: https://www.magneto365.com/co/empleos/full-stack-developer-1626494698-9-912135
2026-05-08 16:37:13 | INFO | Oferta duplicada omitida: https://www.magneto365.com/co/empleos/desarrollador-ti-911545
2026-05-08 16:37:13 | INFO | Oferta duplicada omitida: https://www.magneto365.com/co/empleos/desarrollador-full-stack-895702
2026-05-08 16:37:13 | INFO | Oferta duplicada omitida: https://www.magneto365.com/co/empleos/desarrollador-full-896787
2026-05-08 16:37:13 | INFO | Oferta duplicada omitida: https://www.magneto365.com/co/empleos/desarrollador-fullstack-javascriptnode-js-colombia-906260
2026-05-08 16:37:13 | INFO | Oferta duplicada omitida: https://www.magneto365.com/co/empleos/desarrollador-de-software-con-enfoque-en-inteligencia-artificial-899657
2026-05-08 16:37:13 | INFO | Oferta duplicada omitida: https://www.magneto365.com/co/empleos/desarrollador-de-software-ia-javascript-react-bucaramanga-913803
2026-05-08 16:37:13 | INFO | Oferta duplicada omitida: https://www.magneto365.com/co/empleos/desarrollador-python-bogota-909596
2026-05-08 16:37:13 | INFO | Oferta duplicada omitida: https://www.magneto365.com/co/empleos/desarrolladora-fullstack-896069
2026-05-08 16:37:13 | INFO | Oferta duplicada omitida: https://www.magneto365.com/co/empleos/desarrollador-fullstack-884799
2026-05-08 16:37:13 | INFO | Oferta duplicada omitida: https://www.magneto365.com/co/empleos/ingeniero-fullstack-senior-net-flutter-angular-teletrabajo-en-colombia-882683
2026-05-08 16:37:13 | INFO | Oferta duplicada omitida: https://www.magneto365.com/co/empleos/desarrollador-fullstack-senior-net-react-teletrabajo-colombia-889531
2026-05-08 16:37:13 | INFO | Oferta duplicada omitida: https://www.magneto365.com/co/empleos/desarrollador-fullstack-medellin-846369
2026-05-08 16:37:13 | INFO | Oferta duplicada omitida: https://www.magneto365.com/co/empleos/desarrollador-backend-senior-python-897964
2026-05-08 16:37:13 | INFO | Oferta duplicada omitida: https://www.magneto365.com/co/empleos/desarrollador-a-mobile-react-native-bogota-913246
2026-05-08 16:37:13 | INFO | Oferta duplicada omitida: https://www.magneto365.com/co/empleos/analista-tecnico-senior-bilingue-b2c1-java-react-react-native-remoto-bogota-887625
2026-05-08 16:37:13 | INFO | Oferta duplicada omitida: https://www.magneto365.com/co/empleos/desarrollador-senior-full-stack-bilingue-java-react-remoto-bogota-892791
2026-05-08 16:37:13 | INFO | Oferta duplicada omitida: https://www.magneto365.com/co/empleos/desarrollador-de-software-909610
2026-05-08 16:37:13 | INFO | Oferta duplicada omitida: https://www.magneto365.com/co/empleos/senior-data-engineer-1626494698-8-892405
2026-05-08 16:37:13 | INFO | Oferta duplicada omitida: https://www.magneto365.com/co/empleos/ingeniero-devops-mid-junior-899771
2026-05-08 16:37:13 | INFO | Oferta duplicada omitida: https://www.magneto365.com/co/empleos/analista-qa-882273
2026-05-08 16:37:13 | INFO | Oferta duplicada omitida: https://www.magneto365.com/co/empleos/desarrollador-fullstack-senior-hibrido-en-cali-895467
2026-05-08 16:37:13 | INFO | Oferta duplicada omitida: https://www.magneto365.com/co/empleos/desarrollador-fullstack-en-hidrocarburos-python-java-891227
2026-05-08 16:37:13 | INFO | Oferta duplicada omitida: https://www.magneto365.com/co/empleos/desarrollador-fullstack-senior-hibrido-en-cali-848809
2026-05-08 16:37:13 | INFO | Oferta duplicada omitida: https://www.magneto365.com/co/empleos/desarrollador-fullstack-senior-829393
2026-05-08 16:37:13 | INFO | Oferta duplicada omitida: https://www.magneto365.com/co/empleos/desarrollador-php-freelance-884817
2026-05-08 16:37:13 | INFO | Oferta duplicada omitida: https://www.magneto365.com/co/empleos/desarrollador-a-de-software-891058
2026-05-08 16:37:13 | INFO | Oferta duplicada omitida: https://www.magneto365.com/co/empleos/desarrollador-frontend-y-gestion-de-contenido-medellin-884727
2026-05-08 16:37:13 | INFO | Oferta duplicada omitida: https://www.magneto365.com/co/empleos/desarrollador-frontend-webmaster-847312
2026-05-08 16:37:13 | INFO | Oferta duplicada omitida: https://www.magneto365.com/co/empleos/senior-frontend-engineer-907809
2026-05-08 16:37:13 | INFO | Oferta duplicada omitida: https://www.magneto365.com/co/empleos/desarrollador-front-end-ecommerce-897233
2026-05-08 16:37:13 | INFO | Oferta duplicada omitida: https://www.magneto365.com/co/empleos/desarrollador-backend-912569
2026-05-08 16:37:13 | INFO | Oferta duplicada omitida: https://www.magneto365.com/co/empleos/desarrollador-backend-oracle-plsql-hxgn-eam-galapa-907640
2026-05-08 16:37:13 | INFO | Oferta duplicada omitida: https://www.magneto365.com/co/empleos/desarrollador-backend-884791
2026-05-08 16:37:13 | INFO | Oferta duplicada omitida: https://www.magneto365.com/co/empleos/desarrollador-senior-java-spring-boot-y-python-remoto-colombia-899477
2026-05-08 16:37:13 | INFO | Oferta duplicada omitida: https://www.magneto365.com/co/empleos/desarrollador-full-stack-895178
2026-05-08 16:37:13 | INFO | Oferta duplicada omitida: https://www.magneto365.com/co/empleos/especialista-i-desarrollador-pco-886336
2026-05-08 16:37:13 | INFO | Oferta duplicada omitida: https://www.magneto365.com/co/empleos/desarrollador-full-stack-python-react-ia-cali-908099
2026-05-08 16:37:13 | INFO | Oferta duplicada omitida: https://www.magneto365.com/co/empleos/desarrollador-senior-full-stack-909405
2026-05-08 16:37:13 | INFO | Oferta duplicada omitida: https://www.magneto365.com/co/empleos/desarrolladorprogramador-bi-financiera-888680
2026-05-08 16:37:13 | INFO | Oferta duplicada omitida: https://www.magneto365.com/co/empleos/desarrollador-especialista-de-software-medellin-843102
2026-05-08 16:37:13 | INFO | Oferta duplicada omitida: https://www.magneto365.com/co/empleos/desarrollador-de-software-835075
2026-05-08 16:37:13 | INFO | Oferta duplicada omitida: https://www.magneto365.com/co/empleos/ingeniero-a-tecnologia-talento-que-transforma-913134
2026-05-08 16:37:13 | INFO | Oferta duplicada omitida: https://www.magneto365.com/co/empleos/tester-qa-pruebas-de-software-hibrido-bogota-908108
2026-05-08 16:37:13 | INFO | Oferta duplicada omitida: https://www.magneto365.com/co/empleos/coordinadora-de-servicios-de-desarrollo-de-software-1626119083-2-900284
2026-05-08 16:37:13 | INFO | Oferta duplicada omitida: https://www.magneto365.com/co/empleos/arquitecto-de-software-899087
2026-05-08 16:37:13 | INFO | Oferta duplicada omitida: https://www.magneto365.com/co/empleos/lider-tecnico-desarrollo-software-java-888526
2026-05-08 16:37:13 | INFO | Oferta duplicada omitida: https://www.magneto365.com/co/empleos/arquitecto-de-software-para-transformacion-digital-en-salud-y-contabilidad-886496
2026-05-08 16:37:13 | INFO | Oferta duplicada omitida: https://www.magneto365.com/co/empleos/arquitecto-de-software-822827
2026-05-08 16:37:13 | INFO | Oferta duplicada omitida: https://www.magneto365.com/co/empleos/practicante-sistemas-de-informacion-base-comercial-895470
2026-05-08 16:37:13 | INFO | Oferta duplicada omitida: https://www.magneto365.com/co/empleos/desarrollador-de-software-lider-microservicios-remoto-894672
2026-05-08 16:37:13 | INFO | Oferta duplicada omitida: https://www.magneto365.com/co/empleos/analista-tecnico-senior-desarrollo-de-software-bilingue-884537
2026-05-08 16:37:13 | INFO | Oferta duplicada omitida: https://www.magneto365.com/co/empleos/practicante-ingenieria-de-sistemas-desarrollo-y-soporte-ti-bogota-901179
2026-05-08 16:37:13 | INFO | Oferta duplicada omitida: https://www.magneto365.com/co/empleos/practicante-profesional-ingenieria-de-sistemas-medellin-899409
2026-05-08 16:37:13 | INFO | Oferta duplicada omitida: https://www.magneto365.com/co/empleos/practicante-chatbot-contratacion-y-colaboradores-whatsapp-895458
2026-05-08 16:37:13 | INFO | Oferta duplicada omitida: https://www.magneto365.com/co/empleos/analista-desarrollo-comercial-ii-bogota-899720
2026-05-08 16:37:13 | INFO | Oferta duplicada omitida: https://www.magneto365.com/co/empleos/analista-de-desarrollo-de-software-net-angular-sql-server-colombia-914543
2026-05-08 16:37:13 | INFO | Oferta duplicada omitida: https://www.magneto365.com/co/empleos/analista-de-ingenieria-desarrollo-de-producto-industrial-914466
2026-05-08 16:37:13 | INFO | Oferta duplicada omitida: https://www.magneto365.com/co/empleos/analista-de-desarrollo-logistico-908067
2026-05-08 16:37:13 | INFO | Oferta duplicada omitida: https://www.magneto365.com/co/empleos/analista-de-desarrollo-de-productos-industria-colombia-906038
2026-05-08 16:37:13 | INFO | Oferta duplicada omitida: https://www.magneto365.com/co/empleos/analista-de-formacion-y-desarrollo-de-talento-905159
2026-05-08 16:37:13 | INFO | Oferta duplicada omitida: https://www.magneto365.com/co/empleos/analista-de-cultura-y-desarrollo-temporal-por-licencia-de-maternidad-901840
2026-05-08 16:37:13 | INFO | Oferta duplicada omitida: https://www.magneto365.com/co/empleos/analista-de-automatizacion-y-desarrollo-termino-fijo-900710
2026-05-08 16:37:13 | INFO | Oferta duplicada omitida: https://www.magneto365.com/co/empleos/analista-de-desarrollo-de-software-1626071855-68-897977
2026-05-08 16:37:13 | INFO | Oferta duplicada omitida: https://www.magneto365.com/co/empleos/analista-de-desarrollo-humano-897395
2026-05-08 16:37:13 | INFO | Oferta duplicada omitida: https://www.magneto365.com/co/empleos/analista-de-atraccion-cultura-y-desarrollo-1626073720-39-887030
2026-05-08 16:37:13 | INFO | Oferta duplicada omitida: https://www.magneto365.com/co/empleos/desarrolladora-de-software-1626142096-3-908837
2026-05-08 16:37:13 | INFO | Oferta duplicada omitida: https://www.magneto365.com/co/empleos/ceid-desarrolladora-de-software-senior-rpa-905848
2026-05-08 16:37:13 | INFO | Oferta duplicada omitida: https://www.magneto365.com/co/empleos/desarrolladora-de-software-qa-1626436242-51-906064
2026-05-08 16:37:13 | INFO | Oferta duplicada omitida: https://www.magneto365.com/co/empleos/ceid-desarrollador-de-software-semisenior-1626492604-5-891596
2026-05-08 16:37:13 | INFO | Oferta duplicada omitida: https://www.magneto365.com/co/empleos/desarrollador-de-negocios-bogota-910216
2026-05-08 16:37:13 | INFO | Oferta duplicada omitida: https://www.magneto365.com/co/empleos/desarrollador-mid-level-sprint-contributor-902838
2026-05-08 16:37:13 | INFO | Oferta duplicada omitida: https://www.magneto365.com/co/empleos/desarrolladora-fronted-1626040293-334-896881
2026-05-08 16:37:13 | INFO | Oferta duplicada omitida: https://www.magneto365.com/co/empleos/programador-de-publicidad-digital-893246
2026-05-08 16:37:13 | INFO | Oferta duplicada omitida: https://www.magneto365.com/co/empleos/programador-tornero-cnc-puente-aranda-891925
2026-05-08 16:37:13 | INFO | Oferta duplicada omitida: https://www.magneto365.com/co/empleos/programador-de-flota-33303-886852
2026-05-08 16:37:13 | INFO | Oferta duplicada omitida: https://www.magneto365.com/co/empleos/instrumentador-quirurgico-888639
2026-05-08 16:37:13 | INFO | Oferta duplicada omitida: https://www.magneto365.com/co/empleos/analista-de-programacion-de-turnos-en-empresas-de-seguridad-881373
2026-05-08 16:37:13 | INFO | Oferta duplicada omitida: https://www.magneto365.com/co/empleos/integracion-automatizacion-control-ensamble-832860
2026-05-08 16:37:13 | INFO | Oferta duplicada omitida: https://www.magneto365.com/co/empleos/lider-de-planeacion-y-programacion-de-produccion-colombia-894342
2026-05-08 16:37:13 | INFO | Resumen ciclo | revisadas=80 | aplicadas=0 | errores=0 | omitidas=80
2026-05-08 16:37:13 | INFO | Esperando 180 segundos para el siguiente ciclo...
2026-05-08 16:40:13 | INFO | --------------------------------------------------------------------------------
2026-05-08 16:40:13 | INFO | Iniciando ciclo #8
2026-05-08 16:40:13 | INFO | Buscando en Magneto: https://www.magneto365.com/co/trabajos/buscar/full-stack-developer
2026-05-08 16:40:14 | INFO | Ofertas extraídas de Magneto: 8
2026-05-08 16:40:14 | INFO | Buscando en Magneto: https://www.magneto365.com/co/trabajos/buscar/fullstack-developer
2026-05-08 16:40:15 | INFO | Ofertas extraídas de Magneto: 6
2026-05-08 16:40:15 | INFO | Buscando en Magneto: https://www.magneto365.com/co/trabajos/buscar/frontend-developer
2026-05-08 16:40:16 | INFO | Ofertas extraídas de Magneto: 1
2026-05-08 16:40:16 | INFO | Buscando en Magneto: https://www.magneto365.com/co/trabajos/buscar/backend-developer
2026-05-08 16:40:17 | INFO | Ofertas extraídas de Magneto: 4
2026-05-08 16:40:17 | INFO | Buscando en Magneto: https://www.magneto365.com/co/trabajos/buscar/react-developer
2026-05-08 16:40:18 | INFO | Ofertas extraídas de Magneto: 6
2026-05-08 16:40:18 | INFO | Buscando en Magneto: https://www.magneto365.com/co/trabajos/buscar/react-native
2026-05-08 16:40:19 | INFO | Ofertas extraídas de Magneto: 3
2026-05-08 16:40:19 | INFO | Buscando en Magneto: https://www.magneto365.com/co/trabajos/buscar/node-js-developer
2026-05-08 16:40:40 | INFO | No se encontraron resultados visibles en la búsqueda actual.
2026-05-08 16:40:40 | INFO | Ofertas extraídas de Magneto: 0
2026-05-08 16:40:40 | INFO | Busqueda por URL sin resultados. Usando pagina de ciudad para: Node.js Developer
2026-05-08 16:40:41 | INFO | Ofertas extraídas de Magneto: 0
2026-05-08 16:40:41 | INFO | Buscando en Magneto: https://www.magneto365.com/co/trabajos/buscar/javascript-developer
2026-05-08 16:40:42 | INFO | Ofertas extraídas de Magneto: 6
2026-05-08 16:40:42 | INFO | Buscando en Magneto: https://www.magneto365.com/co/trabajos/buscar/typescript-developer
2026-05-08 16:41:03 | INFO | No se encontraron resultados visibles en la búsqueda actual.
2026-05-08 16:41:03 | INFO | Ofertas extraídas de Magneto: 0
2026-05-08 16:41:03 | INFO | Busqueda por URL sin resultados. Usando pagina de ciudad para: TypeScript Developer
2026-05-08 16:41:04 | INFO | Ofertas extraídas de Magneto: 0
2026-05-08 16:41:04 | INFO | Buscando en Magneto: https://www.magneto365.com/co/trabajos/buscar/software-engineer
2026-05-08 16:41:05 | INFO | Ofertas extraídas de Magneto: 6
2026-05-08 16:41:05 | INFO | Buscando en Magneto: https://www.magneto365.com/co/trabajos/buscar/desarrollador-fullstack
2026-05-08 16:41:06 | INFO | Ofertas extraídas de Magneto: 12
2026-05-08 16:41:06 | INFO | Buscando en Magneto: https://www.magneto365.com/co/trabajos/buscar/desarrollador-frontend
2026-05-08 16:41:10 | INFO | Ofertas extraídas de Magneto: 5
2026-05-08 16:41:10 | INFO | Buscando en Magneto: https://www.magneto365.com/co/trabajos/buscar/desarrollador-backend
2026-05-08 16:41:11 | INFO | Ofertas extraídas de Magneto: 10
2026-05-08 16:41:11 | INFO | Buscando en Magneto: https://www.magneto365.com/co/trabajos/buscar/desarrollador-react
2026-05-08 16:41:12 | INFO | Ofertas extraídas de Magneto: 13
2026-05-08 16:41:12 | INFO | Buscando en Magneto: https://www.magneto365.com/co/trabajos/buscar/desarrollador-javascript
2026-05-08 16:41:13 | INFO | Ofertas extraídas de Magneto: 11
2026-05-08 16:41:13 | INFO | Buscando en Magneto: https://www.magneto365.com/co/trabajos/buscar/desarrollador-typescript
2026-05-08 16:41:14 | INFO | Ofertas extraídas de Magneto: 1
2026-05-08 16:41:14 | INFO | Buscando en Magneto: https://www.magneto365.com/co/trabajos/buscar/desarrollador-node
2026-05-08 16:41:15 | INFO | Ofertas extraídas de Magneto: 2
2026-05-08 16:41:15 | INFO | Buscando en Magneto: https://www.magneto365.com/co/trabajos/buscar/ingeniero-software
2026-05-08 16:41:16 | INFO | Ofertas extraídas de Magneto: 17
2026-05-08 16:41:16 | INFO | Buscando en Magneto: https://www.magneto365.com/co/trabajos/buscar/analista-desarrollo
2026-05-08 16:41:18 | INFO | Ofertas extraídas de Magneto: 12
2026-05-08 16:41:18 | INFO | Buscando en Magneto: https://www.magneto365.com/co/trabajos/buscar/desarrollador-software
2026-05-08 16:41:19 | INFO | Ofertas extraídas de Magneto: 19
2026-05-08 16:41:19 | INFO | Buscando en Magneto: https://www.magneto365.com/co/trabajos/buscar/programador
2026-05-08 16:41:20 | INFO | Ofertas extraídas de Magneto: 17
2026-05-08 16:41:20 | INFO | Oferta duplicada omitida: https://www.magneto365.com/co/empleos/full-stack-developer-1626494698-9-912135
2026-05-08 16:41:20 | INFO | Oferta duplicada omitida: https://www.magneto365.com/co/empleos/desarrollador-ti-911545
2026-05-08 16:41:20 | INFO | Oferta duplicada omitida: https://www.magneto365.com/co/empleos/desarrollador-full-stack-895702
2026-05-08 16:41:20 | INFO | Oferta duplicada omitida: https://www.magneto365.com/co/empleos/desarrollador-full-896787
2026-05-08 16:41:20 | INFO | Oferta duplicada omitida: https://www.magneto365.com/co/empleos/desarrollador-fullstack-javascriptnode-js-colombia-906260
2026-05-08 16:41:20 | INFO | Oferta duplicada omitida: https://www.magneto365.com/co/empleos/desarrollador-de-software-con-enfoque-en-inteligencia-artificial-899657
2026-05-08 16:41:20 | INFO | Oferta duplicada omitida: https://www.magneto365.com/co/empleos/desarrollador-de-software-ia-javascript-react-bucaramanga-913803
2026-05-08 16:41:20 | INFO | Oferta duplicada omitida: https://www.magneto365.com/co/empleos/desarrollador-python-bogota-909596
2026-05-08 16:41:20 | INFO | Oferta duplicada omitida: https://www.magneto365.com/co/empleos/desarrolladora-fullstack-896069
2026-05-08 16:41:20 | INFO | Oferta duplicada omitida: https://www.magneto365.com/co/empleos/desarrollador-fullstack-884799
2026-05-08 16:41:20 | INFO | Oferta duplicada omitida: https://www.magneto365.com/co/empleos/ingeniero-fullstack-senior-net-flutter-angular-teletrabajo-en-colombia-882683
2026-05-08 16:41:20 | INFO | Oferta duplicada omitida: https://www.magneto365.com/co/empleos/desarrollador-fullstack-senior-net-react-teletrabajo-colombia-889531
2026-05-08 16:41:20 | INFO | Oferta duplicada omitida: https://www.magneto365.com/co/empleos/desarrollador-fullstack-medellin-846369
2026-05-08 16:41:20 | INFO | Oferta duplicada omitida: https://www.magneto365.com/co/empleos/desarrollador-backend-senior-python-897964
2026-05-08 16:41:20 | INFO | Oferta duplicada omitida: https://www.magneto365.com/co/empleos/desarrollador-a-mobile-react-native-bogota-913246
2026-05-08 16:41:20 | INFO | Oferta duplicada omitida: https://www.magneto365.com/co/empleos/analista-tecnico-senior-bilingue-b2c1-java-react-react-native-remoto-bogota-887625
2026-05-08 16:41:20 | INFO | Oferta duplicada omitida: https://www.magneto365.com/co/empleos/desarrollador-senior-full-stack-bilingue-java-react-remoto-bogota-892791
2026-05-08 16:41:20 | INFO | Oferta duplicada omitida: https://www.magneto365.com/co/empleos/desarrollador-de-software-909610
2026-05-08 16:41:20 | INFO | Oferta duplicada omitida: https://www.magneto365.com/co/empleos/senior-data-engineer-1626494698-8-892405
2026-05-08 16:41:20 | INFO | Oferta duplicada omitida: https://www.magneto365.com/co/empleos/ingeniero-devops-mid-junior-899771
2026-05-08 16:41:20 | INFO | Oferta duplicada omitida: https://www.magneto365.com/co/empleos/analista-qa-882273
2026-05-08 16:41:20 | INFO | Oferta duplicada omitida: https://www.magneto365.com/co/empleos/desarrollador-fullstack-senior-hibrido-en-cali-895467
2026-05-08 16:41:20 | INFO | Oferta duplicada omitida: https://www.magneto365.com/co/empleos/desarrollador-fullstack-en-hidrocarburos-python-java-891227
2026-05-08 16:41:20 | INFO | Oferta duplicada omitida: https://www.magneto365.com/co/empleos/desarrollador-fullstack-senior-hibrido-en-cali-848809
2026-05-08 16:41:20 | INFO | Oferta duplicada omitida: https://www.magneto365.com/co/empleos/desarrollador-fullstack-senior-829393
2026-05-08 16:41:20 | INFO | Oferta duplicada omitida: https://www.magneto365.com/co/empleos/desarrollador-php-freelance-884817
2026-05-08 16:41:20 | INFO | Oferta duplicada omitida: https://www.magneto365.com/co/empleos/desarrollador-a-de-software-891058
2026-05-08 16:41:20 | INFO | Oferta duplicada omitida: https://www.magneto365.com/co/empleos/desarrollador-frontend-y-gestion-de-contenido-medellin-884727
2026-05-08 16:41:20 | INFO | Oferta duplicada omitida: https://www.magneto365.com/co/empleos/desarrollador-frontend-webmaster-847312
2026-05-08 16:41:20 | INFO | Oferta duplicada omitida: https://www.magneto365.com/co/empleos/senior-frontend-engineer-907809
2026-05-08 16:41:20 | INFO | Oferta duplicada omitida: https://www.magneto365.com/co/empleos/desarrollador-front-end-ecommerce-897233
2026-05-08 16:41:20 | INFO | Oferta duplicada omitida: https://www.magneto365.com/co/empleos/desarrollador-backend-912569
2026-05-08 16:41:20 | INFO | Oferta duplicada omitida: https://www.magneto365.com/co/empleos/desarrollador-backend-oracle-plsql-hxgn-eam-galapa-907640
2026-05-08 16:41:20 | INFO | Oferta duplicada omitida: https://www.magneto365.com/co/empleos/desarrollador-backend-884791
2026-05-08 16:41:20 | INFO | Oferta duplicada omitida: https://www.magneto365.com/co/empleos/desarrollador-senior-java-spring-boot-y-python-remoto-colombia-899477
2026-05-08 16:41:20 | INFO | Oferta duplicada omitida: https://www.magneto365.com/co/empleos/desarrollador-full-stack-895178
2026-05-08 16:41:20 | INFO | Oferta duplicada omitida: https://www.magneto365.com/co/empleos/especialista-i-desarrollador-pco-886336
2026-05-08 16:41:20 | INFO | Oferta duplicada omitida: https://www.magneto365.com/co/empleos/desarrollador-full-stack-python-react-ia-cali-908099
2026-05-08 16:41:20 | INFO | Oferta duplicada omitida: https://www.magneto365.com/co/empleos/desarrollador-senior-full-stack-909405
2026-05-08 16:41:20 | INFO | Oferta duplicada omitida: https://www.magneto365.com/co/empleos/desarrolladorprogramador-bi-financiera-888680
2026-05-08 16:41:20 | INFO | Oferta duplicada omitida: https://www.magneto365.com/co/empleos/desarrollador-especialista-de-software-medellin-843102
2026-05-08 16:41:20 | INFO | Oferta duplicada omitida: https://www.magneto365.com/co/empleos/desarrollador-de-software-835075
2026-05-08 16:41:20 | INFO | Oferta duplicada omitida: https://www.magneto365.com/co/empleos/ingeniero-a-tecnologia-talento-que-transforma-913134
2026-05-08 16:41:20 | INFO | Oferta duplicada omitida: https://www.magneto365.com/co/empleos/tester-qa-pruebas-de-software-hibrido-bogota-908108
2026-05-08 16:41:20 | INFO | Oferta duplicada omitida: https://www.magneto365.com/co/empleos/coordinadora-de-servicios-de-desarrollo-de-software-1626119083-2-900284
2026-05-08 16:41:20 | INFO | Oferta duplicada omitida: https://www.magneto365.com/co/empleos/arquitecto-de-software-899087
2026-05-08 16:41:20 | INFO | Oferta duplicada omitida: https://www.magneto365.com/co/empleos/lider-tecnico-desarrollo-software-java-888526
2026-05-08 16:41:20 | INFO | Oferta duplicada omitida: https://www.magneto365.com/co/empleos/arquitecto-de-software-para-transformacion-digital-en-salud-y-contabilidad-886496
2026-05-08 16:41:20 | INFO | Oferta duplicada omitida: https://www.magneto365.com/co/empleos/arquitecto-de-software-822827
2026-05-08 16:41:20 | INFO | Oferta duplicada omitida: https://www.magneto365.com/co/empleos/practicante-sistemas-de-informacion-base-comercial-895470
2026-05-08 16:41:20 | INFO | Oferta duplicada omitida: https://www.magneto365.com/co/empleos/desarrollador-de-software-lider-microservicios-remoto-894672
2026-05-08 16:41:20 | INFO | Oferta duplicada omitida: https://www.magneto365.com/co/empleos/analista-tecnico-senior-desarrollo-de-software-bilingue-884537
2026-05-08 16:41:20 | INFO | Oferta duplicada omitida: https://www.magneto365.com/co/empleos/practicante-ingenieria-de-sistemas-desarrollo-y-soporte-ti-bogota-901179
2026-05-08 16:41:20 | INFO | Oferta duplicada omitida: https://www.magneto365.com/co/empleos/practicante-profesional-ingenieria-de-sistemas-medellin-899409
2026-05-08 16:41:20 | INFO | Oferta duplicada omitida: https://www.magneto365.com/co/empleos/practicante-chatbot-contratacion-y-colaboradores-whatsapp-895458
2026-05-08 16:41:20 | INFO | Oferta duplicada omitida: https://www.magneto365.com/co/empleos/analista-desarrollo-comercial-ii-bogota-899720
2026-05-08 16:41:20 | INFO | Oferta duplicada omitida: https://www.magneto365.com/co/empleos/analista-de-desarrollo-de-software-net-angular-sql-server-colombia-914543
2026-05-08 16:41:20 | INFO | Oferta duplicada omitida: https://www.magneto365.com/co/empleos/analista-de-ingenieria-desarrollo-de-producto-industrial-914466
2026-05-08 16:41:20 | INFO | Oferta duplicada omitida: https://www.magneto365.com/co/empleos/analista-de-desarrollo-logistico-908067
2026-05-08 16:41:20 | INFO | Oferta duplicada omitida: https://www.magneto365.com/co/empleos/analista-de-desarrollo-de-productos-industria-colombia-906038
2026-05-08 16:41:20 | INFO | Oferta duplicada omitida: https://www.magneto365.com/co/empleos/analista-de-formacion-y-desarrollo-de-talento-905159
2026-05-08 16:41:20 | INFO | Oferta duplicada omitida: https://www.magneto365.com/co/empleos/analista-de-cultura-y-desarrollo-temporal-por-licencia-de-maternidad-901840
2026-05-08 16:41:20 | INFO | Oferta duplicada omitida: https://www.magneto365.com/co/empleos/analista-de-automatizacion-y-desarrollo-termino-fijo-900710
2026-05-08 16:41:20 | INFO | Oferta duplicada omitida: https://www.magneto365.com/co/empleos/analista-de-desarrollo-de-software-1626071855-68-897977
2026-05-08 16:41:20 | INFO | Oferta duplicada omitida: https://www.magneto365.com/co/empleos/analista-de-desarrollo-humano-897395
2026-05-08 16:41:20 | INFO | Oferta duplicada omitida: https://www.magneto365.com/co/empleos/analista-de-atraccion-cultura-y-desarrollo-1626073720-39-887030
2026-05-08 16:41:20 | INFO | Oferta duplicada omitida: https://www.magneto365.com/co/empleos/desarrolladora-de-software-1626142096-3-908837
2026-05-08 16:41:20 | INFO | Oferta duplicada omitida: https://www.magneto365.com/co/empleos/ceid-desarrolladora-de-software-senior-rpa-905848
2026-05-08 16:41:20 | INFO | Oferta duplicada omitida: https://www.magneto365.com/co/empleos/desarrolladora-de-software-qa-1626436242-51-906064
2026-05-08 16:41:20 | INFO | Oferta duplicada omitida: https://www.magneto365.com/co/empleos/ceid-desarrollador-de-software-semisenior-1626492604-5-891596
2026-05-08 16:41:20 | INFO | Oferta duplicada omitida: https://www.magneto365.com/co/empleos/desarrollador-de-negocios-bogota-910216
2026-05-08 16:41:20 | INFO | Oferta duplicada omitida: https://www.magneto365.com/co/empleos/desarrollador-mid-level-sprint-contributor-902838
2026-05-08 16:41:20 | INFO | Oferta duplicada omitida: https://www.magneto365.com/co/empleos/desarrolladora-fronted-1626040293-334-896881
2026-05-08 16:41:20 | INFO | Oferta duplicada omitida: https://www.magneto365.com/co/empleos/programador-de-publicidad-digital-893246
2026-05-08 16:41:20 | INFO | Oferta duplicada omitida: https://www.magneto365.com/co/empleos/programador-tornero-cnc-puente-aranda-891925
2026-05-08 16:41:20 | INFO | Oferta duplicada omitida: https://www.magneto365.com/co/empleos/programador-de-flota-33303-886852
2026-05-08 16:41:20 | INFO | Oferta duplicada omitida: https://www.magneto365.com/co/empleos/instrumentador-quirurgico-888639
2026-05-08 16:41:20 | INFO | Oferta duplicada omitida: https://www.magneto365.com/co/empleos/analista-de-programacion-de-turnos-en-empresas-de-seguridad-881373
2026-05-08 16:41:20 | INFO | Oferta duplicada omitida: https://www.magneto365.com/co/empleos/integracion-automatizacion-control-ensamble-832860
2026-05-08 16:41:20 | INFO | Oferta duplicada omitida: https://www.magneto365.com/co/empleos/lider-de-planeacion-y-programacion-de-produccion-colombia-894342
2026-05-08 16:41:20 | INFO | Resumen ciclo | revisadas=80 | aplicadas=0 | errores=0 | omitidas=80
2026-05-08 16:41:20 | INFO | Esperando 180 segundos para el siguiente ciclo...
2026-05-08 16:44:20 | INFO | --------------------------------------------------------------------------------
2026-05-08 16:44:20 | INFO | Iniciando ciclo #9
2026-05-08 16:44:20 | INFO | Buscando en Magneto: https://www.magneto365.com/co/trabajos/buscar/full-stack-developer
2026-05-08 16:44:21 | INFO | Ofertas extraídas de Magneto: 8
2026-05-08 16:44:21 | INFO | Buscando en Magneto: https://www.magneto365.com/co/trabajos/buscar/fullstack-developer
2026-05-08 16:44:22 | INFO | Ofertas extraídas de Magneto: 6
2026-05-08 16:44:22 | INFO | Buscando en Magneto: https://www.magneto365.com/co/trabajos/buscar/frontend-developer
2026-05-08 16:44:23 | INFO | Ofertas extraídas de Magneto: 1
2026-05-08 16:44:23 | INFO | Buscando en Magneto: https://www.magneto365.com/co/trabajos/buscar/backend-developer
2026-05-08 16:44:24 | INFO | Ofertas extraídas de Magneto: 4
2026-05-08 16:44:24 | INFO | Buscando en Magneto: https://www.magneto365.com/co/trabajos/buscar/react-developer
2026-05-08 16:44:25 | INFO | Ofertas extraídas de Magneto: 6
2026-05-08 16:44:25 | INFO | Buscando en Magneto: https://www.magneto365.com/co/trabajos/buscar/react-native
2026-05-08 16:44:26 | INFO | Ofertas extraídas de Magneto: 3
2026-05-08 16:44:26 | INFO | Buscando en Magneto: https://www.magneto365.com/co/trabajos/buscar/node-js-developer
2026-05-08 16:44:47 | INFO | No se encontraron resultados visibles en la búsqueda actual.
2026-05-08 16:44:47 | INFO | Ofertas extraídas de Magneto: 0
2026-05-08 16:44:47 | INFO | Busqueda por URL sin resultados. Usando pagina de ciudad para: Node.js Developer
2026-05-08 16:44:48 | INFO | Ofertas extraídas de Magneto: 0
2026-05-08 16:44:48 | INFO | Buscando en Magneto: https://www.magneto365.com/co/trabajos/buscar/javascript-developer
2026-05-08 16:44:49 | INFO | Ofertas extraídas de Magneto: 6
2026-05-08 16:44:49 | INFO | Buscando en Magneto: https://www.magneto365.com/co/trabajos/buscar/typescript-developer
2026-05-08 16:45:10 | INFO | No se encontraron resultados visibles en la búsqueda actual.
2026-05-08 16:45:10 | INFO | Ofertas extraídas de Magneto: 0
2026-05-08 16:45:10 | INFO | Busqueda por URL sin resultados. Usando pagina de ciudad para: TypeScript Developer
2026-05-08 16:45:12 | INFO | Ofertas extraídas de Magneto: 0
2026-05-08 16:45:12 | INFO | Buscando en Magneto: https://www.magneto365.com/co/trabajos/buscar/software-engineer
2026-05-08 16:45:13 | INFO | Ofertas extraídas de Magneto: 6
2026-05-08 16:45:13 | INFO | Buscando en Magneto: https://www.magneto365.com/co/trabajos/buscar/desarrollador-fullstack
2026-05-08 16:45:22 | INFO | Ofertas extraídas de Magneto: 12
2026-05-08 16:45:22 | INFO | Buscando en Magneto: https://www.magneto365.com/co/trabajos/buscar/desarrollador-frontend
2026-05-08 16:45:23 | INFO | Ofertas extraídas de Magneto: 5
2026-05-08 16:45:23 | INFO | Buscando en Magneto: https://www.magneto365.com/co/trabajos/buscar/desarrollador-backend
2026-05-08 16:45:24 | INFO | Ofertas extraídas de Magneto: 10
2026-05-08 16:45:24 | INFO | Buscando en Magneto: https://www.magneto365.com/co/trabajos/buscar/desarrollador-react
2026-05-08 16:45:25 | INFO | Ofertas extraídas de Magneto: 13
2026-05-08 16:45:25 | INFO | Buscando en Magneto: https://www.magneto365.com/co/trabajos/buscar/desarrollador-javascript
2026-05-08 16:45:26 | INFO | Ofertas extraídas de Magneto: 11
2026-05-08 16:45:26 | INFO | Buscando en Magneto: https://www.magneto365.com/co/trabajos/buscar/desarrollador-typescript
2026-05-08 16:45:27 | INFO | Ofertas extraídas de Magneto: 1
2026-05-08 16:45:27 | INFO | Buscando en Magneto: https://www.magneto365.com/co/trabajos/buscar/desarrollador-node
2026-05-08 16:45:28 | INFO | Ofertas extraídas de Magneto: 2
2026-05-08 16:45:28 | INFO | Buscando en Magneto: https://www.magneto365.com/co/trabajos/buscar/ingeniero-software
2026-05-08 16:45:29 | INFO | Ofertas extraídas de Magneto: 17
2026-05-08 16:45:29 | INFO | Buscando en Magneto: https://www.magneto365.com/co/trabajos/buscar/analista-desarrollo
2026-05-08 16:45:31 | INFO | Ofertas extraídas de Magneto: 12
2026-05-08 16:45:31 | INFO | Buscando en Magneto: https://www.magneto365.com/co/trabajos/buscar/desarrollador-software
2026-05-08 16:45:32 | INFO | Ofertas extraídas de Magneto: 19
2026-05-08 16:45:32 | INFO | Buscando en Magneto: https://www.magneto365.com/co/trabajos/buscar/programador
2026-05-08 16:45:34 | INFO | Ofertas extraídas de Magneto: 17
2026-05-08 16:45:34 | INFO | Oferta duplicada omitida: https://www.magneto365.com/co/empleos/full-stack-developer-1626494698-9-912135
2026-05-08 16:45:34 | INFO | Oferta duplicada omitida: https://www.magneto365.com/co/empleos/desarrollador-ti-911545
2026-05-08 16:45:34 | INFO | Oferta duplicada omitida: https://www.magneto365.com/co/empleos/desarrollador-full-stack-895702
2026-05-08 16:45:34 | INFO | Oferta duplicada omitida: https://www.magneto365.com/co/empleos/desarrollador-full-896787
2026-05-08 16:45:34 | INFO | Oferta duplicada omitida: https://www.magneto365.com/co/empleos/desarrollador-fullstack-javascriptnode-js-colombia-906260
2026-05-08 16:45:34 | INFO | Oferta duplicada omitida: https://www.magneto365.com/co/empleos/desarrollador-de-software-con-enfoque-en-inteligencia-artificial-899657
2026-05-08 16:45:34 | INFO | Oferta duplicada omitida: https://www.magneto365.com/co/empleos/desarrollador-de-software-ia-javascript-react-bucaramanga-913803
2026-05-08 16:45:34 | INFO | Oferta duplicada omitida: https://www.magneto365.com/co/empleos/desarrollador-python-bogota-909596
2026-05-08 16:45:34 | INFO | Oferta duplicada omitida: https://www.magneto365.com/co/empleos/desarrolladora-fullstack-896069
2026-05-08 16:45:34 | INFO | Oferta duplicada omitida: https://www.magneto365.com/co/empleos/desarrollador-fullstack-884799
2026-05-08 16:45:34 | INFO | Oferta duplicada omitida: https://www.magneto365.com/co/empleos/ingeniero-fullstack-senior-net-flutter-angular-teletrabajo-en-colombia-882683
2026-05-08 16:45:34 | INFO | Oferta duplicada omitida: https://www.magneto365.com/co/empleos/desarrollador-fullstack-senior-net-react-teletrabajo-colombia-889531
2026-05-08 16:45:34 | INFO | Oferta duplicada omitida: https://www.magneto365.com/co/empleos/desarrollador-fullstack-medellin-846369
2026-05-08 16:45:34 | INFO | Oferta duplicada omitida: https://www.magneto365.com/co/empleos/desarrollador-backend-senior-python-897964
2026-05-08 16:45:34 | INFO | Oferta duplicada omitida: https://www.magneto365.com/co/empleos/desarrollador-a-mobile-react-native-bogota-913246
2026-05-08 16:45:34 | INFO | Oferta duplicada omitida: https://www.magneto365.com/co/empleos/analista-tecnico-senior-bilingue-b2c1-java-react-react-native-remoto-bogota-887625
2026-05-08 16:45:34 | INFO | Oferta duplicada omitida: https://www.magneto365.com/co/empleos/desarrollador-senior-full-stack-bilingue-java-react-remoto-bogota-892791
2026-05-08 16:45:34 | INFO | Oferta duplicada omitida: https://www.magneto365.com/co/empleos/desarrollador-de-software-909610
2026-05-08 16:45:34 | INFO | Oferta duplicada omitida: https://www.magneto365.com/co/empleos/senior-data-engineer-1626494698-8-892405
2026-05-08 16:45:34 | INFO | Oferta duplicada omitida: https://www.magneto365.com/co/empleos/ingeniero-devops-mid-junior-899771
2026-05-08 16:45:34 | INFO | Oferta duplicada omitida: https://www.magneto365.com/co/empleos/analista-qa-882273
2026-05-08 16:45:34 | INFO | Oferta duplicada omitida: https://www.magneto365.com/co/empleos/desarrollador-fullstack-senior-hibrido-en-cali-895467
2026-05-08 16:45:34 | INFO | Oferta duplicada omitida: https://www.magneto365.com/co/empleos/desarrollador-fullstack-en-hidrocarburos-python-java-891227
2026-05-08 16:45:34 | INFO | Oferta duplicada omitida: https://www.magneto365.com/co/empleos/desarrollador-fullstack-senior-hibrido-en-cali-848809
2026-05-08 16:45:34 | INFO | Oferta duplicada omitida: https://www.magneto365.com/co/empleos/desarrollador-fullstack-senior-829393
2026-05-08 16:45:34 | INFO | Oferta duplicada omitida: https://www.magneto365.com/co/empleos/desarrollador-php-freelance-884817
2026-05-08 16:45:34 | INFO | Oferta duplicada omitida: https://www.magneto365.com/co/empleos/desarrollador-a-de-software-891058
2026-05-08 16:45:34 | INFO | Oferta duplicada omitida: https://www.magneto365.com/co/empleos/desarrollador-frontend-y-gestion-de-contenido-medellin-884727
2026-05-08 16:45:34 | INFO | Oferta duplicada omitida: https://www.magneto365.com/co/empleos/desarrollador-frontend-webmaster-847312
2026-05-08 16:45:34 | INFO | Oferta duplicada omitida: https://www.magneto365.com/co/empleos/senior-frontend-engineer-907809
2026-05-08 16:45:34 | INFO | Oferta duplicada omitida: https://www.magneto365.com/co/empleos/desarrollador-front-end-ecommerce-897233
2026-05-08 16:45:34 | INFO | Oferta duplicada omitida: https://www.magneto365.com/co/empleos/desarrollador-backend-912569
2026-05-08 16:45:34 | INFO | Oferta duplicada omitida: https://www.magneto365.com/co/empleos/desarrollador-backend-oracle-plsql-hxgn-eam-galapa-907640
2026-05-08 16:45:34 | INFO | Oferta duplicada omitida: https://www.magneto365.com/co/empleos/desarrollador-backend-884791
2026-05-08 16:45:34 | INFO | Oferta duplicada omitida: https://www.magneto365.com/co/empleos/desarrollador-senior-java-spring-boot-y-python-remoto-colombia-899477
2026-05-08 16:45:34 | INFO | Oferta duplicada omitida: https://www.magneto365.com/co/empleos/desarrollador-full-stack-895178
2026-05-08 16:45:34 | INFO | Oferta duplicada omitida: https://www.magneto365.com/co/empleos/especialista-i-desarrollador-pco-886336
2026-05-08 16:45:34 | INFO | Oferta duplicada omitida: https://www.magneto365.com/co/empleos/desarrollador-full-stack-python-react-ia-cali-908099
2026-05-08 16:45:34 | INFO | Oferta duplicada omitida: https://www.magneto365.com/co/empleos/desarrollador-senior-full-stack-909405
2026-05-08 16:45:34 | INFO | Oferta duplicada omitida: https://www.magneto365.com/co/empleos/desarrolladorprogramador-bi-financiera-888680
2026-05-08 16:45:34 | INFO | Oferta duplicada omitida: https://www.magneto365.com/co/empleos/desarrollador-especialista-de-software-medellin-843102
2026-05-08 16:45:34 | INFO | Oferta duplicada omitida: https://www.magneto365.com/co/empleos/desarrollador-de-software-835075
2026-05-08 16:45:34 | INFO | Oferta duplicada omitida: https://www.magneto365.com/co/empleos/ingeniero-a-tecnologia-talento-que-transforma-913134
2026-05-08 16:45:34 | INFO | Oferta duplicada omitida: https://www.magneto365.com/co/empleos/tester-qa-pruebas-de-software-hibrido-bogota-908108
2026-05-08 16:45:34 | INFO | Oferta duplicada omitida: https://www.magneto365.com/co/empleos/coordinadora-de-servicios-de-desarrollo-de-software-1626119083-2-900284
2026-05-08 16:45:34 | INFO | Oferta duplicada omitida: https://www.magneto365.com/co/empleos/arquitecto-de-software-899087
2026-05-08 16:45:34 | INFO | Oferta duplicada omitida: https://www.magneto365.com/co/empleos/lider-tecnico-desarrollo-software-java-888526
2026-05-08 16:45:34 | INFO | Oferta duplicada omitida: https://www.magneto365.com/co/empleos/arquitecto-de-software-para-transformacion-digital-en-salud-y-contabilidad-886496
2026-05-08 16:45:34 | INFO | Oferta duplicada omitida: https://www.magneto365.com/co/empleos/arquitecto-de-software-822827
2026-05-08 16:45:34 | INFO | Oferta duplicada omitida: https://www.magneto365.com/co/empleos/practicante-sistemas-de-informacion-base-comercial-895470
2026-05-08 16:45:34 | INFO | Oferta duplicada omitida: https://www.magneto365.com/co/empleos/desarrollador-de-software-lider-microservicios-remoto-894672
2026-05-08 16:45:34 | INFO | Oferta duplicada omitida: https://www.magneto365.com/co/empleos/analista-tecnico-senior-desarrollo-de-software-bilingue-884537
2026-05-08 16:45:34 | INFO | Oferta duplicada omitida: https://www.magneto365.com/co/empleos/practicante-ingenieria-de-sistemas-desarrollo-y-soporte-ti-bogota-901179
2026-05-08 16:45:34 | INFO | Oferta duplicada omitida: https://www.magneto365.com/co/empleos/practicante-profesional-ingenieria-de-sistemas-medellin-899409
2026-05-08 16:45:34 | INFO | Oferta duplicada omitida: https://www.magneto365.com/co/empleos/practicante-chatbot-contratacion-y-colaboradores-whatsapp-895458
2026-05-08 16:45:34 | INFO | Oferta duplicada omitida: https://www.magneto365.com/co/empleos/analista-desarrollo-comercial-ii-bogota-899720
2026-05-08 16:45:34 | INFO | Oferta duplicada omitida: https://www.magneto365.com/co/empleos/analista-de-desarrollo-de-software-net-angular-sql-server-colombia-914543
2026-05-08 16:45:34 | INFO | Oferta duplicada omitida: https://www.magneto365.com/co/empleos/analista-de-ingenieria-desarrollo-de-producto-industrial-914466
2026-05-08 16:45:34 | INFO | Oferta duplicada omitida: https://www.magneto365.com/co/empleos/analista-de-desarrollo-logistico-908067
2026-05-08 16:45:34 | INFO | Oferta duplicada omitida: https://www.magneto365.com/co/empleos/analista-de-desarrollo-de-productos-industria-colombia-906038
2026-05-08 16:45:34 | INFO | Oferta duplicada omitida: https://www.magneto365.com/co/empleos/analista-de-formacion-y-desarrollo-de-talento-905159
2026-05-08 16:45:34 | INFO | Oferta duplicada omitida: https://www.magneto365.com/co/empleos/analista-de-cultura-y-desarrollo-temporal-por-licencia-de-maternidad-901840
2026-05-08 16:45:34 | INFO | Oferta duplicada omitida: https://www.magneto365.com/co/empleos/analista-de-automatizacion-y-desarrollo-termino-fijo-900710
2026-05-08 16:45:34 | INFO | Oferta duplicada omitida: https://www.magneto365.com/co/empleos/analista-de-desarrollo-de-software-1626071855-68-897977
2026-05-08 16:45:34 | INFO | Oferta duplicada omitida: https://www.magneto365.com/co/empleos/analista-de-desarrollo-humano-897395
2026-05-08 16:45:34 | INFO | Oferta duplicada omitida: https://www.magneto365.com/co/empleos/analista-de-atraccion-cultura-y-desarrollo-1626073720-39-887030
2026-05-08 16:45:34 | INFO | Oferta duplicada omitida: https://www.magneto365.com/co/empleos/desarrolladora-de-software-1626142096-3-908837
2026-05-08 16:45:34 | INFO | Oferta duplicada omitida: https://www.magneto365.com/co/empleos/ceid-desarrolladora-de-software-senior-rpa-905848
2026-05-08 16:45:34 | INFO | Oferta duplicada omitida: https://www.magneto365.com/co/empleos/desarrolladora-de-software-qa-1626436242-51-906064
2026-05-08 16:45:34 | INFO | Oferta duplicada omitida: https://www.magneto365.com/co/empleos/ceid-desarrollador-de-software-semisenior-1626492604-5-891596
2026-05-08 16:45:34 | INFO | Oferta duplicada omitida: https://www.magneto365.com/co/empleos/desarrollador-de-negocios-bogota-910216
2026-05-08 16:45:34 | INFO | Oferta duplicada omitida: https://www.magneto365.com/co/empleos/desarrollador-mid-level-sprint-contributor-902838
2026-05-08 16:45:34 | INFO | Oferta duplicada omitida: https://www.magneto365.com/co/empleos/desarrolladora-fronted-1626040293-334-896881
2026-05-08 16:45:34 | INFO | Oferta duplicada omitida: https://www.magneto365.com/co/empleos/programador-de-publicidad-digital-893246
2026-05-08 16:45:34 | INFO | Oferta duplicada omitida: https://www.magneto365.com/co/empleos/programador-tornero-cnc-puente-aranda-891925
2026-05-08 16:45:34 | INFO | Oferta duplicada omitida: https://www.magneto365.com/co/empleos/programador-de-flota-33303-886852
2026-05-08 16:45:34 | INFO | Oferta duplicada omitida: https://www.magneto365.com/co/empleos/instrumentador-quirurgico-888639
2026-05-08 16:45:34 | INFO | Oferta duplicada omitida: https://www.magneto365.com/co/empleos/analista-de-programacion-de-turnos-en-empresas-de-seguridad-881373
2026-05-08 16:45:34 | INFO | Oferta duplicada omitida: https://www.magneto365.com/co/empleos/integracion-automatizacion-control-ensamble-832860
2026-05-08 16:45:34 | INFO | Oferta duplicada omitida: https://www.magneto365.com/co/empleos/lider-de-planeacion-y-programacion-de-produccion-colombia-894342
2026-05-08 16:45:34 | INFO | Resumen ciclo | revisadas=80 | aplicadas=0 | errores=0 | omitidas=80
2026-05-08 16:45:34 | INFO | Esperando 180 segundos para el siguiente ciclo...
2026-05-08 16:48:34 | INFO | --------------------------------------------------------------------------------
2026-05-08 16:48:34 | INFO | Iniciando ciclo #10
2026-05-08 16:48:34 | INFO | Verificando estado de login (cada 5 ciclos)...
2026-05-08 16:48:36 | INFO | No hay sesion activa en Magneto. Abriendo inicio de sesion.
2026-05-08 16:48:47 | INFO | No se encontro boton de Google. Esperando inicio manual.
2026-05-08 16:48:47 | INFO | Sesion iniciada correctamente.
2026-05-08 16:48:47 | INFO | ✅ Login renovado exitosamente
2026-05-08 16:48:47 | INFO | Buscando en Magneto: https://www.magneto365.com/co/trabajos/buscar/full-stack-developer
2026-05-08 16:48:48 | INFO | Ofertas extraídas de Magneto: 8
2026-05-08 16:48:48 | INFO | Buscando en Magneto: https://www.magneto365.com/co/trabajos/buscar/fullstack-developer
2026-05-08 16:48:49 | INFO | Ofertas extraídas de Magneto: 6
2026-05-08 16:48:49 | INFO | Buscando en Magneto: https://www.magneto365.com/co/trabajos/buscar/frontend-developer
2026-05-08 16:48:50 | INFO | Ofertas extraídas de Magneto: 1
2026-05-08 16:48:50 | INFO | Buscando en Magneto: https://www.magneto365.com/co/trabajos/buscar/backend-developer
2026-05-08 16:48:51 | INFO | Ofertas extraídas de Magneto: 4
2026-05-08 16:48:51 | INFO | Buscando en Magneto: https://www.magneto365.com/co/trabajos/buscar/react-developer
2026-05-08 16:48:52 | INFO | Ofertas extraídas de Magneto: 6
2026-05-08 16:48:52 | INFO | Buscando en Magneto: https://www.magneto365.com/co/trabajos/buscar/react-native
2026-05-08 16:48:53 | INFO | Ofertas extraídas de Magneto: 3
2026-05-08 16:48:53 | INFO | Buscando en Magneto: https://www.magneto365.com/co/trabajos/buscar/node-js-developer
2026-05-08 16:49:14 | INFO | No se encontraron resultados visibles en la búsqueda actual.
2026-05-08 16:49:14 | INFO | Ofertas extraídas de Magneto: 0
2026-05-08 16:49:14 | INFO | Busqueda por URL sin resultados. Usando pagina de ciudad para: Node.js Developer
2026-05-08 16:49:15 | INFO | Ofertas extraídas de Magneto: 0
2026-05-08 16:49:15 | INFO | Buscando en Magneto: https://www.magneto365.com/co/trabajos/buscar/javascript-developer
2026-05-08 16:49:16 | INFO | Ofertas extraídas de Magneto: 6
2026-05-08 16:49:16 | INFO | Buscando en Magneto: https://www.magneto365.com/co/trabajos/buscar/typescript-developer
2026-05-08 16:49:37 | INFO | No se encontraron resultados visibles en la búsqueda actual.
2026-05-08 16:49:37 | INFO | Ofertas extraídas de Magneto: 0
2026-05-08 16:49:37 | INFO | Busqueda por URL sin resultados. Usando pagina de ciudad para: TypeScript Developer
2026-05-08 16:49:59 | INFO | No se encontraron resultados visibles en la búsqueda actual.
2026-05-08 16:49:59 | INFO | Ofertas extraídas de Magneto: 0
2026-05-08 16:49:59 | INFO | Buscando en Magneto: https://www.magneto365.com/co/trabajos/buscar/software-engineer
2026-05-08 16:50:00 | INFO | Ofertas extraídas de Magneto: 6
2026-05-08 16:50:00 | INFO | Buscando en Magneto: https://www.magneto365.com/co/trabajos/buscar/desarrollador-fullstack
2026-05-08 16:50:01 | INFO | Ofertas extraídas de Magneto: 12
2026-05-08 16:50:01 | INFO | Buscando en Magneto: https://www.magneto365.com/co/trabajos/buscar/desarrollador-frontend
2026-05-08 16:50:02 | INFO | Ofertas extraídas de Magneto: 5
2026-05-08 16:50:02 | INFO | Buscando en Magneto: https://www.magneto365.com/co/trabajos/buscar/desarrollador-backend
2026-05-08 16:50:03 | INFO | Ofertas extraídas de Magneto: 10
2026-05-08 16:50:03 | INFO | Buscando en Magneto: https://www.magneto365.com/co/trabajos/buscar/desarrollador-react
2026-05-08 16:50:04 | INFO | Ofertas extraídas de Magneto: 13
2026-05-08 16:50:04 | INFO | Buscando en Magneto: https://www.magneto365.com/co/trabajos/buscar/desarrollador-javascript
2026-05-08 16:50:05 | INFO | Ofertas extraídas de Magneto: 11
2026-05-08 16:50:05 | INFO | Buscando en Magneto: https://www.magneto365.com/co/trabajos/buscar/desarrollador-typescript
2026-05-08 16:50:06 | INFO | Ofertas extraídas de Magneto: 1
2026-05-08 16:50:06 | INFO | Buscando en Magneto: https://www.magneto365.com/co/trabajos/buscar/desarrollador-node
2026-05-08 16:50:07 | INFO | Ofertas extraídas de Magneto: 2
2026-05-08 16:50:07 | INFO | Buscando en Magneto: https://www.magneto365.com/co/trabajos/buscar/ingeniero-software
2026-05-08 16:50:08 | INFO | Ofertas extraídas de Magneto: 17
2026-05-08 16:50:08 | INFO | Buscando en Magneto: https://www.magneto365.com/co/trabajos/buscar/analista-desarrollo
2026-05-08 16:50:10 | INFO | Ofertas extraídas de Magneto: 12
2026-05-08 16:50:10 | INFO | Buscando en Magneto: https://www.magneto365.com/co/trabajos/buscar/desarrollador-software
2026-05-08 16:50:11 | INFO | Ofertas extraídas de Magneto: 19
2026-05-08 16:50:11 | INFO | Buscando en Magneto: https://www.magneto365.com/co/trabajos/buscar/programador
2026-05-08 16:50:12 | INFO | Ofertas extraídas de Magneto: 17
2026-05-08 16:50:12 | INFO | Oferta duplicada omitida: https://www.magneto365.com/co/empleos/full-stack-developer-1626494698-9-912135
2026-05-08 16:50:12 | INFO | Oferta duplicada omitida: https://www.magneto365.com/co/empleos/desarrollador-ti-911545
2026-05-08 16:50:12 | INFO | Oferta duplicada omitida: https://www.magneto365.com/co/empleos/desarrollador-full-stack-895702
2026-05-08 16:50:12 | INFO | Oferta duplicada omitida: https://www.magneto365.com/co/empleos/desarrollador-full-896787
2026-05-08 16:50:12 | INFO | Oferta duplicada omitida: https://www.magneto365.com/co/empleos/desarrollador-fullstack-javascriptnode-js-colombia-906260
2026-05-08 16:50:12 | INFO | Oferta duplicada omitida: https://www.magneto365.com/co/empleos/desarrollador-de-software-con-enfoque-en-inteligencia-artificial-899657
2026-05-08 16:50:12 | INFO | Oferta duplicada omitida: https://www.magneto365.com/co/empleos/desarrollador-de-software-ia-javascript-react-bucaramanga-913803
2026-05-08 16:50:12 | INFO | Oferta duplicada omitida: https://www.magneto365.com/co/empleos/desarrollador-python-bogota-909596
2026-05-08 16:50:12 | INFO | Oferta duplicada omitida: https://www.magneto365.com/co/empleos/desarrolladora-fullstack-896069
2026-05-08 16:50:12 | INFO | Oferta duplicada omitida: https://www.magneto365.com/co/empleos/desarrollador-fullstack-884799
2026-05-08 16:50:12 | INFO | Oferta duplicada omitida: https://www.magneto365.com/co/empleos/ingeniero-fullstack-senior-net-flutter-angular-teletrabajo-en-colombia-882683
2026-05-08 16:50:12 | INFO | Oferta duplicada omitida: https://www.magneto365.com/co/empleos/desarrollador-fullstack-senior-net-react-teletrabajo-colombia-889531
2026-05-08 16:50:12 | INFO | Oferta duplicada omitida: https://www.magneto365.com/co/empleos/desarrollador-fullstack-medellin-846369
2026-05-08 16:50:12 | INFO | Oferta duplicada omitida: https://www.magneto365.com/co/empleos/desarrollador-backend-senior-python-897964
2026-05-08 16:50:12 | INFO | Oferta duplicada omitida: https://www.magneto365.com/co/empleos/desarrollador-a-mobile-react-native-bogota-913246
2026-05-08 16:50:12 | INFO | Oferta duplicada omitida: https://www.magneto365.com/co/empleos/analista-tecnico-senior-bilingue-b2c1-java-react-react-native-remoto-bogota-887625
2026-05-08 16:50:12 | INFO | Oferta duplicada omitida: https://www.magneto365.com/co/empleos/desarrollador-senior-full-stack-bilingue-java-react-remoto-bogota-892791
2026-05-08 16:50:12 | INFO | Oferta duplicada omitida: https://www.magneto365.com/co/empleos/desarrollador-de-software-909610
2026-05-08 16:50:12 | INFO | Oferta duplicada omitida: https://www.magneto365.com/co/empleos/senior-data-engineer-1626494698-8-892405
2026-05-08 16:50:12 | INFO | Oferta duplicada omitida: https://www.magneto365.com/co/empleos/ingeniero-devops-mid-junior-899771
2026-05-08 16:50:12 | INFO | Oferta duplicada omitida: https://www.magneto365.com/co/empleos/analista-qa-882273
2026-05-08 16:50:12 | INFO | Oferta duplicada omitida: https://www.magneto365.com/co/empleos/desarrollador-fullstack-senior-hibrido-en-cali-895467
2026-05-08 16:50:12 | INFO | Oferta duplicada omitida: https://www.magneto365.com/co/empleos/desarrollador-fullstack-en-hidrocarburos-python-java-891227
2026-05-08 16:50:12 | INFO | Oferta duplicada omitida: https://www.magneto365.com/co/empleos/desarrollador-fullstack-senior-hibrido-en-cali-848809
2026-05-08 16:50:12 | INFO | Oferta duplicada omitida: https://www.magneto365.com/co/empleos/desarrollador-fullstack-senior-829393
2026-05-08 16:50:12 | INFO | Oferta duplicada omitida: https://www.magneto365.com/co/empleos/desarrollador-php-freelance-884817
2026-05-08 16:50:12 | INFO | Oferta duplicada omitida: https://www.magneto365.com/co/empleos/desarrollador-a-de-software-891058
2026-05-08 16:50:12 | INFO | Oferta duplicada omitida: https://www.magneto365.com/co/empleos/desarrollador-frontend-y-gestion-de-contenido-medellin-884727
2026-05-08 16:50:12 | INFO | Oferta duplicada omitida: https://www.magneto365.com/co/empleos/desarrollador-frontend-webmaster-847312
2026-05-08 16:50:12 | INFO | Oferta duplicada omitida: https://www.magneto365.com/co/empleos/senior-frontend-engineer-907809
2026-05-08 16:50:12 | INFO | Oferta duplicada omitida: https://www.magneto365.com/co/empleos/desarrollador-front-end-ecommerce-897233
2026-05-08 16:50:12 | INFO | Oferta duplicada omitida: https://www.magneto365.com/co/empleos/desarrollador-backend-912569
2026-05-08 16:50:12 | INFO | Oferta duplicada omitida: https://www.magneto365.com/co/empleos/desarrollador-backend-oracle-plsql-hxgn-eam-galapa-907640
2026-05-08 16:50:12 | INFO | Oferta duplicada omitida: https://www.magneto365.com/co/empleos/desarrollador-backend-884791
2026-05-08 16:50:12 | INFO | Oferta duplicada omitida: https://www.magneto365.com/co/empleos/desarrollador-senior-java-spring-boot-y-python-remoto-colombia-899477
2026-05-08 16:50:12 | INFO | Oferta duplicada omitida: https://www.magneto365.com/co/empleos/desarrollador-full-stack-895178
2026-05-08 16:50:12 | INFO | Oferta duplicada omitida: https://www.magneto365.com/co/empleos/especialista-i-desarrollador-pco-886336
2026-05-08 16:50:12 | INFO | Oferta duplicada omitida: https://www.magneto365.com/co/empleos/desarrollador-full-stack-python-react-ia-cali-908099
2026-05-08 16:50:12 | INFO | Oferta duplicada omitida: https://www.magneto365.com/co/empleos/desarrollador-senior-full-stack-909405
2026-05-08 16:50:12 | INFO | Oferta duplicada omitida: https://www.magneto365.com/co/empleos/desarrolladorprogramador-bi-financiera-888680
2026-05-08 16:50:12 | INFO | Oferta duplicada omitida: https://www.magneto365.com/co/empleos/desarrollador-especialista-de-software-medellin-843102
2026-05-08 16:50:12 | INFO | Oferta duplicada omitida: https://www.magneto365.com/co/empleos/desarrollador-de-software-835075
2026-05-08 16:50:12 | INFO | Oferta duplicada omitida: https://www.magneto365.com/co/empleos/ingeniero-a-tecnologia-talento-que-transforma-913134
2026-05-08 16:50:12 | INFO | Oferta duplicada omitida: https://www.magneto365.com/co/empleos/tester-qa-pruebas-de-software-hibrido-bogota-908108
2026-05-08 16:50:12 | INFO | Oferta duplicada omitida: https://www.magneto365.com/co/empleos/coordinadora-de-servicios-de-desarrollo-de-software-1626119083-2-900284
2026-05-08 16:50:12 | INFO | Oferta duplicada omitida: https://www.magneto365.com/co/empleos/arquitecto-de-software-899087
2026-05-08 16:50:12 | INFO | Oferta duplicada omitida: https://www.magneto365.com/co/empleos/lider-tecnico-desarrollo-software-java-888526
2026-05-08 16:50:12 | INFO | Oferta duplicada omitida: https://www.magneto365.com/co/empleos/arquitecto-de-software-para-transformacion-digital-en-salud-y-contabilidad-886496
2026-05-08 16:50:12 | INFO | Oferta duplicada omitida: https://www.magneto365.com/co/empleos/arquitecto-de-software-822827
2026-05-08 16:50:12 | INFO | Oferta duplicada omitida: https://www.magneto365.com/co/empleos/practicante-sistemas-de-informacion-base-comercial-895470
2026-05-08 16:50:13 | INFO | Oferta duplicada omitida: https://www.magneto365.com/co/empleos/desarrollador-de-software-lider-microservicios-remoto-894672
2026-05-08 16:50:13 | INFO | Oferta duplicada omitida: https://www.magneto365.com/co/empleos/analista-tecnico-senior-desarrollo-de-software-bilingue-884537
2026-05-08 16:50:13 | INFO | Oferta duplicada omitida: https://www.magneto365.com/co/empleos/practicante-ingenieria-de-sistemas-desarrollo-y-soporte-ti-bogota-901179
2026-05-08 16:50:13 | INFO | Oferta duplicada omitida: https://www.magneto365.com/co/empleos/practicante-profesional-ingenieria-de-sistemas-medellin-899409
2026-05-08 16:50:13 | INFO | Oferta duplicada omitida: https://www.magneto365.com/co/empleos/practicante-chatbot-contratacion-y-colaboradores-whatsapp-895458
2026-05-08 16:50:13 | INFO | Oferta duplicada omitida: https://www.magneto365.com/co/empleos/analista-desarrollo-comercial-ii-bogota-899720
2026-05-08 16:50:13 | INFO | Oferta duplicada omitida: https://www.magneto365.com/co/empleos/analista-de-desarrollo-de-software-net-angular-sql-server-colombia-914543
2026-05-08 16:50:13 | INFO | Oferta duplicada omitida: https://www.magneto365.com/co/empleos/analista-de-ingenieria-desarrollo-de-producto-industrial-914466
2026-05-08 16:50:13 | INFO | Oferta duplicada omitida: https://www.magneto365.com/co/empleos/analista-de-desarrollo-logistico-908067
2026-05-08 16:50:13 | INFO | Oferta duplicada omitida: https://www.magneto365.com/co/empleos/analista-de-desarrollo-de-productos-industria-colombia-906038
2026-05-08 16:50:13 | INFO | Oferta duplicada omitida: https://www.magneto365.com/co/empleos/analista-de-formacion-y-desarrollo-de-talento-905159
2026-05-08 16:50:13 | INFO | Oferta duplicada omitida: https://www.magneto365.com/co/empleos/analista-de-cultura-y-desarrollo-temporal-por-licencia-de-maternidad-901840
2026-05-08 16:50:13 | INFO | Oferta duplicada omitida: https://www.magneto365.com/co/empleos/analista-de-automatizacion-y-desarrollo-termino-fijo-900710
2026-05-08 16:50:13 | INFO | Oferta duplicada omitida: https://www.magneto365.com/co/empleos/analista-de-desarrollo-de-software-1626071855-68-897977
2026-05-08 16:50:13 | INFO | Oferta duplicada omitida: https://www.magneto365.com/co/empleos/analista-de-desarrollo-humano-897395
2026-05-08 16:50:13 | INFO | Oferta duplicada omitida: https://www.magneto365.com/co/empleos/analista-de-atraccion-cultura-y-desarrollo-1626073720-39-887030
2026-05-08 16:50:13 | INFO | Oferta duplicada omitida: https://www.magneto365.com/co/empleos/desarrolladora-de-software-1626142096-3-908837
2026-05-08 16:50:13 | INFO | Oferta duplicada omitida: https://www.magneto365.com/co/empleos/ceid-desarrolladora-de-software-senior-rpa-905848
2026-05-08 16:50:13 | INFO | Oferta duplicada omitida: https://www.magneto365.com/co/empleos/desarrolladora-de-software-qa-1626436242-51-906064
2026-05-08 16:50:13 | INFO | Oferta duplicada omitida: https://www.magneto365.com/co/empleos/ceid-desarrollador-de-software-semisenior-1626492604-5-891596
2026-05-08 16:50:13 | INFO | Oferta duplicada omitida: https://www.magneto365.com/co/empleos/desarrollador-de-negocios-bogota-910216
2026-05-08 16:50:13 | INFO | Oferta duplicada omitida: https://www.magneto365.com/co/empleos/desarrollador-mid-level-sprint-contributor-902838
2026-05-08 16:50:13 | INFO | Oferta duplicada omitida: https://www.magneto365.com/co/empleos/desarrolladora-fronted-1626040293-334-896881
2026-05-08 16:50:13 | INFO | Oferta duplicada omitida: https://www.magneto365.com/co/empleos/programador-de-publicidad-digital-893246
2026-05-08 16:50:13 | INFO | Oferta duplicada omitida: https://www.magneto365.com/co/empleos/programador-tornero-cnc-puente-aranda-891925
2026-05-08 16:50:13 | INFO | Oferta duplicada omitida: https://www.magneto365.com/co/empleos/programador-de-flota-33303-886852
2026-05-08 16:50:13 | INFO | Oferta duplicada omitida: https://www.magneto365.com/co/empleos/instrumentador-quirurgico-888639
2026-05-08 16:50:13 | INFO | Oferta duplicada omitida: https://www.magneto365.com/co/empleos/analista-de-programacion-de-turnos-en-empresas-de-seguridad-881373
2026-05-08 16:50:13 | INFO | Oferta duplicada omitida: https://www.magneto365.com/co/empleos/integracion-automatizacion-control-ensamble-832860
2026-05-08 16:50:13 | INFO | Oferta duplicada omitida: https://www.magneto365.com/co/empleos/lider-de-planeacion-y-programacion-de-produccion-colombia-894342
2026-05-08 16:50:13 | INFO | Resumen ciclo | revisadas=80 | aplicadas=0 | errores=0 | omitidas=80
2026-05-08 16:50:13 | INFO | Esperando 180 segundos para el siguiente ciclo...
2026-05-08 16:53:13 | INFO | --------------------------------------------------------------------------------
2026-05-08 16:53:13 | INFO | Iniciando ciclo #11
2026-05-08 16:53:13 | INFO | Buscando en Magneto: https://www.magneto365.com/co/trabajos/buscar/full-stack-developer
2026-05-08 16:53:14 | INFO | Ofertas extraídas de Magneto: 8
2026-05-08 16:53:14 | INFO | Buscando en Magneto: https://www.magneto365.com/co/trabajos/buscar/fullstack-developer
2026-05-08 16:53:15 | INFO | Ofertas extraídas de Magneto: 6
2026-05-08 16:53:15 | INFO | Buscando en Magneto: https://www.magneto365.com/co/trabajos/buscar/frontend-developer
2026-05-08 16:53:17 | INFO | Ofertas extraídas de Magneto: 1
2026-05-08 16:53:17 | INFO | Buscando en Magneto: https://www.magneto365.com/co/trabajos/buscar/backend-developer
2026-05-08 16:53:19 | INFO | Ofertas extraídas de Magneto: 4
2026-05-08 16:53:19 | INFO | Buscando en Magneto: https://www.magneto365.com/co/trabajos/buscar/react-developer
2026-05-08 16:53:20 | INFO | Ofertas extraídas de Magneto: 6
2026-05-08 16:53:20 | INFO | Buscando en Magneto: https://www.magneto365.com/co/trabajos/buscar/react-native
2026-05-08 16:53:21 | INFO | Ofertas extraídas de Magneto: 3
2026-05-08 16:53:21 | INFO | Buscando en Magneto: https://www.magneto365.com/co/trabajos/buscar/node-js-developer
2026-05-08 16:53:42 | INFO | No se encontraron resultados visibles en la búsqueda actual.
2026-05-08 16:53:42 | INFO | Ofertas extraídas de Magneto: 0
2026-05-08 16:53:42 | INFO | Busqueda por URL sin resultados. Usando pagina de ciudad para: Node.js Developer
2026-05-08 16:53:43 | INFO | Ofertas extraídas de Magneto: 0
2026-05-08 16:53:43 | INFO | Buscando en Magneto: https://www.magneto365.com/co/trabajos/buscar/javascript-developer
2026-05-08 16:53:44 | INFO | Ofertas extraídas de Magneto: 6
2026-05-08 16:53:44 | INFO | Buscando en Magneto: https://www.magneto365.com/co/trabajos/buscar/typescript-developer
2026-05-08 16:54:05 | INFO | No se encontraron resultados visibles en la búsqueda actual.
2026-05-08 16:54:05 | INFO | Ofertas extraídas de Magneto: 0
2026-05-08 16:54:05 | INFO | Busqueda por URL sin resultados. Usando pagina de ciudad para: TypeScript Developer
2026-05-08 16:54:06 | INFO | Ofertas extraídas de Magneto: 0
2026-05-08 16:54:06 | INFO | Buscando en Magneto: https://www.magneto365.com/co/trabajos/buscar/software-engineer
2026-05-08 16:54:07 | INFO | Ofertas extraídas de Magneto: 6
2026-05-08 16:54:07 | INFO | Buscando en Magneto: https://www.magneto365.com/co/trabajos/buscar/desarrollador-fullstack
2026-05-08 16:54:08 | INFO | Ofertas extraídas de Magneto: 12
2026-05-08 16:54:08 | INFO | Buscando en Magneto: https://www.magneto365.com/co/trabajos/buscar/desarrollador-frontend
2026-05-08 16:54:09 | INFO | Ofertas extraídas de Magneto: 5
2026-05-08 16:54:09 | INFO | Buscando en Magneto: https://www.magneto365.com/co/trabajos/buscar/desarrollador-backend
2026-05-08 16:54:10 | INFO | Ofertas extraídas de Magneto: 10
2026-05-08 16:54:10 | INFO | Buscando en Magneto: https://www.magneto365.com/co/trabajos/buscar/desarrollador-react
2026-05-08 16:54:12 | INFO | Ofertas extraídas de Magneto: 13
2026-05-08 16:54:12 | INFO | Buscando en Magneto: https://www.magneto365.com/co/trabajos/buscar/desarrollador-javascript
2026-05-08 16:54:14 | INFO | Ofertas extraídas de Magneto: 11
2026-05-08 16:54:14 | INFO | Buscando en Magneto: https://www.magneto365.com/co/trabajos/buscar/desarrollador-typescript
2026-05-08 16:54:15 | INFO | Ofertas extraídas de Magneto: 1
2026-05-08 16:54:15 | INFO | Buscando en Magneto: https://www.magneto365.com/co/trabajos/buscar/desarrollador-node
2026-05-08 16:54:16 | INFO | Ofertas extraídas de Magneto: 2
2026-05-08 16:54:16 | INFO | Buscando en Magneto: https://www.magneto365.com/co/trabajos/buscar/ingeniero-software
2026-05-08 16:54:17 | INFO | Ofertas extraídas de Magneto: 17
2026-05-08 16:54:17 | INFO | Buscando en Magneto: https://www.magneto365.com/co/trabajos/buscar/analista-desarrollo
2026-05-08 16:54:20 | INFO | Ofertas extraídas de Magneto: 12
2026-05-08 16:54:20 | INFO | Buscando en Magneto: https://www.magneto365.com/co/trabajos/buscar/desarrollador-software
2026-05-08 16:54:21 | INFO | Ofertas extraídas de Magneto: 19
2026-05-08 16:54:21 | INFO | Buscando en Magneto: https://www.magneto365.com/co/trabajos/buscar/programador
2026-05-08 16:54:22 | INFO | Ofertas extraídas de Magneto: 17
2026-05-08 16:54:22 | INFO | Oferta duplicada omitida: https://www.magneto365.com/co/empleos/full-stack-developer-1626494698-9-912135
2026-05-08 16:54:22 | INFO | Oferta duplicada omitida: https://www.magneto365.com/co/empleos/desarrollador-ti-911545
2026-05-08 16:54:22 | INFO | Oferta duplicada omitida: https://www.magneto365.com/co/empleos/desarrollador-full-stack-895702
2026-05-08 16:54:22 | INFO | Oferta duplicada omitida: https://www.magneto365.com/co/empleos/desarrollador-full-896787
2026-05-08 16:54:22 | INFO | Oferta duplicada omitida: https://www.magneto365.com/co/empleos/desarrollador-fullstack-javascriptnode-js-colombia-906260
2026-05-08 16:54:22 | INFO | Oferta duplicada omitida: https://www.magneto365.com/co/empleos/desarrollador-de-software-con-enfoque-en-inteligencia-artificial-899657
2026-05-08 16:54:22 | INFO | Oferta duplicada omitida: https://www.magneto365.com/co/empleos/desarrollador-de-software-ia-javascript-react-bucaramanga-913803
2026-05-08 16:54:22 | INFO | Oferta duplicada omitida: https://www.magneto365.com/co/empleos/desarrollador-python-bogota-909596
2026-05-08 16:54:22 | INFO | Oferta duplicada omitida: https://www.magneto365.com/co/empleos/desarrolladora-fullstack-896069
2026-05-08 16:54:22 | INFO | Oferta duplicada omitida: https://www.magneto365.com/co/empleos/desarrollador-fullstack-884799
2026-05-08 16:54:22 | INFO | Oferta duplicada omitida: https://www.magneto365.com/co/empleos/ingeniero-fullstack-senior-net-flutter-angular-teletrabajo-en-colombia-882683
2026-05-08 16:54:22 | INFO | Oferta duplicada omitida: https://www.magneto365.com/co/empleos/desarrollador-fullstack-senior-net-react-teletrabajo-colombia-889531
2026-05-08 16:54:22 | INFO | Oferta duplicada omitida: https://www.magneto365.com/co/empleos/desarrollador-fullstack-medellin-846369
2026-05-08 16:54:22 | INFO | Oferta duplicada omitida: https://www.magneto365.com/co/empleos/desarrollador-backend-senior-python-897964
2026-05-08 16:54:22 | INFO | Oferta duplicada omitida: https://www.magneto365.com/co/empleos/desarrollador-a-mobile-react-native-bogota-913246
2026-05-08 16:54:22 | INFO | Oferta duplicada omitida: https://www.magneto365.com/co/empleos/analista-tecnico-senior-bilingue-b2c1-java-react-react-native-remoto-bogota-887625
2026-05-08 16:54:22 | INFO | Oferta duplicada omitida: https://www.magneto365.com/co/empleos/desarrollador-senior-full-stack-bilingue-java-react-remoto-bogota-892791
2026-05-08 16:54:22 | INFO | Oferta duplicada omitida: https://www.magneto365.com/co/empleos/desarrollador-de-software-909610
2026-05-08 16:54:22 | INFO | Oferta duplicada omitida: https://www.magneto365.com/co/empleos/senior-data-engineer-1626494698-8-892405
2026-05-08 16:54:22 | INFO | Oferta duplicada omitida: https://www.magneto365.com/co/empleos/ingeniero-devops-mid-junior-899771
2026-05-08 16:54:22 | INFO | Oferta duplicada omitida: https://www.magneto365.com/co/empleos/analista-qa-882273
2026-05-08 16:54:22 | INFO | Oferta duplicada omitida: https://www.magneto365.com/co/empleos/desarrollador-fullstack-senior-hibrido-en-cali-895467
2026-05-08 16:54:22 | INFO | Oferta duplicada omitida: https://www.magneto365.com/co/empleos/desarrollador-fullstack-en-hidrocarburos-python-java-891227
2026-05-08 16:54:22 | INFO | Oferta duplicada omitida: https://www.magneto365.com/co/empleos/desarrollador-fullstack-senior-hibrido-en-cali-848809
2026-05-08 16:54:22 | INFO | Oferta duplicada omitida: https://www.magneto365.com/co/empleos/desarrollador-fullstack-senior-829393
2026-05-08 16:54:22 | INFO | Oferta duplicada omitida: https://www.magneto365.com/co/empleos/desarrollador-php-freelance-884817
2026-05-08 16:54:22 | INFO | Oferta duplicada omitida: https://www.magneto365.com/co/empleos/desarrollador-a-de-software-891058
2026-05-08 16:54:22 | INFO | Oferta duplicada omitida: https://www.magneto365.com/co/empleos/desarrollador-frontend-y-gestion-de-contenido-medellin-884727
2026-05-08 16:54:22 | INFO | Oferta duplicada omitida: https://www.magneto365.com/co/empleos/desarrollador-frontend-webmaster-847312
2026-05-08 16:54:22 | INFO | Oferta duplicada omitida: https://www.magneto365.com/co/empleos/senior-frontend-engineer-907809
2026-05-08 16:54:22 | INFO | Oferta duplicada omitida: https://www.magneto365.com/co/empleos/desarrollador-front-end-ecommerce-897233
2026-05-08 16:54:22 | INFO | Oferta duplicada omitida: https://www.magneto365.com/co/empleos/desarrollador-backend-912569
2026-05-08 16:54:22 | INFO | Oferta duplicada omitida: https://www.magneto365.com/co/empleos/desarrollador-backend-oracle-plsql-hxgn-eam-galapa-907640
2026-05-08 16:54:22 | INFO | Oferta duplicada omitida: https://www.magneto365.com/co/empleos/desarrollador-backend-884791
2026-05-08 16:54:22 | INFO | Oferta duplicada omitida: https://www.magneto365.com/co/empleos/desarrollador-senior-java-spring-boot-y-python-remoto-colombia-899477
2026-05-08 16:54:22 | INFO | Oferta duplicada omitida: https://www.magneto365.com/co/empleos/desarrollador-full-stack-895178
2026-05-08 16:54:22 | INFO | Oferta duplicada omitida: https://www.magneto365.com/co/empleos/especialista-i-desarrollador-pco-886336
2026-05-08 16:54:22 | INFO | Oferta duplicada omitida: https://www.magneto365.com/co/empleos/desarrollador-full-stack-python-react-ia-cali-908099
2026-05-08 16:54:22 | INFO | Oferta duplicada omitida: https://www.magneto365.com/co/empleos/desarrollador-senior-full-stack-909405
2026-05-08 16:54:22 | INFO | Oferta duplicada omitida: https://www.magneto365.com/co/empleos/desarrolladorprogramador-bi-financiera-888680
2026-05-08 16:54:22 | INFO | Oferta duplicada omitida: https://www.magneto365.com/co/empleos/desarrollador-especialista-de-software-medellin-843102
2026-05-08 16:54:22 | INFO | Oferta duplicada omitida: https://www.magneto365.com/co/empleos/desarrollador-de-software-835075
2026-05-08 16:54:22 | INFO | Oferta duplicada omitida: https://www.magneto365.com/co/empleos/ingeniero-a-tecnologia-talento-que-transforma-913134
2026-05-08 16:54:22 | INFO | Oferta duplicada omitida: https://www.magneto365.com/co/empleos/tester-qa-pruebas-de-software-hibrido-bogota-908108
2026-05-08 16:54:22 | INFO | Oferta duplicada omitida: https://www.magneto365.com/co/empleos/coordinadora-de-servicios-de-desarrollo-de-software-1626119083-2-900284
2026-05-08 16:54:22 | INFO | Oferta duplicada omitida: https://www.magneto365.com/co/empleos/arquitecto-de-software-899087
2026-05-08 16:54:22 | INFO | Oferta duplicada omitida: https://www.magneto365.com/co/empleos/lider-tecnico-desarrollo-software-java-888526
2026-05-08 16:54:22 | INFO | Oferta duplicada omitida: https://www.magneto365.com/co/empleos/arquitecto-de-software-para-transformacion-digital-en-salud-y-contabilidad-886496
2026-05-08 16:54:22 | INFO | Oferta duplicada omitida: https://www.magneto365.com/co/empleos/arquitecto-de-software-822827
2026-05-08 16:54:22 | INFO | Oferta duplicada omitida: https://www.magneto365.com/co/empleos/practicante-sistemas-de-informacion-base-comercial-895470
2026-05-08 16:54:22 | INFO | Oferta duplicada omitida: https://www.magneto365.com/co/empleos/desarrollador-de-software-lider-microservicios-remoto-894672
2026-05-08 16:54:22 | INFO | Oferta duplicada omitida: https://www.magneto365.com/co/empleos/analista-tecnico-senior-desarrollo-de-software-bilingue-884537
2026-05-08 16:54:22 | INFO | Oferta duplicada omitida: https://www.magneto365.com/co/empleos/practicante-ingenieria-de-sistemas-desarrollo-y-soporte-ti-bogota-901179
2026-05-08 16:54:22 | INFO | Oferta duplicada omitida: https://www.magneto365.com/co/empleos/practicante-profesional-ingenieria-de-sistemas-medellin-899409
2026-05-08 16:54:22 | INFO | Oferta duplicada omitida: https://www.magneto365.com/co/empleos/practicante-chatbot-contratacion-y-colaboradores-whatsapp-895458
2026-05-08 16:54:22 | INFO | Oferta duplicada omitida: https://www.magneto365.com/co/empleos/analista-desarrollo-comercial-ii-bogota-899720
2026-05-08 16:54:22 | INFO | Oferta duplicada omitida: https://www.magneto365.com/co/empleos/analista-de-desarrollo-de-software-net-angular-sql-server-colombia-914543
2026-05-08 16:54:22 | INFO | Oferta duplicada omitida: https://www.magneto365.com/co/empleos/analista-de-ingenieria-desarrollo-de-producto-industrial-914466
2026-05-08 16:54:22 | INFO | Oferta duplicada omitida: https://www.magneto365.com/co/empleos/analista-de-desarrollo-logistico-908067
2026-05-08 16:54:22 | INFO | Oferta duplicada omitida: https://www.magneto365.com/co/empleos/analista-de-desarrollo-de-productos-industria-colombia-906038
2026-05-08 16:54:22 | INFO | Oferta duplicada omitida: https://www.magneto365.com/co/empleos/analista-de-formacion-y-desarrollo-de-talento-905159
2026-05-08 16:54:22 | INFO | Oferta duplicada omitida: https://www.magneto365.com/co/empleos/analista-de-cultura-y-desarrollo-temporal-por-licencia-de-maternidad-901840
2026-05-08 16:54:22 | INFO | Oferta duplicada omitida: https://www.magneto365.com/co/empleos/analista-de-automatizacion-y-desarrollo-termino-fijo-900710
2026-05-08 16:54:22 | INFO | Oferta duplicada omitida: https://www.magneto365.com/co/empleos/analista-de-desarrollo-de-software-1626071855-68-897977
2026-05-08 16:54:22 | INFO | Oferta duplicada omitida: https://www.magneto365.com/co/empleos/analista-de-desarrollo-humano-897395
2026-05-08 16:54:22 | INFO | Oferta duplicada omitida: https://www.magneto365.com/co/empleos/analista-de-atraccion-cultura-y-desarrollo-1626073720-39-887030
2026-05-08 16:54:22 | INFO | Oferta duplicada omitida: https://www.magneto365.com/co/empleos/desarrolladora-de-software-1626142096-3-908837
2026-05-08 16:54:22 | INFO | Oferta duplicada omitida: https://www.magneto365.com/co/empleos/ceid-desarrolladora-de-software-senior-rpa-905848
2026-05-08 16:54:22 | INFO | Oferta duplicada omitida: https://www.magneto365.com/co/empleos/desarrolladora-de-software-qa-1626436242-51-906064
2026-05-08 16:54:22 | INFO | Oferta duplicada omitida: https://www.magneto365.com/co/empleos/ceid-desarrollador-de-software-semisenior-1626492604-5-891596
2026-05-08 16:54:22 | INFO | Oferta duplicada omitida: https://www.magneto365.com/co/empleos/desarrollador-de-negocios-bogota-910216
2026-05-08 16:54:22 | INFO | Oferta duplicada omitida: https://www.magneto365.com/co/empleos/desarrollador-mid-level-sprint-contributor-902838
2026-05-08 16:54:22 | INFO | Oferta duplicada omitida: https://www.magneto365.com/co/empleos/desarrolladora-fronted-1626040293-334-896881
2026-05-08 16:54:22 | INFO | Oferta duplicada omitida: https://www.magneto365.com/co/empleos/programador-de-publicidad-digital-893246
2026-05-08 16:54:22 | INFO | Oferta duplicada omitida: https://www.magneto365.com/co/empleos/programador-tornero-cnc-puente-aranda-891925
2026-05-08 16:54:22 | INFO | Oferta duplicada omitida: https://www.magneto365.com/co/empleos/programador-de-flota-33303-886852
2026-05-08 16:54:22 | INFO | Oferta duplicada omitida: https://www.magneto365.com/co/empleos/instrumentador-quirurgico-888639
2026-05-08 16:54:22 | INFO | Oferta duplicada omitida: https://www.magneto365.com/co/empleos/analista-de-programacion-de-turnos-en-empresas-de-seguridad-881373
2026-05-08 16:54:22 | INFO | Oferta duplicada omitida: https://www.magneto365.com/co/empleos/integracion-automatizacion-control-ensamble-832860
2026-05-08 16:54:22 | INFO | Oferta duplicada omitida: https://www.magneto365.com/co/empleos/lider-de-planeacion-y-programacion-de-produccion-colombia-894342
2026-05-08 16:54:22 | INFO | Resumen ciclo | revisadas=80 | aplicadas=0 | errores=0 | omitidas=80
2026-05-08 16:54:22 | INFO | Esperando 180 segundos para el siguiente ciclo...
2026-05-08 16:57:22 | INFO | --------------------------------------------------------------------------------
2026-05-08 16:57:22 | INFO | Iniciando ciclo #12
2026-05-08 16:57:22 | INFO | Buscando en Magneto: https://www.magneto365.com/co/trabajos/buscar/full-stack-developer
2026-05-08 16:57:23 | INFO | Ofertas extraídas de Magneto: 8
2026-05-08 16:57:23 | INFO | Buscando en Magneto: https://www.magneto365.com/co/trabajos/buscar/fullstack-developer
2026-05-08 16:57:24 | INFO | Ofertas extraídas de Magneto: 6
2026-05-08 16:57:24 | INFO | Buscando en Magneto: https://www.magneto365.com/co/trabajos/buscar/frontend-developer
2026-05-08 16:57:26 | INFO | Ofertas extraídas de Magneto: 1
2026-05-08 16:57:26 | INFO | Buscando en Magneto: https://www.magneto365.com/co/trabajos/buscar/backend-developer
2026-05-08 16:57:27 | INFO | Ofertas extraídas de Magneto: 4
2026-05-08 16:57:27 | INFO | Buscando en Magneto: https://www.magneto365.com/co/trabajos/buscar/react-developer
2026-05-08 16:57:28 | INFO | Ofertas extraídas de Magneto: 6
2026-05-08 16:57:28 | INFO | Buscando en Magneto: https://www.magneto365.com/co/trabajos/buscar/react-native
2026-05-08 16:57:29 | INFO | Ofertas extraídas de Magneto: 3
2026-05-08 16:57:29 | INFO | Buscando en Magneto: https://www.magneto365.com/co/trabajos/buscar/node-js-developer
2026-05-08 16:57:50 | INFO | No se encontraron resultados visibles en la búsqueda actual.
2026-05-08 16:57:50 | INFO | Ofertas extraídas de Magneto: 0
2026-05-08 16:57:50 | INFO | Busqueda por URL sin resultados. Usando pagina de ciudad para: Node.js Developer
2026-05-08 16:57:51 | INFO | Ofertas extraídas de Magneto: 0
2026-05-08 16:57:51 | INFO | Buscando en Magneto: https://www.magneto365.com/co/trabajos/buscar/javascript-developer
2026-05-08 16:57:52 | INFO | Ofertas extraídas de Magneto: 6
2026-05-08 16:57:52 | INFO | Buscando en Magneto: https://www.magneto365.com/co/trabajos/buscar/typescript-developer
2026-05-08 16:58:13 | INFO | No se encontraron resultados visibles en la búsqueda actual.
2026-05-08 16:58:13 | INFO | Ofertas extraídas de Magneto: 0
2026-05-08 16:58:13 | INFO | Busqueda por URL sin resultados. Usando pagina de ciudad para: TypeScript Developer
2026-05-08 16:58:14 | INFO | Ofertas extraídas de Magneto: 0
2026-05-08 16:58:14 | INFO | Buscando en Magneto: https://www.magneto365.com/co/trabajos/buscar/software-engineer
2026-05-08 16:58:15 | INFO | Ofertas extraídas de Magneto: 6
2026-05-08 16:58:15 | INFO | Buscando en Magneto: https://www.magneto365.com/co/trabajos/buscar/desarrollador-fullstack
2026-05-08 16:58:16 | INFO | Ofertas extraídas de Magneto: 12
2026-05-08 16:58:16 | INFO | Buscando en Magneto: https://www.magneto365.com/co/trabajos/buscar/desarrollador-frontend
2026-05-08 16:58:17 | INFO | Ofertas extraídas de Magneto: 5
2026-05-08 16:58:17 | INFO | Buscando en Magneto: https://www.magneto365.com/co/trabajos/buscar/desarrollador-backend
2026-05-08 16:58:18 | INFO | Ofertas extraídas de Magneto: 10
2026-05-08 16:58:18 | INFO | Buscando en Magneto: https://www.magneto365.com/co/trabajos/buscar/desarrollador-react
2026-05-08 16:58:19 | INFO | Ofertas extraídas de Magneto: 13
2026-05-08 16:58:19 | INFO | Buscando en Magneto: https://www.magneto365.com/co/trabajos/buscar/desarrollador-javascript
2026-05-08 16:58:20 | INFO | Ofertas extraídas de Magneto: 11
2026-05-08 16:58:20 | INFO | Buscando en Magneto: https://www.magneto365.com/co/trabajos/buscar/desarrollador-typescript
2026-05-08 16:58:21 | INFO | Ofertas extraídas de Magneto: 1
2026-05-08 16:58:21 | INFO | Buscando en Magneto: https://www.magneto365.com/co/trabajos/buscar/desarrollador-node
2026-05-08 16:58:22 | INFO | Ofertas extraídas de Magneto: 2
2026-05-08 16:58:22 | INFO | Buscando en Magneto: https://www.magneto365.com/co/trabajos/buscar/ingeniero-software
2026-05-08 16:58:23 | INFO | Ofertas extraídas de Magneto: 17
2026-05-08 16:58:23 | INFO | Buscando en Magneto: https://www.magneto365.com/co/trabajos/buscar/analista-desarrollo
2026-05-08 16:58:25 | INFO | Ofertas extraídas de Magneto: 12
2026-05-08 16:58:25 | INFO | Buscando en Magneto: https://www.magneto365.com/co/trabajos/buscar/desarrollador-software
2026-05-08 16:58:26 | INFO | Ofertas extraídas de Magneto: 19
2026-05-08 16:58:26 | INFO | Buscando en Magneto: https://www.magneto365.com/co/trabajos/buscar/programador
2026-05-08 16:58:28 | INFO | Ofertas extraídas de Magneto: 17
2026-05-08 16:58:28 | INFO | Oferta duplicada omitida: https://www.magneto365.com/co/empleos/full-stack-developer-1626494698-9-912135
2026-05-08 16:58:28 | INFO | Oferta duplicada omitida: https://www.magneto365.com/co/empleos/desarrollador-ti-911545
2026-05-08 16:58:28 | INFO | Oferta duplicada omitida: https://www.magneto365.com/co/empleos/desarrollador-full-stack-895702
2026-05-08 16:58:28 | INFO | Oferta duplicada omitida: https://www.magneto365.com/co/empleos/desarrollador-full-896787
2026-05-08 16:58:28 | INFO | Oferta duplicada omitida: https://www.magneto365.com/co/empleos/desarrollador-fullstack-javascriptnode-js-colombia-906260
2026-05-08 16:58:28 | INFO | Oferta duplicada omitida: https://www.magneto365.com/co/empleos/desarrollador-de-software-con-enfoque-en-inteligencia-artificial-899657
2026-05-08 16:58:28 | INFO | Oferta duplicada omitida: https://www.magneto365.com/co/empleos/desarrollador-de-software-ia-javascript-react-bucaramanga-913803
2026-05-08 16:58:28 | INFO | Oferta duplicada omitida: https://www.magneto365.com/co/empleos/desarrollador-python-bogota-909596
2026-05-08 16:58:28 | INFO | Oferta duplicada omitida: https://www.magneto365.com/co/empleos/desarrolladora-fullstack-896069
2026-05-08 16:58:28 | INFO | Oferta duplicada omitida: https://www.magneto365.com/co/empleos/desarrollador-fullstack-884799
2026-05-08 16:58:28 | INFO | Oferta duplicada omitida: https://www.magneto365.com/co/empleos/ingeniero-fullstack-senior-net-flutter-angular-teletrabajo-en-colombia-882683
2026-05-08 16:58:28 | INFO | Oferta duplicada omitida: https://www.magneto365.com/co/empleos/desarrollador-fullstack-senior-net-react-teletrabajo-colombia-889531
2026-05-08 16:58:28 | INFO | Oferta duplicada omitida: https://www.magneto365.com/co/empleos/desarrollador-fullstack-medellin-846369
2026-05-08 16:58:28 | INFO | Oferta duplicada omitida: https://www.magneto365.com/co/empleos/desarrollador-backend-senior-python-897964
2026-05-08 16:58:28 | INFO | Oferta duplicada omitida: https://www.magneto365.com/co/empleos/desarrollador-a-mobile-react-native-bogota-913246
2026-05-08 16:58:28 | INFO | Oferta duplicada omitida: https://www.magneto365.com/co/empleos/analista-tecnico-senior-bilingue-b2c1-java-react-react-native-remoto-bogota-887625
2026-05-08 16:58:28 | INFO | Oferta duplicada omitida: https://www.magneto365.com/co/empleos/desarrollador-senior-full-stack-bilingue-java-react-remoto-bogota-892791
2026-05-08 16:58:28 | INFO | Oferta duplicada omitida: https://www.magneto365.com/co/empleos/desarrollador-de-software-909610
2026-05-08 16:58:28 | INFO | Oferta duplicada omitida: https://www.magneto365.com/co/empleos/senior-data-engineer-1626494698-8-892405
2026-05-08 16:58:28 | INFO | Oferta duplicada omitida: https://www.magneto365.com/co/empleos/ingeniero-devops-mid-junior-899771
2026-05-08 16:58:28 | INFO | Oferta duplicada omitida: https://www.magneto365.com/co/empleos/analista-qa-882273
2026-05-08 16:58:28 | INFO | Oferta duplicada omitida: https://www.magneto365.com/co/empleos/desarrollador-fullstack-senior-hibrido-en-cali-895467
2026-05-08 16:58:28 | INFO | Oferta duplicada omitida: https://www.magneto365.com/co/empleos/desarrollador-fullstack-en-hidrocarburos-python-java-891227
2026-05-08 16:58:28 | INFO | Oferta duplicada omitida: https://www.magneto365.com/co/empleos/desarrollador-fullstack-senior-hibrido-en-cali-848809
2026-05-08 16:58:28 | INFO | Oferta duplicada omitida: https://www.magneto365.com/co/empleos/desarrollador-fullstack-senior-829393
2026-05-08 16:58:28 | INFO | Oferta duplicada omitida: https://www.magneto365.com/co/empleos/desarrollador-php-freelance-884817
2026-05-08 16:58:28 | INFO | Oferta duplicada omitida: https://www.magneto365.com/co/empleos/desarrollador-a-de-software-891058
2026-05-08 16:58:28 | INFO | Oferta duplicada omitida: https://www.magneto365.com/co/empleos/desarrollador-frontend-y-gestion-de-contenido-medellin-884727
2026-05-08 16:58:28 | INFO | Oferta duplicada omitida: https://www.magneto365.com/co/empleos/desarrollador-frontend-webmaster-847312
2026-05-08 16:58:28 | INFO | Oferta duplicada omitida: https://www.magneto365.com/co/empleos/senior-frontend-engineer-907809
2026-05-08 16:58:28 | INFO | Oferta duplicada omitida: https://www.magneto365.com/co/empleos/desarrollador-front-end-ecommerce-897233
2026-05-08 16:58:28 | INFO | Oferta duplicada omitida: https://www.magneto365.com/co/empleos/desarrollador-backend-912569
2026-05-08 16:58:28 | INFO | Oferta duplicada omitida: https://www.magneto365.com/co/empleos/desarrollador-backend-oracle-plsql-hxgn-eam-galapa-907640
2026-05-08 16:58:28 | INFO | Oferta duplicada omitida: https://www.magneto365.com/co/empleos/desarrollador-backend-884791
2026-05-08 16:58:28 | INFO | Oferta duplicada omitida: https://www.magneto365.com/co/empleos/desarrollador-senior-java-spring-boot-y-python-remoto-colombia-899477
2026-05-08 16:58:28 | INFO | Oferta duplicada omitida: https://www.magneto365.com/co/empleos/desarrollador-full-stack-895178
2026-05-08 16:58:28 | INFO | Oferta duplicada omitida: https://www.magneto365.com/co/empleos/especialista-i-desarrollador-pco-886336
2026-05-08 16:58:28 | INFO | Oferta duplicada omitida: https://www.magneto365.com/co/empleos/desarrollador-full-stack-python-react-ia-cali-908099
2026-05-08 16:58:28 | INFO | Oferta duplicada omitida: https://www.magneto365.com/co/empleos/desarrollador-senior-full-stack-909405
2026-05-08 16:58:28 | INFO | Oferta duplicada omitida: https://www.magneto365.com/co/empleos/desarrolladorprogramador-bi-financiera-888680
2026-05-08 16:58:28 | INFO | Oferta duplicada omitida: https://www.magneto365.com/co/empleos/desarrollador-especialista-de-software-medellin-843102
2026-05-08 16:58:28 | INFO | Oferta duplicada omitida: https://www.magneto365.com/co/empleos/desarrollador-de-software-835075
2026-05-08 16:58:28 | INFO | Oferta duplicada omitida: https://www.magneto365.com/co/empleos/ingeniero-a-tecnologia-talento-que-transforma-913134
2026-05-08 16:58:28 | INFO | Oferta duplicada omitida: https://www.magneto365.com/co/empleos/tester-qa-pruebas-de-software-hibrido-bogota-908108
2026-05-08 16:58:28 | INFO | Oferta duplicada omitida: https://www.magneto365.com/co/empleos/coordinadora-de-servicios-de-desarrollo-de-software-1626119083-2-900284
2026-05-08 16:58:28 | INFO | Oferta duplicada omitida: https://www.magneto365.com/co/empleos/arquitecto-de-software-899087
2026-05-08 16:58:28 | INFO | Oferta duplicada omitida: https://www.magneto365.com/co/empleos/lider-tecnico-desarrollo-software-java-888526
2026-05-08 16:58:28 | INFO | Oferta duplicada omitida: https://www.magneto365.com/co/empleos/arquitecto-de-software-para-transformacion-digital-en-salud-y-contabilidad-886496
2026-05-08 16:58:28 | INFO | Oferta duplicada omitida: https://www.magneto365.com/co/empleos/arquitecto-de-software-822827
2026-05-08 16:58:28 | INFO | Oferta duplicada omitida: https://www.magneto365.com/co/empleos/practicante-sistemas-de-informacion-base-comercial-895470
2026-05-08 16:58:28 | INFO | Oferta duplicada omitida: https://www.magneto365.com/co/empleos/desarrollador-de-software-lider-microservicios-remoto-894672
2026-05-08 16:58:28 | INFO | Oferta duplicada omitida: https://www.magneto365.com/co/empleos/analista-tecnico-senior-desarrollo-de-software-bilingue-884537
2026-05-08 16:58:28 | INFO | Oferta duplicada omitida: https://www.magneto365.com/co/empleos/practicante-ingenieria-de-sistemas-desarrollo-y-soporte-ti-bogota-901179
2026-05-08 16:58:28 | INFO | Oferta duplicada omitida: https://www.magneto365.com/co/empleos/practicante-profesional-ingenieria-de-sistemas-medellin-899409
2026-05-08 16:58:28 | INFO | Oferta duplicada omitida: https://www.magneto365.com/co/empleos/practicante-chatbot-contratacion-y-colaboradores-whatsapp-895458
2026-05-08 16:58:28 | INFO | Oferta duplicada omitida: https://www.magneto365.com/co/empleos/analista-desarrollo-comercial-ii-bogota-899720
2026-05-08 16:58:28 | INFO | Oferta duplicada omitida: https://www.magneto365.com/co/empleos/analista-de-desarrollo-de-software-net-angular-sql-server-colombia-914543
2026-05-08 16:58:28 | INFO | Oferta duplicada omitida: https://www.magneto365.com/co/empleos/analista-de-ingenieria-desarrollo-de-producto-industrial-914466
2026-05-08 16:58:28 | INFO | Oferta duplicada omitida: https://www.magneto365.com/co/empleos/analista-de-desarrollo-logistico-908067
2026-05-08 16:58:28 | INFO | Oferta duplicada omitida: https://www.magneto365.com/co/empleos/analista-de-desarrollo-de-productos-industria-colombia-906038
2026-05-08 16:58:28 | INFO | Oferta duplicada omitida: https://www.magneto365.com/co/empleos/analista-de-formacion-y-desarrollo-de-talento-905159
2026-05-08 16:58:28 | INFO | Oferta duplicada omitida: https://www.magneto365.com/co/empleos/analista-de-cultura-y-desarrollo-temporal-por-licencia-de-maternidad-901840
2026-05-08 16:58:28 | INFO | Oferta duplicada omitida: https://www.magneto365.com/co/empleos/analista-de-automatizacion-y-desarrollo-termino-fijo-900710
2026-05-08 16:58:28 | INFO | Oferta duplicada omitida: https://www.magneto365.com/co/empleos/analista-de-desarrollo-de-software-1626071855-68-897977
2026-05-08 16:58:28 | INFO | Oferta duplicada omitida: https://www.magneto365.com/co/empleos/analista-de-desarrollo-humano-897395
2026-05-08 16:58:28 | INFO | Oferta duplicada omitida: https://www.magneto365.com/co/empleos/analista-de-atraccion-cultura-y-desarrollo-1626073720-39-887030
2026-05-08 16:58:28 | INFO | Oferta duplicada omitida: https://www.magneto365.com/co/empleos/desarrolladora-de-software-1626142096-3-908837
2026-05-08 16:58:28 | INFO | Oferta duplicada omitida: https://www.magneto365.com/co/empleos/ceid-desarrolladora-de-software-senior-rpa-905848
2026-05-08 16:58:28 | INFO | Oferta duplicada omitida: https://www.magneto365.com/co/empleos/desarrolladora-de-software-qa-1626436242-51-906064
2026-05-08 16:58:28 | INFO | Oferta duplicada omitida: https://www.magneto365.com/co/empleos/ceid-desarrollador-de-software-semisenior-1626492604-5-891596
2026-05-08 16:58:28 | INFO | Oferta duplicada omitida: https://www.magneto365.com/co/empleos/desarrollador-de-negocios-bogota-910216
2026-05-08 16:58:28 | INFO | Oferta duplicada omitida: https://www.magneto365.com/co/empleos/desarrollador-mid-level-sprint-contributor-902838
2026-05-08 16:58:28 | INFO | Oferta duplicada omitida: https://www.magneto365.com/co/empleos/desarrolladora-fronted-1626040293-334-896881
2026-05-08 16:58:28 | INFO | Oferta duplicada omitida: https://www.magneto365.com/co/empleos/programador-de-publicidad-digital-893246
2026-05-08 16:58:28 | INFO | Oferta duplicada omitida: https://www.magneto365.com/co/empleos/programador-tornero-cnc-puente-aranda-891925
2026-05-08 16:58:28 | INFO | Oferta duplicada omitida: https://www.magneto365.com/co/empleos/programador-de-flota-33303-886852
2026-05-08 16:58:28 | INFO | Oferta duplicada omitida: https://www.magneto365.com/co/empleos/instrumentador-quirurgico-888639
2026-05-08 16:58:28 | INFO | Oferta duplicada omitida: https://www.magneto365.com/co/empleos/analista-de-programacion-de-turnos-en-empresas-de-seguridad-881373
2026-05-08 16:58:28 | INFO | Oferta duplicada omitida: https://www.magneto365.com/co/empleos/integracion-automatizacion-control-ensamble-832860
2026-05-08 16:58:28 | INFO | Oferta duplicada omitida: https://www.magneto365.com/co/empleos/lider-de-planeacion-y-programacion-de-produccion-colombia-894342
2026-05-08 16:58:28 | INFO | Resumen ciclo | revisadas=80 | aplicadas=0 | errores=0 | omitidas=80
2026-05-08 16:58:28 | INFO | Esperando 180 segundos para el siguiente ciclo...
2026-05-08 17:01:28 | INFO | --------------------------------------------------------------------------------
2026-05-08 17:01:28 | INFO | Iniciando ciclo #13
2026-05-08 17:01:28 | INFO | Buscando en Magneto: https://www.magneto365.com/co/trabajos/buscar/full-stack-developer
2026-05-08 17:01:29 | INFO | Ofertas extraídas de Magneto: 8
2026-05-08 17:01:29 | INFO | Buscando en Magneto: https://www.magneto365.com/co/trabajos/buscar/fullstack-developer
2026-05-08 17:01:30 | INFO | Ofertas extraídas de Magneto: 6
2026-05-08 17:01:30 | INFO | Buscando en Magneto: https://www.magneto365.com/co/trabajos/buscar/frontend-developer
2026-05-08 17:01:31 | INFO | Ofertas extraídas de Magneto: 1
2026-05-08 17:01:31 | INFO | Buscando en Magneto: https://www.magneto365.com/co/trabajos/buscar/backend-developer
2026-05-08 17:01:33 | INFO | Ofertas extraídas de Magneto: 4
2026-05-08 17:01:33 | INFO | Buscando en Magneto: https://www.magneto365.com/co/trabajos/buscar/react-developer
2026-05-08 17:01:34 | INFO | Ofertas extraídas de Magneto: 6
2026-05-08 17:01:34 | INFO | Buscando en Magneto: https://www.magneto365.com/co/trabajos/buscar/react-native
2026-05-08 17:01:35 | INFO | Ofertas extraídas de Magneto: 3
2026-05-08 17:01:35 | INFO | Buscando en Magneto: https://www.magneto365.com/co/trabajos/buscar/node-js-developer
2026-05-08 17:01:55 | INFO | No se encontraron resultados visibles en la búsqueda actual.
2026-05-08 17:01:55 | INFO | Ofertas extraídas de Magneto: 0
2026-05-08 17:01:55 | INFO | Busqueda por URL sin resultados. Usando pagina de ciudad para: Node.js Developer
2026-05-08 17:01:57 | INFO | Ofertas extraídas de Magneto: 0
2026-05-08 17:01:57 | INFO | Buscando en Magneto: https://www.magneto365.com/co/trabajos/buscar/javascript-developer
2026-05-08 17:01:58 | INFO | Ofertas extraídas de Magneto: 6
2026-05-08 17:01:58 | INFO | Buscando en Magneto: https://www.magneto365.com/co/trabajos/buscar/typescript-developer
2026-05-08 17:02:19 | INFO | No se encontraron resultados visibles en la búsqueda actual.
2026-05-08 17:02:19 | INFO | Ofertas extraídas de Magneto: 0
2026-05-08 17:02:19 | INFO | Busqueda por URL sin resultados. Usando pagina de ciudad para: TypeScript Developer
2026-05-08 17:02:21 | INFO | Ofertas extraídas de Magneto: 0
2026-05-08 17:02:21 | INFO | Buscando en Magneto: https://www.magneto365.com/co/trabajos/buscar/software-engineer
2026-05-08 17:02:22 | INFO | Ofertas extraídas de Magneto: 6
2026-05-08 17:02:22 | INFO | Buscando en Magneto: https://www.magneto365.com/co/trabajos/buscar/desarrollador-fullstack
2026-05-08 17:02:23 | INFO | Ofertas extraídas de Magneto: 12
2026-05-08 17:02:23 | INFO | Buscando en Magneto: https://www.magneto365.com/co/trabajos/buscar/desarrollador-frontend
2026-05-08 17:02:24 | INFO | Ofertas extraídas de Magneto: 5
2026-05-08 17:02:24 | INFO | Buscando en Magneto: https://www.magneto365.com/co/trabajos/buscar/desarrollador-backend
2026-05-08 17:02:25 | INFO | Ofertas extraídas de Magneto: 10
2026-05-08 17:02:25 | INFO | Buscando en Magneto: https://www.magneto365.com/co/trabajos/buscar/desarrollador-react
2026-05-08 17:02:27 | INFO | Ofertas extraídas de Magneto: 13
2026-05-08 17:02:27 | INFO | Buscando en Magneto: https://www.magneto365.com/co/trabajos/buscar/desarrollador-javascript
2026-05-08 17:02:28 | INFO | Ofertas extraídas de Magneto: 11
2026-05-08 17:02:28 | INFO | Buscando en Magneto: https://www.magneto365.com/co/trabajos/buscar/desarrollador-typescript
2026-05-08 17:02:29 | INFO | Ofertas extraídas de Magneto: 1
2026-05-08 17:02:29 | INFO | Buscando en Magneto: https://www.magneto365.com/co/trabajos/buscar/desarrollador-node
2026-05-08 17:02:30 | INFO | Ofertas extraídas de Magneto: 2
2026-05-08 17:02:30 | INFO | Buscando en Magneto: https://www.magneto365.com/co/trabajos/buscar/ingeniero-software
2026-05-08 17:02:31 | INFO | Ofertas extraídas de Magneto: 17
2026-05-08 17:02:31 | INFO | Buscando en Magneto: https://www.magneto365.com/co/trabajos/buscar/analista-desarrollo
2026-05-08 17:02:32 | INFO | Ofertas extraídas de Magneto: 12
2026-05-08 17:02:32 | INFO | Buscando en Magneto: https://www.magneto365.com/co/trabajos/buscar/desarrollador-software
2026-05-08 17:02:33 | INFO | Ofertas extraídas de Magneto: 19
2026-05-08 17:02:33 | INFO | Buscando en Magneto: https://www.magneto365.com/co/trabajos/buscar/programador
2026-05-08 17:02:35 | INFO | Ofertas extraídas de Magneto: 17
2026-05-08 17:02:35 | INFO | Oferta duplicada omitida: https://www.magneto365.com/co/empleos/full-stack-developer-1626494698-9-912135
2026-05-08 17:02:35 | INFO | Oferta duplicada omitida: https://www.magneto365.com/co/empleos/desarrollador-ti-911545
2026-05-08 17:02:35 | INFO | Oferta duplicada omitida: https://www.magneto365.com/co/empleos/desarrollador-full-stack-895702
2026-05-08 17:02:35 | INFO | Oferta duplicada omitida: https://www.magneto365.com/co/empleos/desarrollador-full-896787
2026-05-08 17:02:35 | INFO | Oferta duplicada omitida: https://www.magneto365.com/co/empleos/desarrollador-fullstack-javascriptnode-js-colombia-906260
2026-05-08 17:02:35 | INFO | Oferta duplicada omitida: https://www.magneto365.com/co/empleos/desarrollador-de-software-con-enfoque-en-inteligencia-artificial-899657
2026-05-08 17:02:35 | INFO | Oferta duplicada omitida: https://www.magneto365.com/co/empleos/desarrollador-de-software-ia-javascript-react-bucaramanga-913803
2026-05-08 17:02:35 | INFO | Oferta duplicada omitida: https://www.magneto365.com/co/empleos/desarrollador-python-bogota-909596
2026-05-08 17:02:35 | INFO | Oferta duplicada omitida: https://www.magneto365.com/co/empleos/desarrolladora-fullstack-896069
2026-05-08 17:02:35 | INFO | Oferta duplicada omitida: https://www.magneto365.com/co/empleos/desarrollador-fullstack-884799
2026-05-08 17:02:35 | INFO | Oferta duplicada omitida: https://www.magneto365.com/co/empleos/ingeniero-fullstack-senior-net-flutter-angular-teletrabajo-en-colombia-882683
2026-05-08 17:02:35 | INFO | Oferta duplicada omitida: https://www.magneto365.com/co/empleos/desarrollador-fullstack-senior-net-react-teletrabajo-colombia-889531
2026-05-08 17:02:35 | INFO | Oferta duplicada omitida: https://www.magneto365.com/co/empleos/desarrollador-fullstack-medellin-846369
2026-05-08 17:02:35 | INFO | Oferta duplicada omitida: https://www.magneto365.com/co/empleos/desarrollador-backend-senior-python-897964
2026-05-08 17:02:35 | INFO | Oferta duplicada omitida: https://www.magneto365.com/co/empleos/desarrollador-a-mobile-react-native-bogota-913246
2026-05-08 17:02:35 | INFO | Oferta duplicada omitida: https://www.magneto365.com/co/empleos/analista-tecnico-senior-bilingue-b2c1-java-react-react-native-remoto-bogota-887625
2026-05-08 17:02:35 | INFO | Oferta duplicada omitida: https://www.magneto365.com/co/empleos/desarrollador-senior-full-stack-bilingue-java-react-remoto-bogota-892791
2026-05-08 17:02:35 | INFO | Oferta duplicada omitida: https://www.magneto365.com/co/empleos/desarrollador-de-software-909610
2026-05-08 17:02:35 | INFO | Oferta duplicada omitida: https://www.magneto365.com/co/empleos/senior-data-engineer-1626494698-8-892405
2026-05-08 17:02:35 | INFO | Oferta duplicada omitida: https://www.magneto365.com/co/empleos/ingeniero-devops-mid-junior-899771
2026-05-08 17:02:35 | INFO | Oferta duplicada omitida: https://www.magneto365.com/co/empleos/analista-qa-882273
2026-05-08 17:02:35 | INFO | Oferta duplicada omitida: https://www.magneto365.com/co/empleos/desarrollador-fullstack-senior-hibrido-en-cali-895467
2026-05-08 17:02:35 | INFO | Oferta duplicada omitida: https://www.magneto365.com/co/empleos/desarrollador-fullstack-en-hidrocarburos-python-java-891227
2026-05-08 17:02:35 | INFO | Oferta duplicada omitida: https://www.magneto365.com/co/empleos/desarrollador-fullstack-senior-hibrido-en-cali-848809
2026-05-08 17:02:35 | INFO | Oferta duplicada omitida: https://www.magneto365.com/co/empleos/desarrollador-fullstack-senior-829393
2026-05-08 17:02:35 | INFO | Oferta duplicada omitida: https://www.magneto365.com/co/empleos/desarrollador-php-freelance-884817
2026-05-08 17:02:35 | INFO | Oferta duplicada omitida: https://www.magneto365.com/co/empleos/desarrollador-a-de-software-891058
2026-05-08 17:02:35 | INFO | Oferta duplicada omitida: https://www.magneto365.com/co/empleos/desarrollador-frontend-y-gestion-de-contenido-medellin-884727
2026-05-08 17:02:35 | INFO | Oferta duplicada omitida: https://www.magneto365.com/co/empleos/desarrollador-frontend-webmaster-847312
2026-05-08 17:02:35 | INFO | Oferta duplicada omitida: https://www.magneto365.com/co/empleos/senior-frontend-engineer-907809
2026-05-08 17:02:35 | INFO | Oferta duplicada omitida: https://www.magneto365.com/co/empleos/desarrollador-front-end-ecommerce-897233
2026-05-08 17:02:35 | INFO | Oferta duplicada omitida: https://www.magneto365.com/co/empleos/desarrollador-backend-912569
2026-05-08 17:02:35 | INFO | Oferta duplicada omitida: https://www.magneto365.com/co/empleos/desarrollador-backend-oracle-plsql-hxgn-eam-galapa-907640
2026-05-08 17:02:35 | INFO | Oferta duplicada omitida: https://www.magneto365.com/co/empleos/desarrollador-backend-884791
2026-05-08 17:02:35 | INFO | Oferta duplicada omitida: https://www.magneto365.com/co/empleos/desarrollador-senior-java-spring-boot-y-python-remoto-colombia-899477
2026-05-08 17:02:35 | INFO | Oferta duplicada omitida: https://www.magneto365.com/co/empleos/desarrollador-full-stack-895178
2026-05-08 17:02:35 | INFO | Oferta duplicada omitida: https://www.magneto365.com/co/empleos/especialista-i-desarrollador-pco-886336
2026-05-08 17:02:35 | INFO | Oferta duplicada omitida: https://www.magneto365.com/co/empleos/desarrollador-full-stack-python-react-ia-cali-908099
2026-05-08 17:02:35 | INFO | Oferta duplicada omitida: https://www.magneto365.com/co/empleos/desarrollador-senior-full-stack-909405
2026-05-08 17:02:35 | INFO | Oferta duplicada omitida: https://www.magneto365.com/co/empleos/desarrolladorprogramador-bi-financiera-888680
2026-05-08 17:02:35 | INFO | Oferta duplicada omitida: https://www.magneto365.com/co/empleos/desarrollador-especialista-de-software-medellin-843102
2026-05-08 17:02:35 | INFO | Oferta duplicada omitida: https://www.magneto365.com/co/empleos/desarrollador-de-software-835075
2026-05-08 17:02:35 | INFO | Oferta duplicada omitida: https://www.magneto365.com/co/empleos/ingeniero-a-tecnologia-talento-que-transforma-913134
2026-05-08 17:02:35 | INFO | Oferta duplicada omitida: https://www.magneto365.com/co/empleos/tester-qa-pruebas-de-software-hibrido-bogota-908108
2026-05-08 17:02:35 | INFO | Oferta duplicada omitida: https://www.magneto365.com/co/empleos/coordinadora-de-servicios-de-desarrollo-de-software-1626119083-2-900284
2026-05-08 17:02:35 | INFO | Oferta duplicada omitida: https://www.magneto365.com/co/empleos/arquitecto-de-software-899087
2026-05-08 17:02:35 | INFO | Oferta duplicada omitida: https://www.magneto365.com/co/empleos/lider-tecnico-desarrollo-software-java-888526
2026-05-08 17:02:35 | INFO | Oferta duplicada omitida: https://www.magneto365.com/co/empleos/arquitecto-de-software-para-transformacion-digital-en-salud-y-contabilidad-886496
2026-05-08 17:02:35 | INFO | Oferta duplicada omitida: https://www.magneto365.com/co/empleos/arquitecto-de-software-822827
2026-05-08 17:02:35 | INFO | Oferta duplicada omitida: https://www.magneto365.com/co/empleos/practicante-sistemas-de-informacion-base-comercial-895470
2026-05-08 17:02:35 | INFO | Oferta duplicada omitida: https://www.magneto365.com/co/empleos/desarrollador-de-software-lider-microservicios-remoto-894672
2026-05-08 17:02:35 | INFO | Oferta duplicada omitida: https://www.magneto365.com/co/empleos/analista-tecnico-senior-desarrollo-de-software-bilingue-884537
2026-05-08 17:02:35 | INFO | Oferta duplicada omitida: https://www.magneto365.com/co/empleos/practicante-ingenieria-de-sistemas-desarrollo-y-soporte-ti-bogota-901179
2026-05-08 17:02:35 | INFO | Oferta duplicada omitida: https://www.magneto365.com/co/empleos/practicante-profesional-ingenieria-de-sistemas-medellin-899409
2026-05-08 17:02:35 | INFO | Oferta duplicada omitida: https://www.magneto365.com/co/empleos/practicante-chatbot-contratacion-y-colaboradores-whatsapp-895458
2026-05-08 17:02:35 | INFO | Oferta duplicada omitida: https://www.magneto365.com/co/empleos/analista-desarrollo-comercial-ii-bogota-899720
2026-05-08 17:02:35 | INFO | Oferta duplicada omitida: https://www.magneto365.com/co/empleos/analista-de-desarrollo-de-software-net-angular-sql-server-colombia-914543
2026-05-08 17:02:35 | INFO | Oferta duplicada omitida: https://www.magneto365.com/co/empleos/analista-de-ingenieria-desarrollo-de-producto-industrial-914466
2026-05-08 17:02:35 | INFO | Oferta duplicada omitida: https://www.magneto365.com/co/empleos/analista-de-desarrollo-logistico-908067
2026-05-08 17:02:35 | INFO | Oferta duplicada omitida: https://www.magneto365.com/co/empleos/analista-de-desarrollo-de-productos-industria-colombia-906038
2026-05-08 17:02:35 | INFO | Oferta duplicada omitida: https://www.magneto365.com/co/empleos/analista-de-formacion-y-desarrollo-de-talento-905159
2026-05-08 17:02:35 | INFO | Oferta duplicada omitida: https://www.magneto365.com/co/empleos/analista-de-cultura-y-desarrollo-temporal-por-licencia-de-maternidad-901840
2026-05-08 17:02:35 | INFO | Oferta duplicada omitida: https://www.magneto365.com/co/empleos/analista-de-automatizacion-y-desarrollo-termino-fijo-900710
2026-05-08 17:02:35 | INFO | Oferta duplicada omitida: https://www.magneto365.com/co/empleos/analista-de-desarrollo-de-software-1626071855-68-897977
2026-05-08 17:02:35 | INFO | Oferta duplicada omitida: https://www.magneto365.com/co/empleos/analista-de-desarrollo-humano-897395
2026-05-08 17:02:35 | INFO | Oferta duplicada omitida: https://www.magneto365.com/co/empleos/analista-de-atraccion-cultura-y-desarrollo-1626073720-39-887030
2026-05-08 17:02:35 | INFO | Oferta duplicada omitida: https://www.magneto365.com/co/empleos/desarrolladora-de-software-1626142096-3-908837
2026-05-08 17:02:35 | INFO | Oferta duplicada omitida: https://www.magneto365.com/co/empleos/ceid-desarrolladora-de-software-senior-rpa-905848
2026-05-08 17:02:35 | INFO | Oferta duplicada omitida: https://www.magneto365.com/co/empleos/desarrolladora-de-software-qa-1626436242-51-906064
2026-05-08 17:02:35 | INFO | Oferta duplicada omitida: https://www.magneto365.com/co/empleos/ceid-desarrollador-de-software-semisenior-1626492604-5-891596
2026-05-08 17:02:35 | INFO | Oferta duplicada omitida: https://www.magneto365.com/co/empleos/desarrollador-de-negocios-bogota-910216
2026-05-08 17:02:35 | INFO | Oferta duplicada omitida: https://www.magneto365.com/co/empleos/desarrollador-mid-level-sprint-contributor-902838
2026-05-08 17:02:35 | INFO | Oferta duplicada omitida: https://www.magneto365.com/co/empleos/desarrolladora-fronted-1626040293-334-896881
2026-05-08 17:02:35 | INFO | Oferta duplicada omitida: https://www.magneto365.com/co/empleos/programador-de-publicidad-digital-893246
2026-05-08 17:02:35 | INFO | Oferta duplicada omitida: https://www.magneto365.com/co/empleos/programador-tornero-cnc-puente-aranda-891925
2026-05-08 17:02:35 | INFO | Oferta duplicada omitida: https://www.magneto365.com/co/empleos/programador-de-flota-33303-886852
2026-05-08 17:02:35 | INFO | Oferta duplicada omitida: https://www.magneto365.com/co/empleos/instrumentador-quirurgico-888639
2026-05-08 17:02:35 | INFO | Oferta duplicada omitida: https://www.magneto365.com/co/empleos/analista-de-programacion-de-turnos-en-empresas-de-seguridad-881373
2026-05-08 17:02:35 | INFO | Oferta duplicada omitida: https://www.magneto365.com/co/empleos/integracion-automatizacion-control-ensamble-832860
2026-05-08 17:02:35 | INFO | Oferta duplicada omitida: https://www.magneto365.com/co/empleos/lider-de-planeacion-y-programacion-de-produccion-colombia-894342
2026-05-08 17:02:35 | INFO | Resumen ciclo | revisadas=80 | aplicadas=0 | errores=0 | omitidas=80
2026-05-08 17:02:35 | INFO | Esperando 180 segundos para el siguiente ciclo...
2026-05-08 17:05:35 | INFO | --------------------------------------------------------------------------------
2026-05-08 17:05:35 | INFO | Iniciando ciclo #14
2026-05-08 17:05:35 | INFO | Buscando en Magneto: https://www.magneto365.com/co/trabajos/buscar/full-stack-developer
2026-05-08 17:05:36 | INFO | Ofertas extraídas de Magneto: 8
2026-05-08 17:05:36 | INFO | Buscando en Magneto: https://www.magneto365.com/co/trabajos/buscar/fullstack-developer
2026-05-08 17:05:37 | INFO | Ofertas extraídas de Magneto: 6
2026-05-08 17:05:37 | INFO | Buscando en Magneto: https://www.magneto365.com/co/trabajos/buscar/frontend-developer
2026-05-08 17:05:38 | INFO | Ofertas extraídas de Magneto: 1
2026-05-08 17:05:38 | INFO | Buscando en Magneto: https://www.magneto365.com/co/trabajos/buscar/backend-developer
2026-05-08 17:05:39 | INFO | Ofertas extraídas de Magneto: 4
2026-05-08 17:05:39 | INFO | Buscando en Magneto: https://www.magneto365.com/co/trabajos/buscar/react-developer
2026-05-08 17:05:40 | INFO | Ofertas extraídas de Magneto: 6
2026-05-08 17:05:40 | INFO | Buscando en Magneto: https://www.magneto365.com/co/trabajos/buscar/react-native
2026-05-08 17:05:41 | INFO | Ofertas extraídas de Magneto: 3
2026-05-08 17:05:41 | INFO | Buscando en Magneto: https://www.magneto365.com/co/trabajos/buscar/node-js-developer
2026-05-08 17:06:02 | INFO | No se encontraron resultados visibles en la búsqueda actual.
2026-05-08 17:06:02 | INFO | Ofertas extraídas de Magneto: 0
2026-05-08 17:06:02 | INFO | Busqueda por URL sin resultados. Usando pagina de ciudad para: Node.js Developer
2026-05-08 17:06:03 | INFO | Ofertas extraídas de Magneto: 0
2026-05-08 17:06:03 | INFO | Buscando en Magneto: https://www.magneto365.com/co/trabajos/buscar/javascript-developer
2026-05-08 17:06:04 | INFO | Ofertas extraídas de Magneto: 6
2026-05-08 17:06:04 | INFO | Buscando en Magneto: https://www.magneto365.com/co/trabajos/buscar/typescript-developer
2026-05-08 17:06:25 | INFO | No se encontraron resultados visibles en la búsqueda actual.
2026-05-08 17:06:25 | INFO | Ofertas extraídas de Magneto: 0
2026-05-08 17:06:25 | INFO | Busqueda por URL sin resultados. Usando pagina de ciudad para: TypeScript Developer
2026-05-08 17:06:27 | INFO | Ofertas extraídas de Magneto: 0
2026-05-08 17:06:27 | INFO | Buscando en Magneto: https://www.magneto365.com/co/trabajos/buscar/software-engineer
2026-05-08 17:06:28 | INFO | Ofertas extraídas de Magneto: 6
2026-05-08 17:06:28 | INFO | Buscando en Magneto: https://www.magneto365.com/co/trabajos/buscar/desarrollador-fullstack
2026-05-08 17:06:29 | INFO | Ofertas extraídas de Magneto: 12
2026-05-08 17:06:29 | INFO | Buscando en Magneto: https://www.magneto365.com/co/trabajos/buscar/desarrollador-frontend
2026-05-08 17:06:30 | INFO | Ofertas extraídas de Magneto: 5
2026-05-08 17:06:30 | INFO | Buscando en Magneto: https://www.magneto365.com/co/trabajos/buscar/desarrollador-backend
2026-05-08 17:06:31 | INFO | Ofertas extraídas de Magneto: 10
2026-05-08 17:06:31 | INFO | Buscando en Magneto: https://www.magneto365.com/co/trabajos/buscar/desarrollador-react
2026-05-08 17:06:32 | INFO | Ofertas extraídas de Magneto: 13
2026-05-08 17:06:32 | INFO | Buscando en Magneto: https://www.magneto365.com/co/trabajos/buscar/desarrollador-javascript
2026-05-08 17:06:34 | INFO | Ofertas extraídas de Magneto: 11
2026-05-08 17:06:34 | INFO | Buscando en Magneto: https://www.magneto365.com/co/trabajos/buscar/desarrollador-typescript
2026-05-08 17:06:34 | INFO | Ofertas extraídas de Magneto: 1
2026-05-08 17:06:34 | INFO | Buscando en Magneto: https://www.magneto365.com/co/trabajos/buscar/desarrollador-node
2026-05-08 17:06:37 | INFO | Ofertas extraídas de Magneto: 2
2026-05-08 17:06:37 | INFO | Buscando en Magneto: https://www.magneto365.com/co/trabajos/buscar/ingeniero-software
2026-05-08 17:06:38 | INFO | Ofertas extraídas de Magneto: 17
2026-05-08 17:06:38 | INFO | Buscando en Magneto: https://www.magneto365.com/co/trabajos/buscar/analista-desarrollo
2026-05-08 17:06:39 | INFO | Ofertas extraídas de Magneto: 12
2026-05-08 17:06:39 | INFO | Buscando en Magneto: https://www.magneto365.com/co/trabajos/buscar/desarrollador-software
2026-05-08 17:06:41 | INFO | Ofertas extraídas de Magneto: 19
2026-05-08 17:06:41 | INFO | Buscando en Magneto: https://www.magneto365.com/co/trabajos/buscar/programador
2026-05-08 17:06:42 | INFO | Ofertas extraídas de Magneto: 17
2026-05-08 17:06:42 | INFO | Oferta duplicada omitida: https://www.magneto365.com/co/empleos/full-stack-developer-1626494698-9-912135
2026-05-08 17:06:42 | INFO | Oferta duplicada omitida: https://www.magneto365.com/co/empleos/desarrollador-ti-911545
2026-05-08 17:06:42 | INFO | Oferta duplicada omitida: https://www.magneto365.com/co/empleos/desarrollador-full-stack-895702
2026-05-08 17:06:42 | INFO | Oferta duplicada omitida: https://www.magneto365.com/co/empleos/desarrollador-full-896787
2026-05-08 17:06:42 | INFO | Oferta duplicada omitida: https://www.magneto365.com/co/empleos/desarrollador-fullstack-javascriptnode-js-colombia-906260
2026-05-08 17:06:42 | INFO | Oferta duplicada omitida: https://www.magneto365.com/co/empleos/desarrollador-de-software-con-enfoque-en-inteligencia-artificial-899657
2026-05-08 17:06:42 | INFO | Oferta duplicada omitida: https://www.magneto365.com/co/empleos/desarrollador-de-software-ia-javascript-react-bucaramanga-913803
2026-05-08 17:06:42 | INFO | Oferta duplicada omitida: https://www.magneto365.com/co/empleos/desarrollador-python-bogota-909596
2026-05-08 17:06:42 | INFO | Oferta duplicada omitida: https://www.magneto365.com/co/empleos/desarrolladora-fullstack-896069
2026-05-08 17:06:42 | INFO | Oferta duplicada omitida: https://www.magneto365.com/co/empleos/desarrollador-fullstack-884799
2026-05-08 17:06:42 | INFO | Oferta duplicada omitida: https://www.magneto365.com/co/empleos/ingeniero-fullstack-senior-net-flutter-angular-teletrabajo-en-colombia-882683
2026-05-08 17:06:42 | INFO | Oferta duplicada omitida: https://www.magneto365.com/co/empleos/desarrollador-fullstack-senior-net-react-teletrabajo-colombia-889531
2026-05-08 17:06:42 | INFO | Oferta duplicada omitida: https://www.magneto365.com/co/empleos/desarrollador-fullstack-medellin-846369
2026-05-08 17:06:42 | INFO | Oferta duplicada omitida: https://www.magneto365.com/co/empleos/desarrollador-backend-senior-python-897964
2026-05-08 17:06:42 | INFO | Oferta duplicada omitida: https://www.magneto365.com/co/empleos/desarrollador-a-mobile-react-native-bogota-913246
2026-05-08 17:06:42 | INFO | Oferta duplicada omitida: https://www.magneto365.com/co/empleos/analista-tecnico-senior-bilingue-b2c1-java-react-react-native-remoto-bogota-887625
2026-05-08 17:06:42 | INFO | Oferta duplicada omitida: https://www.magneto365.com/co/empleos/desarrollador-senior-full-stack-bilingue-java-react-remoto-bogota-892791
2026-05-08 17:06:42 | INFO | Oferta duplicada omitida: https://www.magneto365.com/co/empleos/desarrollador-de-software-909610
2026-05-08 17:06:42 | INFO | Oferta duplicada omitida: https://www.magneto365.com/co/empleos/senior-data-engineer-1626494698-8-892405
2026-05-08 17:06:42 | INFO | Oferta duplicada omitida: https://www.magneto365.com/co/empleos/ingeniero-devops-mid-junior-899771
2026-05-08 17:06:42 | INFO | Oferta duplicada omitida: https://www.magneto365.com/co/empleos/analista-qa-882273
2026-05-08 17:06:42 | INFO | Oferta duplicada omitida: https://www.magneto365.com/co/empleos/desarrollador-fullstack-senior-hibrido-en-cali-895467
2026-05-08 17:06:42 | INFO | Oferta duplicada omitida: https://www.magneto365.com/co/empleos/desarrollador-fullstack-en-hidrocarburos-python-java-891227
2026-05-08 17:06:42 | INFO | Oferta duplicada omitida: https://www.magneto365.com/co/empleos/desarrollador-fullstack-senior-hibrido-en-cali-848809
2026-05-08 17:06:42 | INFO | Oferta duplicada omitida: https://www.magneto365.com/co/empleos/desarrollador-fullstack-senior-829393
2026-05-08 17:06:42 | INFO | Oferta duplicada omitida: https://www.magneto365.com/co/empleos/desarrollador-php-freelance-884817
2026-05-08 17:06:42 | INFO | Oferta duplicada omitida: https://www.magneto365.com/co/empleos/desarrollador-a-de-software-891058
2026-05-08 17:06:42 | INFO | Oferta duplicada omitida: https://www.magneto365.com/co/empleos/desarrollador-frontend-y-gestion-de-contenido-medellin-884727
2026-05-08 17:06:42 | INFO | Oferta duplicada omitida: https://www.magneto365.com/co/empleos/desarrollador-frontend-webmaster-847312
2026-05-08 17:06:42 | INFO | Oferta duplicada omitida: https://www.magneto365.com/co/empleos/senior-frontend-engineer-907809
2026-05-08 17:06:42 | INFO | Oferta duplicada omitida: https://www.magneto365.com/co/empleos/desarrollador-front-end-ecommerce-897233
2026-05-08 17:06:42 | INFO | Oferta duplicada omitida: https://www.magneto365.com/co/empleos/desarrollador-backend-912569
2026-05-08 17:06:42 | INFO | Oferta duplicada omitida: https://www.magneto365.com/co/empleos/desarrollador-backend-oracle-plsql-hxgn-eam-galapa-907640
2026-05-08 17:06:42 | INFO | Oferta duplicada omitida: https://www.magneto365.com/co/empleos/desarrollador-backend-884791
2026-05-08 17:06:42 | INFO | Oferta duplicada omitida: https://www.magneto365.com/co/empleos/desarrollador-senior-java-spring-boot-y-python-remoto-colombia-899477
2026-05-08 17:06:42 | INFO | Oferta duplicada omitida: https://www.magneto365.com/co/empleos/desarrollador-full-stack-895178
2026-05-08 17:06:42 | INFO | Oferta duplicada omitida: https://www.magneto365.com/co/empleos/especialista-i-desarrollador-pco-886336
2026-05-08 17:06:42 | INFO | Oferta duplicada omitida: https://www.magneto365.com/co/empleos/desarrollador-full-stack-python-react-ia-cali-908099
2026-05-08 17:06:42 | INFO | Oferta duplicada omitida: https://www.magneto365.com/co/empleos/desarrollador-senior-full-stack-909405
2026-05-08 17:06:42 | INFO | Oferta duplicada omitida: https://www.magneto365.com/co/empleos/desarrolladorprogramador-bi-financiera-888680
2026-05-08 17:06:42 | INFO | Oferta duplicada omitida: https://www.magneto365.com/co/empleos/desarrollador-especialista-de-software-medellin-843102
2026-05-08 17:06:42 | INFO | Oferta duplicada omitida: https://www.magneto365.com/co/empleos/desarrollador-de-software-835075
2026-05-08 17:06:42 | INFO | Oferta duplicada omitida: https://www.magneto365.com/co/empleos/ingeniero-a-tecnologia-talento-que-transforma-913134
2026-05-08 17:06:42 | INFO | Oferta duplicada omitida: https://www.magneto365.com/co/empleos/tester-qa-pruebas-de-software-hibrido-bogota-908108
2026-05-08 17:06:42 | INFO | Oferta duplicada omitida: https://www.magneto365.com/co/empleos/coordinadora-de-servicios-de-desarrollo-de-software-1626119083-2-900284
2026-05-08 17:06:42 | INFO | Oferta duplicada omitida: https://www.magneto365.com/co/empleos/arquitecto-de-software-899087
2026-05-08 17:06:42 | INFO | Oferta duplicada omitida: https://www.magneto365.com/co/empleos/lider-tecnico-desarrollo-software-java-888526
2026-05-08 17:06:42 | INFO | Oferta duplicada omitida: https://www.magneto365.com/co/empleos/arquitecto-de-software-para-transformacion-digital-en-salud-y-contabilidad-886496
2026-05-08 17:06:42 | INFO | Oferta duplicada omitida: https://www.magneto365.com/co/empleos/arquitecto-de-software-822827
2026-05-08 17:06:42 | INFO | Oferta duplicada omitida: https://www.magneto365.com/co/empleos/practicante-sistemas-de-informacion-base-comercial-895470
2026-05-08 17:06:42 | INFO | Oferta duplicada omitida: https://www.magneto365.com/co/empleos/desarrollador-de-software-lider-microservicios-remoto-894672
2026-05-08 17:06:42 | INFO | Oferta duplicada omitida: https://www.magneto365.com/co/empleos/analista-tecnico-senior-desarrollo-de-software-bilingue-884537
2026-05-08 17:06:42 | INFO | Oferta duplicada omitida: https://www.magneto365.com/co/empleos/practicante-ingenieria-de-sistemas-desarrollo-y-soporte-ti-bogota-901179
2026-05-08 17:06:42 | INFO | Oferta duplicada omitida: https://www.magneto365.com/co/empleos/practicante-profesional-ingenieria-de-sistemas-medellin-899409
2026-05-08 17:06:42 | INFO | Oferta duplicada omitida: https://www.magneto365.com/co/empleos/practicante-chatbot-contratacion-y-colaboradores-whatsapp-895458
2026-05-08 17:06:42 | INFO | Oferta duplicada omitida: https://www.magneto365.com/co/empleos/analista-desarrollo-comercial-ii-bogota-899720
2026-05-08 17:06:42 | INFO | Oferta duplicada omitida: https://www.magneto365.com/co/empleos/analista-de-desarrollo-de-software-net-angular-sql-server-colombia-914543
2026-05-08 17:06:42 | INFO | Oferta duplicada omitida: https://www.magneto365.com/co/empleos/analista-de-ingenieria-desarrollo-de-producto-industrial-914466
2026-05-08 17:06:42 | INFO | Oferta duplicada omitida: https://www.magneto365.com/co/empleos/analista-de-desarrollo-logistico-908067
2026-05-08 17:06:42 | INFO | Oferta duplicada omitida: https://www.magneto365.com/co/empleos/analista-de-desarrollo-de-productos-industria-colombia-906038
2026-05-08 17:06:42 | INFO | Oferta duplicada omitida: https://www.magneto365.com/co/empleos/analista-de-formacion-y-desarrollo-de-talento-905159
2026-05-08 17:06:42 | INFO | Oferta duplicada omitida: https://www.magneto365.com/co/empleos/analista-de-cultura-y-desarrollo-temporal-por-licencia-de-maternidad-901840
2026-05-08 17:06:42 | INFO | Oferta duplicada omitida: https://www.magneto365.com/co/empleos/analista-de-automatizacion-y-desarrollo-termino-fijo-900710
2026-05-08 17:06:42 | INFO | Oferta duplicada omitida: https://www.magneto365.com/co/empleos/analista-de-desarrollo-de-software-1626071855-68-897977
2026-05-08 17:06:42 | INFO | Oferta duplicada omitida: https://www.magneto365.com/co/empleos/analista-de-desarrollo-humano-897395
2026-05-08 17:06:42 | INFO | Oferta duplicada omitida: https://www.magneto365.com/co/empleos/analista-de-atraccion-cultura-y-desarrollo-1626073720-39-887030
2026-05-08 17:06:42 | INFO | Oferta duplicada omitida: https://www.magneto365.com/co/empleos/desarrolladora-de-software-1626142096-3-908837
2026-05-08 17:06:42 | INFO | Oferta duplicada omitida: https://www.magneto365.com/co/empleos/ceid-desarrolladora-de-software-senior-rpa-905848
2026-05-08 17:06:42 | INFO | Oferta duplicada omitida: https://www.magneto365.com/co/empleos/desarrolladora-de-software-qa-1626436242-51-906064
2026-05-08 17:06:42 | INFO | Oferta duplicada omitida: https://www.magneto365.com/co/empleos/ceid-desarrollador-de-software-semisenior-1626492604-5-891596
2026-05-08 17:06:42 | INFO | Oferta duplicada omitida: https://www.magneto365.com/co/empleos/desarrollador-de-negocios-bogota-910216
2026-05-08 17:06:42 | INFO | Oferta duplicada omitida: https://www.magneto365.com/co/empleos/desarrollador-mid-level-sprint-contributor-902838
2026-05-08 17:06:42 | INFO | Oferta duplicada omitida: https://www.magneto365.com/co/empleos/desarrolladora-fronted-1626040293-334-896881
2026-05-08 17:06:42 | INFO | Oferta duplicada omitida: https://www.magneto365.com/co/empleos/programador-de-publicidad-digital-893246
2026-05-08 17:06:42 | INFO | Oferta duplicada omitida: https://www.magneto365.com/co/empleos/programador-tornero-cnc-puente-aranda-891925
2026-05-08 17:06:42 | INFO | Oferta duplicada omitida: https://www.magneto365.com/co/empleos/programador-de-flota-33303-886852
2026-05-08 17:06:42 | INFO | Oferta duplicada omitida: https://www.magneto365.com/co/empleos/instrumentador-quirurgico-888639
2026-05-08 17:06:42 | INFO | Oferta duplicada omitida: https://www.magneto365.com/co/empleos/analista-de-programacion-de-turnos-en-empresas-de-seguridad-881373
2026-05-08 17:06:42 | INFO | Oferta duplicada omitida: https://www.magneto365.com/co/empleos/integracion-automatizacion-control-ensamble-832860
2026-05-08 17:06:42 | INFO | Oferta duplicada omitida: https://www.magneto365.com/co/empleos/lider-de-planeacion-y-programacion-de-produccion-colombia-894342
2026-05-08 17:06:42 | INFO | Resumen ciclo | revisadas=80 | aplicadas=0 | errores=0 | omitidas=80
2026-05-08 17:06:42 | INFO | Esperando 180 segundos para el siguiente ciclo...
2026-05-08 17:09:42 | INFO | --------------------------------------------------------------------------------
2026-05-08 17:09:42 | INFO | Iniciando ciclo #15
2026-05-08 17:09:42 | INFO | Verificando estado de login (cada 5 ciclos)...
2026-05-08 17:09:43 | INFO | No hay sesion activa en Magneto. Abriendo inicio de sesion.
2026-05-08 17:09:56 | INFO | No se encontro boton de Google. Esperando inicio manual.
2026-05-08 17:09:56 | INFO | Sesion iniciada correctamente.
2026-05-08 17:09:56 | INFO | ✅ Login renovado exitosamente
2026-05-08 17:09:56 | INFO | Buscando en Magneto: https://www.magneto365.com/co/trabajos/buscar/full-stack-developer
2026-05-08 17:09:57 | INFO | Ofertas extraídas de Magneto: 8
2026-05-08 17:09:57 | INFO | Buscando en Magneto: https://www.magneto365.com/co/trabajos/buscar/fullstack-developer
2026-05-08 17:09:58 | INFO | Ofertas extraídas de Magneto: 6
2026-05-08 17:09:58 | INFO | Buscando en Magneto: https://www.magneto365.com/co/trabajos/buscar/frontend-developer
2026-05-08 17:09:59 | INFO | Ofertas extraídas de Magneto: 1
2026-05-08 17:09:59 | INFO | Buscando en Magneto: https://www.magneto365.com/co/trabajos/buscar/backend-developer
2026-05-08 17:10:00 | INFO | Ofertas extraídas de Magneto: 4
2026-05-08 17:10:00 | INFO | Buscando en Magneto: https://www.magneto365.com/co/trabajos/buscar/react-developer
2026-05-08 17:10:01 | INFO | Ofertas extraídas de Magneto: 6
2026-05-08 17:10:01 | INFO | Buscando en Magneto: https://www.magneto365.com/co/trabajos/buscar/react-native
2026-05-08 17:10:02 | INFO | Ofertas extraídas de Magneto: 3
2026-05-08 17:10:02 | INFO | Buscando en Magneto: https://www.magneto365.com/co/trabajos/buscar/node-js-developer
2026-05-08 17:10:23 | INFO | No se encontraron resultados visibles en la búsqueda actual.
2026-05-08 17:10:23 | INFO | Ofertas extraídas de Magneto: 0
2026-05-08 17:10:23 | INFO | Busqueda por URL sin resultados. Usando pagina de ciudad para: Node.js Developer
2026-05-08 17:10:25 | INFO | Ofertas extraídas de Magneto: 0
2026-05-08 17:10:25 | INFO | Buscando en Magneto: https://www.magneto365.com/co/trabajos/buscar/javascript-developer
2026-05-08 17:10:26 | INFO | Ofertas extraídas de Magneto: 6
2026-05-08 17:10:26 | INFO | Buscando en Magneto: https://www.magneto365.com/co/trabajos/buscar/typescript-developer
2026-05-08 17:10:47 | INFO | No se encontraron resultados visibles en la búsqueda actual.
2026-05-08 17:10:47 | INFO | Ofertas extraídas de Magneto: 0
2026-05-08 17:10:47 | INFO | Busqueda por URL sin resultados. Usando pagina de ciudad para: TypeScript Developer
2026-05-08 17:10:48 | INFO | Ofertas extraídas de Magneto: 0
2026-05-08 17:10:48 | INFO | Buscando en Magneto: https://www.magneto365.com/co/trabajos/buscar/software-engineer
2026-05-08 17:10:49 | INFO | Ofertas extraídas de Magneto: 6
2026-05-08 17:10:49 | INFO | Buscando en Magneto: https://www.magneto365.com/co/trabajos/buscar/desarrollador-fullstack
2026-05-08 17:10:51 | INFO | Ofertas extraídas de Magneto: 12
2026-05-08 17:10:51 | INFO | Buscando en Magneto: https://www.magneto365.com/co/trabajos/buscar/desarrollador-frontend
2026-05-08 17:10:52 | INFO | Ofertas extraídas de Magneto: 5
2026-05-08 17:10:52 | INFO | Buscando en Magneto: https://www.magneto365.com/co/trabajos/buscar/desarrollador-backend
2026-05-08 17:10:54 | INFO | Ofertas extraídas de Magneto: 10
2026-05-08 17:10:54 | INFO | Buscando en Magneto: https://www.magneto365.com/co/trabajos/buscar/desarrollador-react
2026-05-08 17:10:56 | INFO | Ofertas extraídas de Magneto: 13
2026-05-08 17:10:56 | INFO | Buscando en Magneto: https://www.magneto365.com/co/trabajos/buscar/desarrollador-javascript
2026-05-08 17:10:58 | INFO | Ofertas extraídas de Magneto: 11
2026-05-08 17:10:58 | INFO | Buscando en Magneto: https://www.magneto365.com/co/trabajos/buscar/desarrollador-typescript
2026-05-08 17:10:59 | INFO | Ofertas extraídas de Magneto: 1
2026-05-08 17:10:59 | INFO | Buscando en Magneto: https://www.magneto365.com/co/trabajos/buscar/desarrollador-node
2026-05-08 17:11:00 | INFO | Ofertas extraídas de Magneto: 2
2026-05-08 17:11:00 | INFO | Buscando en Magneto: https://www.magneto365.com/co/trabajos/buscar/ingeniero-software
2026-05-08 17:11:01 | INFO | Ofertas extraídas de Magneto: 17
2026-05-08 17:11:01 | INFO | Buscando en Magneto: https://www.magneto365.com/co/trabajos/buscar/analista-desarrollo
2026-05-08 17:11:03 | INFO | Ofertas extraídas de Magneto: 12
2026-05-08 17:11:03 | INFO | Buscando en Magneto: https://www.magneto365.com/co/trabajos/buscar/desarrollador-software
2026-05-08 17:11:04 | INFO | Ofertas extraídas de Magneto: 19
2026-05-08 17:11:04 | INFO | Buscando en Magneto: https://www.magneto365.com/co/trabajos/buscar/programador
2026-05-08 17:11:05 | INFO | Ofertas extraídas de Magneto: 17
2026-05-08 17:11:05 | INFO | Oferta duplicada omitida: https://www.magneto365.com/co/empleos/full-stack-developer-1626494698-9-912135
2026-05-08 17:11:05 | INFO | Oferta duplicada omitida: https://www.magneto365.com/co/empleos/desarrollador-ti-911545
2026-05-08 17:11:05 | INFO | Oferta duplicada omitida: https://www.magneto365.com/co/empleos/desarrollador-full-stack-895702
2026-05-08 17:11:05 | INFO | Oferta duplicada omitida: https://www.magneto365.com/co/empleos/desarrollador-full-896787
2026-05-08 17:11:05 | INFO | Oferta duplicada omitida: https://www.magneto365.com/co/empleos/desarrollador-fullstack-javascriptnode-js-colombia-906260
2026-05-08 17:11:05 | INFO | Oferta duplicada omitida: https://www.magneto365.com/co/empleos/desarrollador-de-software-con-enfoque-en-inteligencia-artificial-899657
2026-05-08 17:11:05 | INFO | Oferta duplicada omitida: https://www.magneto365.com/co/empleos/desarrollador-de-software-ia-javascript-react-bucaramanga-913803
2026-05-08 17:11:05 | INFO | Oferta duplicada omitida: https://www.magneto365.com/co/empleos/desarrollador-python-bogota-909596
2026-05-08 17:11:05 | INFO | Oferta duplicada omitida: https://www.magneto365.com/co/empleos/desarrolladora-fullstack-896069
2026-05-08 17:11:05 | INFO | Oferta duplicada omitida: https://www.magneto365.com/co/empleos/desarrollador-fullstack-884799
2026-05-08 17:11:05 | INFO | Oferta duplicada omitida: https://www.magneto365.com/co/empleos/ingeniero-fullstack-senior-net-flutter-angular-teletrabajo-en-colombia-882683
2026-05-08 17:11:05 | INFO | Oferta duplicada omitida: https://www.magneto365.com/co/empleos/desarrollador-fullstack-senior-net-react-teletrabajo-colombia-889531
2026-05-08 17:11:05 | INFO | Oferta duplicada omitida: https://www.magneto365.com/co/empleos/desarrollador-fullstack-medellin-846369
2026-05-08 17:11:05 | INFO | Oferta duplicada omitida: https://www.magneto365.com/co/empleos/desarrollador-backend-senior-python-897964
2026-05-08 17:11:05 | INFO | Oferta duplicada omitida: https://www.magneto365.com/co/empleos/desarrollador-a-mobile-react-native-bogota-913246
2026-05-08 17:11:05 | INFO | Oferta duplicada omitida: https://www.magneto365.com/co/empleos/analista-tecnico-senior-bilingue-b2c1-java-react-react-native-remoto-bogota-887625
2026-05-08 17:11:05 | INFO | Oferta duplicada omitida: https://www.magneto365.com/co/empleos/desarrollador-senior-full-stack-bilingue-java-react-remoto-bogota-892791
2026-05-08 17:11:05 | INFO | Oferta duplicada omitida: https://www.magneto365.com/co/empleos/desarrollador-de-software-909610
2026-05-08 17:11:05 | INFO | Oferta duplicada omitida: https://www.magneto365.com/co/empleos/senior-data-engineer-1626494698-8-892405
2026-05-08 17:11:05 | INFO | Oferta duplicada omitida: https://www.magneto365.com/co/empleos/ingeniero-devops-mid-junior-899771
2026-05-08 17:11:05 | INFO | Oferta duplicada omitida: https://www.magneto365.com/co/empleos/analista-qa-882273
2026-05-08 17:11:05 | INFO | Oferta duplicada omitida: https://www.magneto365.com/co/empleos/desarrollador-fullstack-senior-hibrido-en-cali-895467
2026-05-08 17:11:05 | INFO | Oferta duplicada omitida: https://www.magneto365.com/co/empleos/desarrollador-fullstack-en-hidrocarburos-python-java-891227
2026-05-08 17:11:05 | INFO | Oferta duplicada omitida: https://www.magneto365.com/co/empleos/desarrollador-fullstack-senior-hibrido-en-cali-848809
2026-05-08 17:11:05 | INFO | Oferta duplicada omitida: https://www.magneto365.com/co/empleos/desarrollador-fullstack-senior-829393
2026-05-08 17:11:05 | INFO | Oferta duplicada omitida: https://www.magneto365.com/co/empleos/desarrollador-php-freelance-884817
2026-05-08 17:11:05 | INFO | Oferta duplicada omitida: https://www.magneto365.com/co/empleos/desarrollador-a-de-software-891058
2026-05-08 17:11:05 | INFO | Oferta duplicada omitida: https://www.magneto365.com/co/empleos/desarrollador-frontend-y-gestion-de-contenido-medellin-884727
2026-05-08 17:11:05 | INFO | Oferta duplicada omitida: https://www.magneto365.com/co/empleos/desarrollador-frontend-webmaster-847312
2026-05-08 17:11:05 | INFO | Oferta duplicada omitida: https://www.magneto365.com/co/empleos/senior-frontend-engineer-907809
2026-05-08 17:11:05 | INFO | Oferta duplicada omitida: https://www.magneto365.com/co/empleos/desarrollador-front-end-ecommerce-897233
2026-05-08 17:11:05 | INFO | Oferta duplicada omitida: https://www.magneto365.com/co/empleos/desarrollador-backend-912569
2026-05-08 17:11:05 | INFO | Oferta duplicada omitida: https://www.magneto365.com/co/empleos/desarrollador-backend-oracle-plsql-hxgn-eam-galapa-907640
2026-05-08 17:11:05 | INFO | Oferta duplicada omitida: https://www.magneto365.com/co/empleos/desarrollador-backend-884791
2026-05-08 17:11:05 | INFO | Oferta duplicada omitida: https://www.magneto365.com/co/empleos/desarrollador-senior-java-spring-boot-y-python-remoto-colombia-899477
2026-05-08 17:11:05 | INFO | Oferta duplicada omitida: https://www.magneto365.com/co/empleos/desarrollador-full-stack-895178
2026-05-08 17:11:05 | INFO | Oferta duplicada omitida: https://www.magneto365.com/co/empleos/especialista-i-desarrollador-pco-886336
2026-05-08 17:11:05 | INFO | Oferta duplicada omitida: https://www.magneto365.com/co/empleos/desarrollador-full-stack-python-react-ia-cali-908099
2026-05-08 17:11:05 | INFO | Oferta duplicada omitida: https://www.magneto365.com/co/empleos/desarrollador-senior-full-stack-909405
2026-05-08 17:11:05 | INFO | Oferta duplicada omitida: https://www.magneto365.com/co/empleos/desarrolladorprogramador-bi-financiera-888680
2026-05-08 17:11:05 | INFO | Oferta duplicada omitida: https://www.magneto365.com/co/empleos/desarrollador-especialista-de-software-medellin-843102
2026-05-08 17:11:05 | INFO | Oferta duplicada omitida: https://www.magneto365.com/co/empleos/desarrollador-de-software-835075
2026-05-08 17:11:05 | INFO | Oferta duplicada omitida: https://www.magneto365.com/co/empleos/ingeniero-a-tecnologia-talento-que-transforma-913134
2026-05-08 17:11:05 | INFO | Oferta duplicada omitida: https://www.magneto365.com/co/empleos/tester-qa-pruebas-de-software-hibrido-bogota-908108
2026-05-08 17:11:05 | INFO | Oferta duplicada omitida: https://www.magneto365.com/co/empleos/coordinadora-de-servicios-de-desarrollo-de-software-1626119083-2-900284
2026-05-08 17:11:05 | INFO | Oferta duplicada omitida: https://www.magneto365.com/co/empleos/arquitecto-de-software-899087
2026-05-08 17:11:05 | INFO | Oferta duplicada omitida: https://www.magneto365.com/co/empleos/lider-tecnico-desarrollo-software-java-888526
2026-05-08 17:11:05 | INFO | Oferta duplicada omitida: https://www.magneto365.com/co/empleos/arquitecto-de-software-para-transformacion-digital-en-salud-y-contabilidad-886496
2026-05-08 17:11:05 | INFO | Oferta duplicada omitida: https://www.magneto365.com/co/empleos/arquitecto-de-software-822827
2026-05-08 17:11:05 | INFO | Oferta duplicada omitida: https://www.magneto365.com/co/empleos/practicante-sistemas-de-informacion-base-comercial-895470
2026-05-08 17:11:05 | INFO | Oferta duplicada omitida: https://www.magneto365.com/co/empleos/desarrollador-de-software-lider-microservicios-remoto-894672
2026-05-08 17:11:05 | INFO | Oferta duplicada omitida: https://www.magneto365.com/co/empleos/analista-tecnico-senior-desarrollo-de-software-bilingue-884537
2026-05-08 17:11:05 | INFO | Oferta duplicada omitida: https://www.magneto365.com/co/empleos/practicante-ingenieria-de-sistemas-desarrollo-y-soporte-ti-bogota-901179
2026-05-08 17:11:05 | INFO | Oferta duplicada omitida: https://www.magneto365.com/co/empleos/practicante-profesional-ingenieria-de-sistemas-medellin-899409
2026-05-08 17:11:05 | INFO | Oferta duplicada omitida: https://www.magneto365.com/co/empleos/practicante-chatbot-contratacion-y-colaboradores-whatsapp-895458
2026-05-08 17:11:05 | INFO | Oferta duplicada omitida: https://www.magneto365.com/co/empleos/analista-desarrollo-comercial-ii-bogota-899720
2026-05-08 17:11:05 | INFO | Oferta duplicada omitida: https://www.magneto365.com/co/empleos/analista-de-desarrollo-de-software-net-angular-sql-server-colombia-914543
2026-05-08 17:11:05 | INFO | Oferta duplicada omitida: https://www.magneto365.com/co/empleos/analista-de-ingenieria-desarrollo-de-producto-industrial-914466
2026-05-08 17:11:05 | INFO | Oferta duplicada omitida: https://www.magneto365.com/co/empleos/analista-de-desarrollo-logistico-908067
2026-05-08 17:11:05 | INFO | Oferta duplicada omitida: https://www.magneto365.com/co/empleos/analista-de-desarrollo-de-productos-industria-colombia-906038
2026-05-08 17:11:05 | INFO | Oferta duplicada omitida: https://www.magneto365.com/co/empleos/analista-de-formacion-y-desarrollo-de-talento-905159
2026-05-08 17:11:05 | INFO | Oferta duplicada omitida: https://www.magneto365.com/co/empleos/analista-de-cultura-y-desarrollo-temporal-por-licencia-de-maternidad-901840
2026-05-08 17:11:05 | INFO | Oferta duplicada omitida: https://www.magneto365.com/co/empleos/analista-de-automatizacion-y-desarrollo-termino-fijo-900710
2026-05-08 17:11:05 | INFO | Oferta duplicada omitida: https://www.magneto365.com/co/empleos/analista-de-desarrollo-de-software-1626071855-68-897977
2026-05-08 17:11:05 | INFO | Oferta duplicada omitida: https://www.magneto365.com/co/empleos/analista-de-desarrollo-humano-897395
2026-05-08 17:11:05 | INFO | Oferta duplicada omitida: https://www.magneto365.com/co/empleos/analista-de-atraccion-cultura-y-desarrollo-1626073720-39-887030
2026-05-08 17:11:05 | INFO | Oferta duplicada omitida: https://www.magneto365.com/co/empleos/desarrolladora-de-software-1626142096-3-908837
2026-05-08 17:11:05 | INFO | Oferta duplicada omitida: https://www.magneto365.com/co/empleos/ceid-desarrolladora-de-software-senior-rpa-905848
2026-05-08 17:11:05 | INFO | Oferta duplicada omitida: https://www.magneto365.com/co/empleos/desarrolladora-de-software-qa-1626436242-51-906064
2026-05-08 17:11:05 | INFO | Oferta duplicada omitida: https://www.magneto365.com/co/empleos/ceid-desarrollador-de-software-semisenior-1626492604-5-891596
2026-05-08 17:11:05 | INFO | Oferta duplicada omitida: https://www.magneto365.com/co/empleos/desarrollador-de-negocios-bogota-910216
2026-05-08 17:11:05 | INFO | Oferta duplicada omitida: https://www.magneto365.com/co/empleos/desarrollador-mid-level-sprint-contributor-902838
2026-05-08 17:11:05 | INFO | Oferta duplicada omitida: https://www.magneto365.com/co/empleos/desarrolladora-fronted-1626040293-334-896881
2026-05-08 17:11:05 | INFO | Oferta duplicada omitida: https://www.magneto365.com/co/empleos/programador-de-publicidad-digital-893246
2026-05-08 17:11:05 | INFO | Oferta duplicada omitida: https://www.magneto365.com/co/empleos/programador-tornero-cnc-puente-aranda-891925
2026-05-08 17:11:05 | INFO | Oferta duplicada omitida: https://www.magneto365.com/co/empleos/programador-de-flota-33303-886852
2026-05-08 17:11:05 | INFO | Oferta duplicada omitida: https://www.magneto365.com/co/empleos/instrumentador-quirurgico-888639
2026-05-08 17:11:05 | INFO | Oferta duplicada omitida: https://www.magneto365.com/co/empleos/analista-de-programacion-de-turnos-en-empresas-de-seguridad-881373
2026-05-08 17:11:05 | INFO | Oferta duplicada omitida: https://www.magneto365.com/co/empleos/integracion-automatizacion-control-ensamble-832860
2026-05-08 17:11:05 | INFO | Oferta duplicada omitida: https://www.magneto365.com/co/empleos/lider-de-planeacion-y-programacion-de-produccion-colombia-894342
2026-05-08 17:11:05 | INFO | Resumen ciclo | revisadas=80 | aplicadas=0 | errores=0 | omitidas=80
2026-05-08 17:11:05 | INFO | Esperando 180 segundos para el siguiente ciclo...
2026-05-08 17:14:05 | INFO | --------------------------------------------------------------------------------
2026-05-08 17:14:05 | INFO | Iniciando ciclo #16
2026-05-08 17:14:05 | INFO | Buscando en Magneto: https://www.magneto365.com/co/trabajos/buscar/full-stack-developer
2026-05-08 17:14:07 | INFO | Ofertas extraídas de Magneto: 8
2026-05-08 17:14:07 | INFO | Buscando en Magneto: https://www.magneto365.com/co/trabajos/buscar/fullstack-developer
2026-05-08 17:14:09 | INFO | Ofertas extraídas de Magneto: 6
2026-05-08 17:14:09 | INFO | Buscando en Magneto: https://www.magneto365.com/co/trabajos/buscar/frontend-developer
2026-05-08 17:14:10 | INFO | Ofertas extraídas de Magneto: 1
2026-05-08 17:14:10 | INFO | Buscando en Magneto: https://www.magneto365.com/co/trabajos/buscar/backend-developer
2026-05-08 17:14:11 | INFO | Ofertas extraídas de Magneto: 4
2026-05-08 17:14:11 | INFO | Buscando en Magneto: https://www.magneto365.com/co/trabajos/buscar/react-developer
2026-05-08 17:14:13 | INFO | Ofertas extraídas de Magneto: 6
2026-05-08 17:14:13 | INFO | Buscando en Magneto: https://www.magneto365.com/co/trabajos/buscar/react-native
2026-05-08 17:14:14 | INFO | Ofertas extraídas de Magneto: 3
2026-05-08 17:14:14 | INFO | Buscando en Magneto: https://www.magneto365.com/co/trabajos/buscar/node-js-developer
2026-05-08 17:14:35 | INFO | No se encontraron resultados visibles en la búsqueda actual.
2026-05-08 17:14:35 | INFO | Ofertas extraídas de Magneto: 0
2026-05-08 17:14:35 | INFO | Busqueda por URL sin resultados. Usando pagina de ciudad para: Node.js Developer
2026-05-08 17:14:37 | INFO | Ofertas extraídas de Magneto: 0
2026-05-08 17:14:37 | INFO | Buscando en Magneto: https://www.magneto365.com/co/trabajos/buscar/javascript-developer
2026-05-08 17:14:39 | INFO | Ofertas extraídas de Magneto: 6
2026-05-08 17:14:39 | INFO | Buscando en Magneto: https://www.magneto365.com/co/trabajos/buscar/typescript-developer
2026-05-08 17:15:00 | INFO | No se encontraron resultados visibles en la búsqueda actual.
2026-05-08 17:15:00 | INFO | Ofertas extraídas de Magneto: 0
2026-05-08 17:15:00 | INFO | Busqueda por URL sin resultados. Usando pagina de ciudad para: TypeScript Developer
2026-05-08 17:15:03 | INFO | Ofertas extraídas de Magneto: 0
2026-05-08 17:15:03 | INFO | Buscando en Magneto: https://www.magneto365.com/co/trabajos/buscar/software-engineer
2026-05-08 17:15:04 | INFO | Ofertas extraídas de Magneto: 6
2026-05-08 17:15:04 | INFO | Buscando en Magneto: https://www.magneto365.com/co/trabajos/buscar/desarrollador-fullstack
2026-05-08 17:15:05 | INFO | Ofertas extraídas de Magneto: 12
2026-05-08 17:15:05 | INFO | Buscando en Magneto: https://www.magneto365.com/co/trabajos/buscar/desarrollador-frontend
2026-05-08 17:15:06 | INFO | Ofertas extraídas de Magneto: 5
2026-05-08 17:15:06 | INFO | Buscando en Magneto: https://www.magneto365.com/co/trabajos/buscar/desarrollador-backend
2026-05-08 17:15:07 | INFO | Ofertas extraídas de Magneto: 10
2026-05-08 17:15:07 | INFO | Buscando en Magneto: https://www.magneto365.com/co/trabajos/buscar/desarrollador-react
2026-05-08 17:15:08 | INFO | Ofertas extraídas de Magneto: 13
2026-05-08 17:15:08 | INFO | Buscando en Magneto: https://www.magneto365.com/co/trabajos/buscar/desarrollador-javascript
2026-05-08 17:15:09 | INFO | Ofertas extraídas de Magneto: 11
2026-05-08 17:15:09 | INFO | Buscando en Magneto: https://www.magneto365.com/co/trabajos/buscar/desarrollador-typescript
2026-05-08 17:15:10 | INFO | Ofertas extraídas de Magneto: 1
2026-05-08 17:15:10 | INFO | Buscando en Magneto: https://www.magneto365.com/co/trabajos/buscar/desarrollador-node
2026-05-08 17:15:11 | INFO | Ofertas extraídas de Magneto: 2
2026-05-08 17:15:11 | INFO | Buscando en Magneto: https://www.magneto365.com/co/trabajos/buscar/ingeniero-software
2026-05-08 17:15:13 | INFO | Ofertas extraídas de Magneto: 17
2026-05-08 17:15:13 | INFO | Buscando en Magneto: https://www.magneto365.com/co/trabajos/buscar/analista-desarrollo
2026-05-08 17:15:14 | INFO | Ofertas extraídas de Magneto: 12
2026-05-08 17:15:14 | INFO | Buscando en Magneto: https://www.magneto365.com/co/trabajos/buscar/desarrollador-software
2026-05-08 17:15:16 | INFO | Ofertas extraídas de Magneto: 19
2026-05-08 17:15:16 | INFO | Buscando en Magneto: https://www.magneto365.com/co/trabajos/buscar/programador
2026-05-08 17:15:17 | INFO | Ofertas extraídas de Magneto: 17
2026-05-08 17:15:17 | INFO | Oferta duplicada omitida: https://www.magneto365.com/co/empleos/full-stack-developer-1626494698-9-912135
2026-05-08 17:15:17 | INFO | Oferta duplicada omitida: https://www.magneto365.com/co/empleos/desarrollador-ti-911545
2026-05-08 17:15:17 | INFO | Oferta duplicada omitida: https://www.magneto365.com/co/empleos/desarrollador-full-stack-895702
2026-05-08 17:15:17 | INFO | Oferta duplicada omitida: https://www.magneto365.com/co/empleos/desarrollador-full-896787
2026-05-08 17:15:17 | INFO | Oferta duplicada omitida: https://www.magneto365.com/co/empleos/desarrollador-fullstack-javascriptnode-js-colombia-906260
2026-05-08 17:15:17 | INFO | Oferta duplicada omitida: https://www.magneto365.com/co/empleos/desarrollador-de-software-con-enfoque-en-inteligencia-artificial-899657
2026-05-08 17:15:17 | INFO | Oferta duplicada omitida: https://www.magneto365.com/co/empleos/desarrollador-de-software-ia-javascript-react-bucaramanga-913803
2026-05-08 17:15:17 | INFO | Oferta duplicada omitida: https://www.magneto365.com/co/empleos/desarrollador-python-bogota-909596
2026-05-08 17:15:17 | INFO | Oferta duplicada omitida: https://www.magneto365.com/co/empleos/desarrolladora-fullstack-896069
2026-05-08 17:15:17 | INFO | Oferta duplicada omitida: https://www.magneto365.com/co/empleos/desarrollador-fullstack-884799
2026-05-08 17:15:17 | INFO | Oferta duplicada omitida: https://www.magneto365.com/co/empleos/ingeniero-fullstack-senior-net-flutter-angular-teletrabajo-en-colombia-882683
2026-05-08 17:15:17 | INFO | Oferta duplicada omitida: https://www.magneto365.com/co/empleos/desarrollador-fullstack-senior-net-react-teletrabajo-colombia-889531
2026-05-08 17:15:17 | INFO | Oferta duplicada omitida: https://www.magneto365.com/co/empleos/desarrollador-fullstack-medellin-846369
2026-05-08 17:15:17 | INFO | Oferta duplicada omitida: https://www.magneto365.com/co/empleos/desarrollador-backend-senior-python-897964
2026-05-08 17:15:17 | INFO | Oferta duplicada omitida: https://www.magneto365.com/co/empleos/desarrollador-a-mobile-react-native-bogota-913246
2026-05-08 17:15:17 | INFO | Oferta duplicada omitida: https://www.magneto365.com/co/empleos/analista-tecnico-senior-bilingue-b2c1-java-react-react-native-remoto-bogota-887625
2026-05-08 17:15:17 | INFO | Oferta duplicada omitida: https://www.magneto365.com/co/empleos/desarrollador-senior-full-stack-bilingue-java-react-remoto-bogota-892791
2026-05-08 17:15:17 | INFO | Oferta duplicada omitida: https://www.magneto365.com/co/empleos/desarrollador-de-software-909610
2026-05-08 17:15:17 | INFO | Oferta duplicada omitida: https://www.magneto365.com/co/empleos/senior-data-engineer-1626494698-8-892405
2026-05-08 17:15:17 | INFO | Oferta duplicada omitida: https://www.magneto365.com/co/empleos/ingeniero-devops-mid-junior-899771
2026-05-08 17:15:17 | INFO | Oferta duplicada omitida: https://www.magneto365.com/co/empleos/analista-qa-882273
2026-05-08 17:15:17 | INFO | Oferta duplicada omitida: https://www.magneto365.com/co/empleos/desarrollador-fullstack-senior-hibrido-en-cali-895467
2026-05-08 17:15:17 | INFO | Oferta duplicada omitida: https://www.magneto365.com/co/empleos/desarrollador-fullstack-en-hidrocarburos-python-java-891227
2026-05-08 17:15:17 | INFO | Oferta duplicada omitida: https://www.magneto365.com/co/empleos/desarrollador-fullstack-senior-hibrido-en-cali-848809
2026-05-08 17:15:17 | INFO | Oferta duplicada omitida: https://www.magneto365.com/co/empleos/desarrollador-fullstack-senior-829393
2026-05-08 17:15:17 | INFO | Oferta duplicada omitida: https://www.magneto365.com/co/empleos/desarrollador-php-freelance-884817
2026-05-08 17:15:17 | INFO | Oferta duplicada omitida: https://www.magneto365.com/co/empleos/desarrollador-a-de-software-891058
2026-05-08 17:15:17 | INFO | Oferta duplicada omitida: https://www.magneto365.com/co/empleos/desarrollador-frontend-y-gestion-de-contenido-medellin-884727
2026-05-08 17:15:17 | INFO | Oferta duplicada omitida: https://www.magneto365.com/co/empleos/desarrollador-frontend-webmaster-847312
2026-05-08 17:15:17 | INFO | Oferta duplicada omitida: https://www.magneto365.com/co/empleos/senior-frontend-engineer-907809
2026-05-08 17:15:17 | INFO | Oferta duplicada omitida: https://www.magneto365.com/co/empleos/desarrollador-front-end-ecommerce-897233
2026-05-08 17:15:17 | INFO | Oferta duplicada omitida: https://www.magneto365.com/co/empleos/desarrollador-backend-912569
2026-05-08 17:15:17 | INFO | Oferta duplicada omitida: https://www.magneto365.com/co/empleos/desarrollador-backend-oracle-plsql-hxgn-eam-galapa-907640
2026-05-08 17:15:17 | INFO | Oferta duplicada omitida: https://www.magneto365.com/co/empleos/desarrollador-backend-884791
2026-05-08 17:15:17 | INFO | Oferta duplicada omitida: https://www.magneto365.com/co/empleos/desarrollador-senior-java-spring-boot-y-python-remoto-colombia-899477
2026-05-08 17:15:17 | INFO | Oferta duplicada omitida: https://www.magneto365.com/co/empleos/desarrollador-full-stack-895178
2026-05-08 17:15:17 | INFO | Oferta duplicada omitida: https://www.magneto365.com/co/empleos/especialista-i-desarrollador-pco-886336
2026-05-08 17:15:17 | INFO | Oferta duplicada omitida: https://www.magneto365.com/co/empleos/desarrollador-full-stack-python-react-ia-cali-908099
2026-05-08 17:15:17 | INFO | Oferta duplicada omitida: https://www.magneto365.com/co/empleos/desarrollador-senior-full-stack-909405
2026-05-08 17:15:17 | INFO | Oferta duplicada omitida: https://www.magneto365.com/co/empleos/desarrolladorprogramador-bi-financiera-888680
2026-05-08 17:15:17 | INFO | Oferta duplicada omitida: https://www.magneto365.com/co/empleos/desarrollador-especialista-de-software-medellin-843102
2026-05-08 17:15:17 | INFO | Oferta duplicada omitida: https://www.magneto365.com/co/empleos/desarrollador-de-software-835075
2026-05-08 17:15:17 | INFO | Oferta duplicada omitida: https://www.magneto365.com/co/empleos/ingeniero-a-tecnologia-talento-que-transforma-913134
2026-05-08 17:15:17 | INFO | Oferta duplicada omitida: https://www.magneto365.com/co/empleos/tester-qa-pruebas-de-software-hibrido-bogota-908108
2026-05-08 17:15:17 | INFO | Oferta duplicada omitida: https://www.magneto365.com/co/empleos/coordinadora-de-servicios-de-desarrollo-de-software-1626119083-2-900284
2026-05-08 17:15:17 | INFO | Oferta duplicada omitida: https://www.magneto365.com/co/empleos/arquitecto-de-software-899087
2026-05-08 17:15:17 | INFO | Oferta duplicada omitida: https://www.magneto365.com/co/empleos/lider-tecnico-desarrollo-software-java-888526
2026-05-08 17:15:17 | INFO | Oferta duplicada omitida: https://www.magneto365.com/co/empleos/arquitecto-de-software-para-transformacion-digital-en-salud-y-contabilidad-886496
2026-05-08 17:15:17 | INFO | Oferta duplicada omitida: https://www.magneto365.com/co/empleos/arquitecto-de-software-822827
2026-05-08 17:15:17 | INFO | Oferta duplicada omitida: https://www.magneto365.com/co/empleos/practicante-sistemas-de-informacion-base-comercial-895470
2026-05-08 17:15:17 | INFO | Oferta duplicada omitida: https://www.magneto365.com/co/empleos/desarrollador-de-software-lider-microservicios-remoto-894672
2026-05-08 17:15:17 | INFO | Oferta duplicada omitida: https://www.magneto365.com/co/empleos/analista-tecnico-senior-desarrollo-de-software-bilingue-884537
2026-05-08 17:15:17 | INFO | Oferta duplicada omitida: https://www.magneto365.com/co/empleos/practicante-ingenieria-de-sistemas-desarrollo-y-soporte-ti-bogota-901179
2026-05-08 17:15:17 | INFO | Oferta duplicada omitida: https://www.magneto365.com/co/empleos/practicante-profesional-ingenieria-de-sistemas-medellin-899409
2026-05-08 17:15:17 | INFO | Oferta duplicada omitida: https://www.magneto365.com/co/empleos/practicante-chatbot-contratacion-y-colaboradores-whatsapp-895458
2026-05-08 17:15:17 | INFO | Oferta duplicada omitida: https://www.magneto365.com/co/empleos/analista-desarrollo-comercial-ii-bogota-899720
2026-05-08 17:15:17 | INFO | Oferta duplicada omitida: https://www.magneto365.com/co/empleos/analista-de-desarrollo-de-software-net-angular-sql-server-colombia-914543
2026-05-08 17:15:17 | INFO | Oferta duplicada omitida: https://www.magneto365.com/co/empleos/analista-de-ingenieria-desarrollo-de-producto-industrial-914466
2026-05-08 17:15:17 | INFO | Oferta duplicada omitida: https://www.magneto365.com/co/empleos/analista-de-desarrollo-logistico-908067
2026-05-08 17:15:17 | INFO | Oferta duplicada omitida: https://www.magneto365.com/co/empleos/analista-de-desarrollo-de-productos-industria-colombia-906038
2026-05-08 17:15:17 | INFO | Oferta duplicada omitida: https://www.magneto365.com/co/empleos/analista-de-formacion-y-desarrollo-de-talento-905159
2026-05-08 17:15:17 | INFO | Oferta duplicada omitida: https://www.magneto365.com/co/empleos/analista-de-cultura-y-desarrollo-temporal-por-licencia-de-maternidad-901840
2026-05-08 17:15:17 | INFO | Oferta duplicada omitida: https://www.magneto365.com/co/empleos/analista-de-automatizacion-y-desarrollo-termino-fijo-900710
2026-05-08 17:15:17 | INFO | Oferta duplicada omitida: https://www.magneto365.com/co/empleos/analista-de-desarrollo-de-software-1626071855-68-897977
2026-05-08 17:15:17 | INFO | Oferta duplicada omitida: https://www.magneto365.com/co/empleos/analista-de-desarrollo-humano-897395
2026-05-08 17:15:17 | INFO | Oferta duplicada omitida: https://www.magneto365.com/co/empleos/analista-de-atraccion-cultura-y-desarrollo-1626073720-39-887030
2026-05-08 17:15:17 | INFO | Oferta duplicada omitida: https://www.magneto365.com/co/empleos/desarrolladora-de-software-1626142096-3-908837
2026-05-08 17:15:17 | INFO | Oferta duplicada omitida: https://www.magneto365.com/co/empleos/ceid-desarrolladora-de-software-senior-rpa-905848
2026-05-08 17:15:17 | INFO | Oferta duplicada omitida: https://www.magneto365.com/co/empleos/desarrolladora-de-software-qa-1626436242-51-906064
2026-05-08 17:15:17 | INFO | Oferta duplicada omitida: https://www.magneto365.com/co/empleos/ceid-desarrollador-de-software-semisenior-1626492604-5-891596
2026-05-08 17:15:17 | INFO | Oferta duplicada omitida: https://www.magneto365.com/co/empleos/desarrollador-de-negocios-bogota-910216
2026-05-08 17:15:17 | INFO | Oferta duplicada omitida: https://www.magneto365.com/co/empleos/desarrollador-mid-level-sprint-contributor-902838
2026-05-08 17:15:17 | INFO | Oferta duplicada omitida: https://www.magneto365.com/co/empleos/desarrolladora-fronted-1626040293-334-896881
2026-05-08 17:15:17 | INFO | Oferta duplicada omitida: https://www.magneto365.com/co/empleos/programador-de-publicidad-digital-893246
2026-05-08 17:15:17 | INFO | Oferta duplicada omitida: https://www.magneto365.com/co/empleos/programador-tornero-cnc-puente-aranda-891925
2026-05-08 17:15:17 | INFO | Oferta duplicada omitida: https://www.magneto365.com/co/empleos/programador-de-flota-33303-886852
2026-05-08 17:15:17 | INFO | Oferta duplicada omitida: https://www.magneto365.com/co/empleos/instrumentador-quirurgico-888639
2026-05-08 17:15:17 | INFO | Oferta duplicada omitida: https://www.magneto365.com/co/empleos/analista-de-programacion-de-turnos-en-empresas-de-seguridad-881373
2026-05-08 17:15:17 | INFO | Oferta duplicada omitida: https://www.magneto365.com/co/empleos/integracion-automatizacion-control-ensamble-832860
2026-05-08 17:15:17 | INFO | Oferta duplicada omitida: https://www.magneto365.com/co/empleos/lider-de-planeacion-y-programacion-de-produccion-colombia-894342
2026-05-08 17:15:17 | INFO | Resumen ciclo | revisadas=80 | aplicadas=0 | errores=0 | omitidas=80
2026-05-08 17:15:17 | INFO | Esperando 180 segundos para el siguiente ciclo...
2026-05-08 17:18:17 | INFO | --------------------------------------------------------------------------------
2026-05-08 17:18:17 | INFO | Iniciando ciclo #17
2026-05-08 17:18:17 | INFO | Buscando en Magneto: https://www.magneto365.com/co/trabajos/buscar/full-stack-developer
2026-05-08 17:18:19 | INFO | Ofertas extraídas de Magneto: 8
2026-05-08 17:18:19 | INFO | Buscando en Magneto: https://www.magneto365.com/co/trabajos/buscar/fullstack-developer
2026-05-08 17:18:20 | INFO | Ofertas extraídas de Magneto: 6
2026-05-08 17:18:20 | INFO | Buscando en Magneto: https://www.magneto365.com/co/trabajos/buscar/frontend-developer
2026-05-08 17:18:21 | INFO | Ofertas extraídas de Magneto: 1
2026-05-08 17:18:21 | INFO | Buscando en Magneto: https://www.magneto365.com/co/trabajos/buscar/backend-developer
2026-05-08 17:18:22 | INFO | Ofertas extraídas de Magneto: 4
2026-05-08 17:18:22 | INFO | Buscando en Magneto: https://www.magneto365.com/co/trabajos/buscar/react-developer
2026-05-08 17:18:23 | INFO | Ofertas extraídas de Magneto: 6
2026-05-08 17:18:23 | INFO | Buscando en Magneto: https://www.magneto365.com/co/trabajos/buscar/react-native
2026-05-08 17:18:24 | INFO | Ofertas extraídas de Magneto: 3
2026-05-08 17:18:24 | INFO | Buscando en Magneto: https://www.magneto365.com/co/trabajos/buscar/node-js-developer
2026-05-08 17:18:45 | INFO | No se encontraron resultados visibles en la búsqueda actual.
2026-05-08 17:18:45 | INFO | Ofertas extraídas de Magneto: 0
2026-05-08 17:18:45 | INFO | Busqueda por URL sin resultados. Usando pagina de ciudad para: Node.js Developer
2026-05-08 17:18:47 | INFO | Ofertas extraídas de Magneto: 0
2026-05-08 17:18:47 | INFO | Buscando en Magneto: https://www.magneto365.com/co/trabajos/buscar/javascript-developer
2026-05-08 17:18:48 | INFO | Ofertas extraídas de Magneto: 6
2026-05-08 17:18:48 | INFO | Buscando en Magneto: https://www.magneto365.com/co/trabajos/buscar/typescript-developer
2026-05-08 17:19:09 | INFO | No se encontraron resultados visibles en la búsqueda actual.
2026-05-08 17:19:09 | INFO | Ofertas extraídas de Magneto: 0
2026-05-08 17:19:09 | INFO | Busqueda por URL sin resultados. Usando pagina de ciudad para: TypeScript Developer
2026-05-08 17:19:10 | INFO | Ofertas extraídas de Magneto: 0
2026-05-08 17:19:10 | INFO | Buscando en Magneto: https://www.magneto365.com/co/trabajos/buscar/software-engineer
2026-05-08 17:19:11 | INFO | Ofertas extraídas de Magneto: 6
2026-05-08 17:19:11 | INFO | Buscando en Magneto: https://www.magneto365.com/co/trabajos/buscar/desarrollador-fullstack
2026-05-08 17:19:12 | INFO | Ofertas extraídas de Magneto: 12
2026-05-08 17:19:12 | INFO | Buscando en Magneto: https://www.magneto365.com/co/trabajos/buscar/desarrollador-frontend
2026-05-08 17:19:13 | INFO | Ofertas extraídas de Magneto: 5
2026-05-08 17:19:13 | INFO | Buscando en Magneto: https://www.magneto365.com/co/trabajos/buscar/desarrollador-backend
2026-05-08 17:19:15 | INFO | Ofertas extraídas de Magneto: 10
2026-05-08 17:19:15 | INFO | Buscando en Magneto: https://www.magneto365.com/co/trabajos/buscar/desarrollador-react
2026-05-08 17:19:16 | INFO | Ofertas extraídas de Magneto: 13
2026-05-08 17:19:16 | INFO | Buscando en Magneto: https://www.magneto365.com/co/trabajos/buscar/desarrollador-javascript
2026-05-08 17:19:17 | INFO | Ofertas extraídas de Magneto: 11
2026-05-08 17:19:17 | INFO | Buscando en Magneto: https://www.magneto365.com/co/trabajos/buscar/desarrollador-typescript
2026-05-08 17:19:18 | INFO | Ofertas extraídas de Magneto: 1
2026-05-08 17:19:18 | INFO | Buscando en Magneto: https://www.magneto365.com/co/trabajos/buscar/desarrollador-node
2026-05-08 17:19:19 | INFO | Ofertas extraídas de Magneto: 2
2026-05-08 17:19:19 | INFO | Buscando en Magneto: https://www.magneto365.com/co/trabajos/buscar/ingeniero-software
2026-05-08 17:19:20 | INFO | Ofertas extraídas de Magneto: 17
2026-05-08 17:19:20 | INFO | Buscando en Magneto: https://www.magneto365.com/co/trabajos/buscar/analista-desarrollo
2026-05-08 17:19:21 | INFO | Ofertas extraídas de Magneto: 12
2026-05-08 17:19:21 | INFO | Buscando en Magneto: https://www.magneto365.com/co/trabajos/buscar/desarrollador-software
2026-05-08 17:19:23 | INFO | Ofertas extraídas de Magneto: 19
2026-05-08 17:19:23 | INFO | Buscando en Magneto: https://www.magneto365.com/co/trabajos/buscar/programador
2026-05-08 17:19:24 | INFO | Ofertas extraídas de Magneto: 17
2026-05-08 17:19:24 | INFO | Oferta duplicada omitida: https://www.magneto365.com/co/empleos/full-stack-developer-1626494698-9-912135
2026-05-08 17:19:24 | INFO | Oferta duplicada omitida: https://www.magneto365.com/co/empleos/desarrollador-ti-911545
2026-05-08 17:19:24 | INFO | Oferta duplicada omitida: https://www.magneto365.com/co/empleos/desarrollador-full-stack-895702
2026-05-08 17:19:24 | INFO | Oferta duplicada omitida: https://www.magneto365.com/co/empleos/desarrollador-full-896787
2026-05-08 17:19:24 | INFO | Oferta duplicada omitida: https://www.magneto365.com/co/empleos/desarrollador-fullstack-javascriptnode-js-colombia-906260
2026-05-08 17:19:24 | INFO | Oferta duplicada omitida: https://www.magneto365.com/co/empleos/desarrollador-de-software-con-enfoque-en-inteligencia-artificial-899657
2026-05-08 17:19:24 | INFO | Oferta duplicada omitida: https://www.magneto365.com/co/empleos/desarrollador-de-software-ia-javascript-react-bucaramanga-913803
2026-05-08 17:19:24 | INFO | Oferta duplicada omitida: https://www.magneto365.com/co/empleos/desarrollador-python-bogota-909596
2026-05-08 17:19:24 | INFO | Oferta duplicada omitida: https://www.magneto365.com/co/empleos/desarrolladora-fullstack-896069
2026-05-08 17:19:24 | INFO | Oferta duplicada omitida: https://www.magneto365.com/co/empleos/desarrollador-fullstack-884799
2026-05-08 17:19:24 | INFO | Oferta duplicada omitida: https://www.magneto365.com/co/empleos/ingeniero-fullstack-senior-net-flutter-angular-teletrabajo-en-colombia-882683
2026-05-08 17:19:24 | INFO | Oferta duplicada omitida: https://www.magneto365.com/co/empleos/desarrollador-fullstack-senior-net-react-teletrabajo-colombia-889531
2026-05-08 17:19:24 | INFO | Oferta duplicada omitida: https://www.magneto365.com/co/empleos/desarrollador-fullstack-medellin-846369
2026-05-08 17:19:24 | INFO | Oferta duplicada omitida: https://www.magneto365.com/co/empleos/desarrollador-backend-senior-python-897964
2026-05-08 17:19:24 | INFO | Oferta duplicada omitida: https://www.magneto365.com/co/empleos/desarrollador-a-mobile-react-native-bogota-913246
2026-05-08 17:19:24 | INFO | Oferta duplicada omitida: https://www.magneto365.com/co/empleos/analista-tecnico-senior-bilingue-b2c1-java-react-react-native-remoto-bogota-887625
2026-05-08 17:19:24 | INFO | Oferta duplicada omitida: https://www.magneto365.com/co/empleos/desarrollador-senior-full-stack-bilingue-java-react-remoto-bogota-892791
2026-05-08 17:19:24 | INFO | Oferta duplicada omitida: https://www.magneto365.com/co/empleos/desarrollador-de-software-909610
2026-05-08 17:19:24 | INFO | Oferta duplicada omitida: https://www.magneto365.com/co/empleos/senior-data-engineer-1626494698-8-892405
2026-05-08 17:19:24 | INFO | Oferta duplicada omitida: https://www.magneto365.com/co/empleos/ingeniero-devops-mid-junior-899771
2026-05-08 17:19:24 | INFO | Oferta duplicada omitida: https://www.magneto365.com/co/empleos/analista-qa-882273
2026-05-08 17:19:24 | INFO | Oferta duplicada omitida: https://www.magneto365.com/co/empleos/desarrollador-fullstack-senior-hibrido-en-cali-895467
2026-05-08 17:19:24 | INFO | Oferta duplicada omitida: https://www.magneto365.com/co/empleos/desarrollador-fullstack-en-hidrocarburos-python-java-891227
2026-05-08 17:19:24 | INFO | Oferta duplicada omitida: https://www.magneto365.com/co/empleos/desarrollador-fullstack-senior-hibrido-en-cali-848809
2026-05-08 17:19:24 | INFO | Oferta duplicada omitida: https://www.magneto365.com/co/empleos/desarrollador-fullstack-senior-829393
2026-05-08 17:19:24 | INFO | Oferta duplicada omitida: https://www.magneto365.com/co/empleos/desarrollador-php-freelance-884817
2026-05-08 17:19:24 | INFO | Oferta duplicada omitida: https://www.magneto365.com/co/empleos/desarrollador-a-de-software-891058
2026-05-08 17:19:24 | INFO | Oferta duplicada omitida: https://www.magneto365.com/co/empleos/desarrollador-frontend-y-gestion-de-contenido-medellin-884727
2026-05-08 17:19:24 | INFO | Oferta duplicada omitida: https://www.magneto365.com/co/empleos/desarrollador-frontend-webmaster-847312
2026-05-08 17:19:24 | INFO | Oferta duplicada omitida: https://www.magneto365.com/co/empleos/senior-frontend-engineer-907809
2026-05-08 17:19:24 | INFO | Oferta duplicada omitida: https://www.magneto365.com/co/empleos/desarrollador-front-end-ecommerce-897233
2026-05-08 17:19:24 | INFO | Oferta duplicada omitida: https://www.magneto365.com/co/empleos/desarrollador-backend-912569
2026-05-08 17:19:24 | INFO | Oferta duplicada omitida: https://www.magneto365.com/co/empleos/desarrollador-backend-oracle-plsql-hxgn-eam-galapa-907640
2026-05-08 17:19:24 | INFO | Oferta duplicada omitida: https://www.magneto365.com/co/empleos/desarrollador-backend-884791
2026-05-08 17:19:24 | INFO | Oferta duplicada omitida: https://www.magneto365.com/co/empleos/desarrollador-senior-java-spring-boot-y-python-remoto-colombia-899477
2026-05-08 17:19:24 | INFO | Oferta duplicada omitida: https://www.magneto365.com/co/empleos/desarrollador-full-stack-895178
2026-05-08 17:19:24 | INFO | Oferta duplicada omitida: https://www.magneto365.com/co/empleos/especialista-i-desarrollador-pco-886336
2026-05-08 17:19:24 | INFO | Oferta duplicada omitida: https://www.magneto365.com/co/empleos/desarrollador-full-stack-python-react-ia-cali-908099
2026-05-08 17:19:24 | INFO | Oferta duplicada omitida: https://www.magneto365.com/co/empleos/desarrollador-senior-full-stack-909405
2026-05-08 17:19:24 | INFO | Oferta duplicada omitida: https://www.magneto365.com/co/empleos/desarrolladorprogramador-bi-financiera-888680
2026-05-08 17:19:24 | INFO | Oferta duplicada omitida: https://www.magneto365.com/co/empleos/desarrollador-especialista-de-software-medellin-843102
2026-05-08 17:19:24 | INFO | Oferta duplicada omitida: https://www.magneto365.com/co/empleos/desarrollador-de-software-835075
2026-05-08 17:19:24 | INFO | Oferta duplicada omitida: https://www.magneto365.com/co/empleos/ingeniero-a-tecnologia-talento-que-transforma-913134
2026-05-08 17:19:24 | INFO | Oferta duplicada omitida: https://www.magneto365.com/co/empleos/tester-qa-pruebas-de-software-hibrido-bogota-908108
2026-05-08 17:19:24 | INFO | Oferta duplicada omitida: https://www.magneto365.com/co/empleos/coordinadora-de-servicios-de-desarrollo-de-software-1626119083-2-900284
2026-05-08 17:19:24 | INFO | Oferta duplicada omitida: https://www.magneto365.com/co/empleos/arquitecto-de-software-899087
2026-05-08 17:19:24 | INFO | Oferta duplicada omitida: https://www.magneto365.com/co/empleos/lider-tecnico-desarrollo-software-java-888526
2026-05-08 17:19:24 | INFO | Oferta duplicada omitida: https://www.magneto365.com/co/empleos/arquitecto-de-software-para-transformacion-digital-en-salud-y-contabilidad-886496
2026-05-08 17:19:24 | INFO | Oferta duplicada omitida: https://www.magneto365.com/co/empleos/arquitecto-de-software-822827
2026-05-08 17:19:24 | INFO | Oferta duplicada omitida: https://www.magneto365.com/co/empleos/practicante-sistemas-de-informacion-base-comercial-895470
2026-05-08 17:19:24 | INFO | Oferta duplicada omitida: https://www.magneto365.com/co/empleos/desarrollador-de-software-lider-microservicios-remoto-894672
2026-05-08 17:19:24 | INFO | Oferta duplicada omitida: https://www.magneto365.com/co/empleos/analista-tecnico-senior-desarrollo-de-software-bilingue-884537
2026-05-08 17:19:24 | INFO | Oferta duplicada omitida: https://www.magneto365.com/co/empleos/practicante-ingenieria-de-sistemas-desarrollo-y-soporte-ti-bogota-901179
2026-05-08 17:19:24 | INFO | Oferta duplicada omitida: https://www.magneto365.com/co/empleos/practicante-profesional-ingenieria-de-sistemas-medellin-899409
2026-05-08 17:19:24 | INFO | Oferta duplicada omitida: https://www.magneto365.com/co/empleos/practicante-chatbot-contratacion-y-colaboradores-whatsapp-895458
2026-05-08 17:19:24 | INFO | Oferta duplicada omitida: https://www.magneto365.com/co/empleos/analista-desarrollo-comercial-ii-bogota-899720
2026-05-08 17:19:24 | INFO | Oferta duplicada omitida: https://www.magneto365.com/co/empleos/analista-de-desarrollo-de-software-net-angular-sql-server-colombia-914543
2026-05-08 17:19:24 | INFO | Oferta duplicada omitida: https://www.magneto365.com/co/empleos/analista-de-ingenieria-desarrollo-de-producto-industrial-914466
2026-05-08 17:19:24 | INFO | Oferta duplicada omitida: https://www.magneto365.com/co/empleos/analista-de-desarrollo-logistico-908067
2026-05-08 17:19:24 | INFO | Oferta duplicada omitida: https://www.magneto365.com/co/empleos/analista-de-desarrollo-de-productos-industria-colombia-906038
2026-05-08 17:19:24 | INFO | Oferta duplicada omitida: https://www.magneto365.com/co/empleos/analista-de-formacion-y-desarrollo-de-talento-905159
2026-05-08 17:19:24 | INFO | Oferta duplicada omitida: https://www.magneto365.com/co/empleos/analista-de-cultura-y-desarrollo-temporal-por-licencia-de-maternidad-901840
2026-05-08 17:19:24 | INFO | Oferta duplicada omitida: https://www.magneto365.com/co/empleos/analista-de-automatizacion-y-desarrollo-termino-fijo-900710
2026-05-08 17:19:24 | INFO | Oferta duplicada omitida: https://www.magneto365.com/co/empleos/analista-de-desarrollo-de-software-1626071855-68-897977
2026-05-08 17:19:24 | INFO | Oferta duplicada omitida: https://www.magneto365.com/co/empleos/analista-de-desarrollo-humano-897395
2026-05-08 17:19:24 | INFO | Oferta duplicada omitida: https://www.magneto365.com/co/empleos/analista-de-atraccion-cultura-y-desarrollo-1626073720-39-887030
2026-05-08 17:19:24 | INFO | Oferta duplicada omitida: https://www.magneto365.com/co/empleos/desarrolladora-de-software-1626142096-3-908837
2026-05-08 17:19:24 | INFO | Oferta duplicada omitida: https://www.magneto365.com/co/empleos/ceid-desarrolladora-de-software-senior-rpa-905848
2026-05-08 17:19:24 | INFO | Oferta duplicada omitida: https://www.magneto365.com/co/empleos/desarrolladora-de-software-qa-1626436242-51-906064
2026-05-08 17:19:24 | INFO | Oferta duplicada omitida: https://www.magneto365.com/co/empleos/ceid-desarrollador-de-software-semisenior-1626492604-5-891596
2026-05-08 17:19:24 | INFO | Oferta duplicada omitida: https://www.magneto365.com/co/empleos/desarrollador-de-negocios-bogota-910216
2026-05-08 17:19:24 | INFO | Oferta duplicada omitida: https://www.magneto365.com/co/empleos/desarrollador-mid-level-sprint-contributor-902838
2026-05-08 17:19:24 | INFO | Oferta duplicada omitida: https://www.magneto365.com/co/empleos/desarrolladora-fronted-1626040293-334-896881
2026-05-08 17:19:24 | INFO | Oferta duplicada omitida: https://www.magneto365.com/co/empleos/programador-de-publicidad-digital-893246
2026-05-08 17:19:24 | INFO | Oferta duplicada omitida: https://www.magneto365.com/co/empleos/programador-tornero-cnc-puente-aranda-891925
2026-05-08 17:19:24 | INFO | Oferta duplicada omitida: https://www.magneto365.com/co/empleos/programador-de-flota-33303-886852
2026-05-08 17:19:24 | INFO | Oferta duplicada omitida: https://www.magneto365.com/co/empleos/instrumentador-quirurgico-888639
2026-05-08 17:19:24 | INFO | Oferta duplicada omitida: https://www.magneto365.com/co/empleos/analista-de-programacion-de-turnos-en-empresas-de-seguridad-881373
2026-05-08 17:19:24 | INFO | Oferta duplicada omitida: https://www.magneto365.com/co/empleos/integracion-automatizacion-control-ensamble-832860
2026-05-08 17:19:24 | INFO | Oferta duplicada omitida: https://www.magneto365.com/co/empleos/lider-de-planeacion-y-programacion-de-produccion-colombia-894342
2026-05-08 17:19:24 | INFO | Resumen ciclo | revisadas=80 | aplicadas=0 | errores=0 | omitidas=80
2026-05-08 17:19:24 | INFO | Esperando 180 segundos para el siguiente ciclo...
2026-05-08 17:22:24 | INFO | --------------------------------------------------------------------------------
2026-05-08 17:22:24 | INFO | Iniciando ciclo #18
2026-05-08 17:22:24 | INFO | Buscando en Magneto: https://www.magneto365.com/co/trabajos/buscar/full-stack-developer
2026-05-08 17:22:26 | INFO | Ofertas extraídas de Magneto: 8
2026-05-08 17:22:26 | INFO | Buscando en Magneto: https://www.magneto365.com/co/trabajos/buscar/fullstack-developer
2026-05-08 17:22:27 | INFO | Ofertas extraídas de Magneto: 6
2026-05-08 17:22:27 | INFO | Buscando en Magneto: https://www.magneto365.com/co/trabajos/buscar/frontend-developer
2026-05-08 17:22:27 | INFO | Ofertas extraídas de Magneto: 1
2026-05-08 17:22:27 | INFO | Buscando en Magneto: https://www.magneto365.com/co/trabajos/buscar/backend-developer
2026-05-08 17:22:28 | INFO | Ofertas extraídas de Magneto: 4
2026-05-08 17:22:28 | INFO | Buscando en Magneto: https://www.magneto365.com/co/trabajos/buscar/react-developer
2026-05-08 17:22:29 | INFO | Ofertas extraídas de Magneto: 6
2026-05-08 17:22:29 | INFO | Buscando en Magneto: https://www.magneto365.com/co/trabajos/buscar/react-native
2026-05-08 17:22:30 | INFO | Ofertas extraídas de Magneto: 3
2026-05-08 17:22:30 | INFO | Buscando en Magneto: https://www.magneto365.com/co/trabajos/buscar/node-js-developer
2026-05-08 17:22:51 | INFO | No se encontraron resultados visibles en la búsqueda actual.
2026-05-08 17:22:51 | INFO | Ofertas extraídas de Magneto: 0
2026-05-08 17:22:51 | INFO | Busqueda por URL sin resultados. Usando pagina de ciudad para: Node.js Developer
2026-05-08 17:22:52 | INFO | Ofertas extraídas de Magneto: 0
2026-05-08 17:22:52 | INFO | Buscando en Magneto: https://www.magneto365.com/co/trabajos/buscar/javascript-developer
2026-05-08 17:22:53 | INFO | Ofertas extraídas de Magneto: 6
2026-05-08 17:22:53 | INFO | Buscando en Magneto: https://www.magneto365.com/co/trabajos/buscar/typescript-developer
2026-05-08 17:23:16 | INFO | No se encontraron resultados visibles en la búsqueda actual.
2026-05-08 17:23:16 | INFO | Ofertas extraídas de Magneto: 0
2026-05-08 17:23:16 | INFO | Busqueda por URL sin resultados. Usando pagina de ciudad para: TypeScript Developer
2026-05-08 17:23:18 | INFO | Ofertas extraídas de Magneto: 0
2026-05-08 17:23:18 | INFO | Buscando en Magneto: https://www.magneto365.com/co/trabajos/buscar/software-engineer
2026-05-08 17:23:19 | INFO | Ofertas extraídas de Magneto: 6
2026-05-08 17:23:19 | INFO | Buscando en Magneto: https://www.magneto365.com/co/trabajos/buscar/desarrollador-fullstack
2026-05-08 17:23:20 | INFO | Ofertas extraídas de Magneto: 12
2026-05-08 17:23:20 | INFO | Buscando en Magneto: https://www.magneto365.com/co/trabajos/buscar/desarrollador-frontend
2026-05-08 17:23:21 | INFO | Ofertas extraídas de Magneto: 5
2026-05-08 17:23:21 | INFO | Buscando en Magneto: https://www.magneto365.com/co/trabajos/buscar/desarrollador-backend
2026-05-08 17:23:22 | INFO | Ofertas extraídas de Magneto: 10
2026-05-08 17:23:22 | INFO | Buscando en Magneto: https://www.magneto365.com/co/trabajos/buscar/desarrollador-react
2026-05-08 17:23:23 | INFO | Ofertas extraídas de Magneto: 13
2026-05-08 17:23:23 | INFO | Buscando en Magneto: https://www.magneto365.com/co/trabajos/buscar/desarrollador-javascript
2026-05-08 17:23:24 | INFO | Ofertas extraídas de Magneto: 11
2026-05-08 17:23:24 | INFO | Buscando en Magneto: https://www.magneto365.com/co/trabajos/buscar/desarrollador-typescript
2026-05-08 17:23:25 | INFO | Ofertas extraídas de Magneto: 1
2026-05-08 17:23:25 | INFO | Buscando en Magneto: https://www.magneto365.com/co/trabajos/buscar/desarrollador-node
2026-05-08 17:23:26 | INFO | Ofertas extraídas de Magneto: 2
2026-05-08 17:23:26 | INFO | Buscando en Magneto: https://www.magneto365.com/co/trabajos/buscar/ingeniero-software
2026-05-08 17:23:27 | INFO | Ofertas extraídas de Magneto: 17
2026-05-08 17:23:27 | INFO | Buscando en Magneto: https://www.magneto365.com/co/trabajos/buscar/analista-desarrollo
2026-05-08 17:23:28 | INFO | Ofertas extraídas de Magneto: 12
2026-05-08 17:23:28 | INFO | Buscando en Magneto: https://www.magneto365.com/co/trabajos/buscar/desarrollador-software
2026-05-08 17:23:29 | INFO | Ofertas extraídas de Magneto: 19
2026-05-08 17:23:29 | INFO | Buscando en Magneto: https://www.magneto365.com/co/trabajos/buscar/programador
2026-05-08 17:23:31 | INFO | Ofertas extraídas de Magneto: 17
2026-05-08 17:23:31 | INFO | Oferta duplicada omitida: https://www.magneto365.com/co/empleos/full-stack-developer-1626494698-9-912135
2026-05-08 17:23:31 | INFO | Oferta duplicada omitida: https://www.magneto365.com/co/empleos/desarrollador-ti-911545
2026-05-08 17:23:31 | INFO | Oferta duplicada omitida: https://www.magneto365.com/co/empleos/desarrollador-full-stack-895702
2026-05-08 17:23:31 | INFO | Oferta duplicada omitida: https://www.magneto365.com/co/empleos/desarrollador-full-896787
2026-05-08 17:23:31 | INFO | Oferta duplicada omitida: https://www.magneto365.com/co/empleos/desarrollador-fullstack-javascriptnode-js-colombia-906260
2026-05-08 17:23:31 | INFO | Oferta duplicada omitida: https://www.magneto365.com/co/empleos/desarrollador-de-software-con-enfoque-en-inteligencia-artificial-899657
2026-05-08 17:23:31 | INFO | Oferta duplicada omitida: https://www.magneto365.com/co/empleos/desarrollador-de-software-ia-javascript-react-bucaramanga-913803
2026-05-08 17:23:31 | INFO | Oferta duplicada omitida: https://www.magneto365.com/co/empleos/desarrollador-python-bogota-909596
2026-05-08 17:23:31 | INFO | Oferta duplicada omitida: https://www.magneto365.com/co/empleos/desarrolladora-fullstack-896069
2026-05-08 17:23:31 | INFO | Oferta duplicada omitida: https://www.magneto365.com/co/empleos/desarrollador-fullstack-884799
2026-05-08 17:23:31 | INFO | Oferta duplicada omitida: https://www.magneto365.com/co/empleos/ingeniero-fullstack-senior-net-flutter-angular-teletrabajo-en-colombia-882683
2026-05-08 17:23:31 | INFO | Oferta duplicada omitida: https://www.magneto365.com/co/empleos/desarrollador-fullstack-senior-net-react-teletrabajo-colombia-889531
2026-05-08 17:23:31 | INFO | Oferta duplicada omitida: https://www.magneto365.com/co/empleos/desarrollador-fullstack-medellin-846369
2026-05-08 17:23:31 | INFO | Oferta duplicada omitida: https://www.magneto365.com/co/empleos/desarrollador-backend-senior-python-897964
2026-05-08 17:23:31 | INFO | Oferta duplicada omitida: https://www.magneto365.com/co/empleos/desarrollador-a-mobile-react-native-bogota-913246
2026-05-08 17:23:31 | INFO | Oferta duplicada omitida: https://www.magneto365.com/co/empleos/analista-tecnico-senior-bilingue-b2c1-java-react-react-native-remoto-bogota-887625
2026-05-08 17:23:31 | INFO | Oferta duplicada omitida: https://www.magneto365.com/co/empleos/desarrollador-senior-full-stack-bilingue-java-react-remoto-bogota-892791
2026-05-08 17:23:31 | INFO | Oferta duplicada omitida: https://www.magneto365.com/co/empleos/desarrollador-de-software-909610
2026-05-08 17:23:31 | INFO | Oferta duplicada omitida: https://www.magneto365.com/co/empleos/senior-data-engineer-1626494698-8-892405
2026-05-08 17:23:31 | INFO | Oferta duplicada omitida: https://www.magneto365.com/co/empleos/ingeniero-devops-mid-junior-899771
2026-05-08 17:23:31 | INFO | Oferta duplicada omitida: https://www.magneto365.com/co/empleos/analista-qa-882273
2026-05-08 17:23:31 | INFO | Oferta duplicada omitida: https://www.magneto365.com/co/empleos/desarrollador-fullstack-senior-hibrido-en-cali-895467
2026-05-08 17:23:31 | INFO | Oferta duplicada omitida: https://www.magneto365.com/co/empleos/desarrollador-fullstack-en-hidrocarburos-python-java-891227
2026-05-08 17:23:31 | INFO | Oferta duplicada omitida: https://www.magneto365.com/co/empleos/desarrollador-fullstack-senior-hibrido-en-cali-848809
2026-05-08 17:23:31 | INFO | Oferta duplicada omitida: https://www.magneto365.com/co/empleos/desarrollador-fullstack-senior-829393
2026-05-08 17:23:31 | INFO | Oferta duplicada omitida: https://www.magneto365.com/co/empleos/desarrollador-php-freelance-884817
2026-05-08 17:23:31 | INFO | Oferta duplicada omitida: https://www.magneto365.com/co/empleos/desarrollador-a-de-software-891058
2026-05-08 17:23:31 | INFO | Oferta duplicada omitida: https://www.magneto365.com/co/empleos/desarrollador-frontend-y-gestion-de-contenido-medellin-884727
2026-05-08 17:23:31 | INFO | Oferta duplicada omitida: https://www.magneto365.com/co/empleos/desarrollador-frontend-webmaster-847312
2026-05-08 17:23:31 | INFO | Oferta duplicada omitida: https://www.magneto365.com/co/empleos/senior-frontend-engineer-907809
2026-05-08 17:23:31 | INFO | Oferta duplicada omitida: https://www.magneto365.com/co/empleos/desarrollador-front-end-ecommerce-897233
2026-05-08 17:23:31 | INFO | Oferta duplicada omitida: https://www.magneto365.com/co/empleos/desarrollador-backend-912569
2026-05-08 17:23:31 | INFO | Oferta duplicada omitida: https://www.magneto365.com/co/empleos/desarrollador-backend-oracle-plsql-hxgn-eam-galapa-907640
2026-05-08 17:23:31 | INFO | Oferta duplicada omitida: https://www.magneto365.com/co/empleos/desarrollador-backend-884791
2026-05-08 17:23:31 | INFO | Oferta duplicada omitida: https://www.magneto365.com/co/empleos/desarrollador-senior-java-spring-boot-y-python-remoto-colombia-899477
2026-05-08 17:23:31 | INFO | Oferta duplicada omitida: https://www.magneto365.com/co/empleos/desarrollador-full-stack-895178
2026-05-08 17:23:31 | INFO | Oferta duplicada omitida: https://www.magneto365.com/co/empleos/especialista-i-desarrollador-pco-886336
2026-05-08 17:23:31 | INFO | Oferta duplicada omitida: https://www.magneto365.com/co/empleos/desarrollador-full-stack-python-react-ia-cali-908099
2026-05-08 17:23:31 | INFO | Oferta duplicada omitida: https://www.magneto365.com/co/empleos/desarrollador-senior-full-stack-909405
2026-05-08 17:23:31 | INFO | Oferta duplicada omitida: https://www.magneto365.com/co/empleos/desarrolladorprogramador-bi-financiera-888680
2026-05-08 17:23:31 | INFO | Oferta duplicada omitida: https://www.magneto365.com/co/empleos/desarrollador-especialista-de-software-medellin-843102
2026-05-08 17:23:31 | INFO | Oferta duplicada omitida: https://www.magneto365.com/co/empleos/desarrollador-de-software-835075
2026-05-08 17:23:31 | INFO | Oferta duplicada omitida: https://www.magneto365.com/co/empleos/ingeniero-a-tecnologia-talento-que-transforma-913134
2026-05-08 17:23:31 | INFO | Oferta duplicada omitida: https://www.magneto365.com/co/empleos/tester-qa-pruebas-de-software-hibrido-bogota-908108
2026-05-08 17:23:31 | INFO | Oferta duplicada omitida: https://www.magneto365.com/co/empleos/coordinadora-de-servicios-de-desarrollo-de-software-1626119083-2-900284
2026-05-08 17:23:31 | INFO | Oferta duplicada omitida: https://www.magneto365.com/co/empleos/arquitecto-de-software-899087
2026-05-08 17:23:31 | INFO | Oferta duplicada omitida: https://www.magneto365.com/co/empleos/lider-tecnico-desarrollo-software-java-888526
2026-05-08 17:23:31 | INFO | Oferta duplicada omitida: https://www.magneto365.com/co/empleos/arquitecto-de-software-para-transformacion-digital-en-salud-y-contabilidad-886496
2026-05-08 17:23:31 | INFO | Oferta duplicada omitida: https://www.magneto365.com/co/empleos/arquitecto-de-software-822827
2026-05-08 17:23:31 | INFO | Oferta duplicada omitida: https://www.magneto365.com/co/empleos/practicante-sistemas-de-informacion-base-comercial-895470
2026-05-08 17:23:31 | INFO | Oferta duplicada omitida: https://www.magneto365.com/co/empleos/desarrollador-de-software-lider-microservicios-remoto-894672
2026-05-08 17:23:31 | INFO | Oferta duplicada omitida: https://www.magneto365.com/co/empleos/analista-tecnico-senior-desarrollo-de-software-bilingue-884537
2026-05-08 17:23:31 | INFO | Oferta duplicada omitida: https://www.magneto365.com/co/empleos/practicante-ingenieria-de-sistemas-desarrollo-y-soporte-ti-bogota-901179
2026-05-08 17:23:31 | INFO | Oferta duplicada omitida: https://www.magneto365.com/co/empleos/practicante-profesional-ingenieria-de-sistemas-medellin-899409
2026-05-08 17:23:31 | INFO | Oferta duplicada omitida: https://www.magneto365.com/co/empleos/practicante-chatbot-contratacion-y-colaboradores-whatsapp-895458
2026-05-08 17:23:31 | INFO | Oferta duplicada omitida: https://www.magneto365.com/co/empleos/analista-desarrollo-comercial-ii-bogota-899720
2026-05-08 17:23:31 | INFO | Oferta duplicada omitida: https://www.magneto365.com/co/empleos/analista-de-desarrollo-de-software-net-angular-sql-server-colombia-914543
2026-05-08 17:23:31 | INFO | Oferta duplicada omitida: https://www.magneto365.com/co/empleos/analista-de-ingenieria-desarrollo-de-producto-industrial-914466
2026-05-08 17:23:31 | INFO | Oferta duplicada omitida: https://www.magneto365.com/co/empleos/analista-de-desarrollo-logistico-908067
2026-05-08 17:23:31 | INFO | Oferta duplicada omitida: https://www.magneto365.com/co/empleos/analista-de-desarrollo-de-productos-industria-colombia-906038
2026-05-08 17:23:31 | INFO | Oferta duplicada omitida: https://www.magneto365.com/co/empleos/analista-de-formacion-y-desarrollo-de-talento-905159
2026-05-08 17:23:31 | INFO | Oferta duplicada omitida: https://www.magneto365.com/co/empleos/analista-de-cultura-y-desarrollo-temporal-por-licencia-de-maternidad-901840
2026-05-08 17:23:31 | INFO | Oferta duplicada omitida: https://www.magneto365.com/co/empleos/analista-de-automatizacion-y-desarrollo-termino-fijo-900710
2026-05-08 17:23:31 | INFO | Oferta duplicada omitida: https://www.magneto365.com/co/empleos/analista-de-desarrollo-de-software-1626071855-68-897977
2026-05-08 17:23:31 | INFO | Oferta duplicada omitida: https://www.magneto365.com/co/empleos/analista-de-desarrollo-humano-897395
2026-05-08 17:23:31 | INFO | Oferta duplicada omitida: https://www.magneto365.com/co/empleos/analista-de-atraccion-cultura-y-desarrollo-1626073720-39-887030
2026-05-08 17:23:31 | INFO | Oferta duplicada omitida: https://www.magneto365.com/co/empleos/desarrolladora-de-software-1626142096-3-908837
2026-05-08 17:23:31 | INFO | Oferta duplicada omitida: https://www.magneto365.com/co/empleos/ceid-desarrolladora-de-software-senior-rpa-905848
2026-05-08 17:23:31 | INFO | Oferta duplicada omitida: https://www.magneto365.com/co/empleos/desarrolladora-de-software-qa-1626436242-51-906064
2026-05-08 17:23:31 | INFO | Oferta duplicada omitida: https://www.magneto365.com/co/empleos/ceid-desarrollador-de-software-semisenior-1626492604-5-891596
2026-05-08 17:23:31 | INFO | Oferta duplicada omitida: https://www.magneto365.com/co/empleos/desarrollador-de-negocios-bogota-910216
2026-05-08 17:23:31 | INFO | Oferta duplicada omitida: https://www.magneto365.com/co/empleos/desarrollador-mid-level-sprint-contributor-902838
2026-05-08 17:23:31 | INFO | Oferta duplicada omitida: https://www.magneto365.com/co/empleos/desarrolladora-fronted-1626040293-334-896881
2026-05-08 17:23:31 | INFO | Oferta duplicada omitida: https://www.magneto365.com/co/empleos/programador-de-publicidad-digital-893246
2026-05-08 17:23:31 | INFO | Oferta duplicada omitida: https://www.magneto365.com/co/empleos/programador-tornero-cnc-puente-aranda-891925
2026-05-08 17:23:31 | INFO | Oferta duplicada omitida: https://www.magneto365.com/co/empleos/programador-de-flota-33303-886852
2026-05-08 17:23:31 | INFO | Oferta duplicada omitida: https://www.magneto365.com/co/empleos/instrumentador-quirurgico-888639
2026-05-08 17:23:31 | INFO | Oferta duplicada omitida: https://www.magneto365.com/co/empleos/analista-de-programacion-de-turnos-en-empresas-de-seguridad-881373
2026-05-08 17:23:31 | INFO | Oferta duplicada omitida: https://www.magneto365.com/co/empleos/integracion-automatizacion-control-ensamble-832860
2026-05-08 17:23:31 | INFO | Oferta duplicada omitida: https://www.magneto365.com/co/empleos/lider-de-planeacion-y-programacion-de-produccion-colombia-894342
2026-05-08 17:23:31 | INFO | Resumen ciclo | revisadas=80 | aplicadas=0 | errores=0 | omitidas=80
2026-05-08 17:23:31 | INFO | Esperando 180 segundos para el siguiente ciclo...
2026-05-08 18:14:00 | INFO | --------------------------------------------------------------------------------
2026-05-08 18:14:00 | INFO | Iniciando ciclo #19
2026-05-08 18:14:00 | INFO | Buscando en Magneto: https://www.magneto365.com/co/trabajos/buscar/full-stack-developer
2026-05-08 18:14:00 | ERROR | ❌ Error en ciclo #19: Message: invalid session id: session deleted as the browser has closed the connection
from disconnected: not connected to DevTools
  (Session info: MicrosoftEdge=148.0.3967.54); For documentation on this error, please visit: https://www.selenium.dev/documentation/webdriver/troubleshooting/errors#invalidsessionidexception
Stacktrace:
	msedgedriver!GetHandleVerifier [0x7ff7838e0f15+e235]
	msedgedriver!GetHandleVerifier [0x7ff7838e0f74+e294]
	msedgedriver!GetHandleVerifier [0x7ff783c5a65a+38797a]
	msedgedriver!(No symbol) [0x7ff7835fc5e2]
	msedgedriver!(No symbol) [0x7ff783617e03]
	msedgedriver!(No symbol) [0x7ff783678ac1]
	msedgedriver!(No symbol) [0x7ff78368ea1f]
	msedgedriver!(No symbol) [0x7ff78364a30c]
	msedgedriver!(No symbol) [0x7ff783649566]
	msedgedriver!(No symbol) [0x7ff78364a133]
	msedgedriver!(No symbol) [0x7ff783713e49]
	msedgedriver!(No symbol) [0x7ff783710413]
	msedgedriver!(No symbol) [0x7ff783720672]
	msedgedriver!GetHandleVerifier [0x7ff7838fd498+2a7b8]
	msedgedriver!GetHandleVerifier [0x7ff783905e86+331a6]
	msedgedriver!GetHandleVerifier [0x7ff7838e8274+15594]
	msedgedriver!GetHandleVerifier [0x7ff7838e8395+156b5]
	msedgedriver!GetHandleVerifier [0x7ff7838d56a3+29c3]
	KERNEL32!BaseThreadInitThunk [0x7fffec53e8d7+17]
	ntdll!RtlUserThreadStart [0x7fffecfcc3fc+2c]
Traceback (most recent call last):
  File "C:\Users\millo\Downloads\hoja de vida\job_bot\main.py", line 97, in main
    summary = run_cycle(settings, platform, tracker)
  File "C:\Users\millo\Downloads\hoja de vida\job_bot\main.py", line 40, in run_cycle
    offers = searcher.search_many(settings.search_keywords)
  File "C:\Users\millo\Downloads\hoja de vida\job_bot\services\searcher.py", line 14, in search_many
    for offer in self.platform.search(keyword):
                 ~~~~~~~~~~~~~~~~~~~~^^^^^^^^^
  File "C:\Users\millo\Downloads\hoja de vida\job_bot\platforms\magneto.py", line 65, in search
    self.driver.get(search_url)
    ~~~~~~~~~~~~~~~^^^^^^^^^^^^
  File "C:\Users\millo\Downloads\hoja de vida\job_bot\.venv\Lib\site-packages\selenium\webdriver\remote\webdriver.py", line 470, in get
    self.execute(Command.GET, {"url": url})
    ~~~~~~~~~~~~^^^^^^^^^^^^^^^^^^^^^^^^^^^
  File "C:\Users\millo\Downloads\hoja de vida\job_bot\.venv\Lib\site-packages\selenium\webdriver\remote\webdriver.py", line 450, in execute
    self.error_handler.check_response(response)
    ~~~~~~~~~~~~~~~~~~~~~~~~~~~~~~~~~^^^^^^^^^^
  File "C:\Users\millo\Downloads\hoja de vida\job_bot\.venv\Lib\site-packages\selenium\webdriver\remote\errorhandler.py", line 232, in check_response
    raise exception_class(message, screen, stacktrace)
selenium.common.exceptions.InvalidSessionIdException: Message: invalid session id: session deleted as the browser has closed the connection
from disconnected: not connected to DevTools
  (Session info: MicrosoftEdge=148.0.3967.54); For documentation on this error, please visit: https://www.selenium.dev/documentation/webdriver/troubleshooting/errors#invalidsessionidexception
Stacktrace:
	msedgedriver!GetHandleVerifier [0x7ff7838e0f15+e235]
	msedgedriver!GetHandleVerifier [0x7ff7838e0f74+e294]
	msedgedriver!GetHandleVerifier [0x7ff783c5a65a+38797a]
	msedgedriver!(No symbol) [0x7ff7835fc5e2]
	msedgedriver!(No symbol) [0x7ff783617e03]
	msedgedriver!(No symbol) [0x7ff783678ac1]
	msedgedriver!(No symbol) [0x7ff78368ea1f]
	msedgedriver!(No symbol) [0x7ff78364a30c]
	msedgedriver!(No symbol) [0x7ff783649566]
	msedgedriver!(No symbol) [0x7ff78364a133]
	msedgedriver!(No symbol) [0x7ff783713e49]
	msedgedriver!(No symbol) [0x7ff783710413]
	msedgedriver!(No symbol) [0x7ff783720672]
	msedgedriver!GetHandleVerifier [0x7ff7838fd498+2a7b8]
	msedgedriver!GetHandleVerifier [0x7ff783905e86+331a6]
	msedgedriver!GetHandleVerifier [0x7ff7838e8274+15594]
	msedgedriver!GetHandleVerifier [0x7ff7838e8395+156b5]
	msedgedriver!GetHandleVerifier [0x7ff7838d56a3+29c3]
	KERNEL32!BaseThreadInitThunk [0x7fffec53e8d7+17]
	ntdll!RtlUserThreadStart [0x7fffecfcc3fc+2c]

2026-05-08 18:14:00 | INFO | Esperando 180 segundos para el siguiente ciclo...
2026-05-08 18:17:00 | INFO | --------------------------------------------------------------------------------
2026-05-08 18:17:00 | INFO | Iniciando ciclo #20
2026-05-08 18:17:00 | INFO | Verificando estado de login (cada 5 ciclos)...
2026-05-08 18:17:00 | ERROR | ❌ Error al renovar login: Message: invalid session id; For documentation on this error, please visit: https://www.selenium.dev/documentation/webdriver/troubleshooting/errors#invalidsessionidexception
Stacktrace:
	msedgedriver!GetHandleVerifier [0x7ff7838e0f15+e235]
	msedgedriver!GetHandleVerifier [0x7ff7838e0f74+e294]
	msedgedriver!(No symbol) [0x7ff78360ac4e]
	msedgedriver!(No symbol) [0x7ff783648d25]
	msedgedriver!(No symbol) [0x7ff783674052]
	msedgedriver!(No symbol) [0x7ff783602757]
	msedgedriver!(No symbol) [0x7ff7836706de]
	msedgedriver!(No symbol) [0x7ff78366ff6c]
	msedgedriver!(No symbol) [0x7ff7835e2ea5]
	msedgedriver!(No symbol) [0x7ff783713e49]
	msedgedriver!(No symbol) [0x7ff783710413]
	msedgedriver!(No symbol) [0x7ff783720672]
	msedgedriver!GetHandleVerifier [0x7ff7838fd498+2a7b8]
	msedgedriver!GetHandleVerifier [0x7ff783905e86+331a6]
	msedgedriver!(No symbol) [0x7ff7835e183c]
	msedgedriver!GetHandleVerifier [0x7ff783a662b8+1935d8]
	KERNEL32!BaseThreadInitThunk [0x7fffec53e8d7+17]
	ntdll!RtlUserThreadStart [0x7fffecfcc3fc+2c]

2026-05-08 18:17:00 | INFO | Intentando reconectar...
2026-05-08 18:17:00 | ERROR | ❌ Error fatal: Message: invalid session id; For documentation on this error, please visit: https://www.selenium.dev/documentation/webdriver/troubleshooting/errors#invalidsessionidexception
Stacktrace:
	msedgedriver!GetHandleVerifier [0x7ff7838e0f15+e235]
	msedgedriver!GetHandleVerifier [0x7ff7838e0f74+e294]
	msedgedriver!(No symbol) [0x7ff78360ac4e]
	msedgedriver!(No symbol) [0x7ff783648d25]
	msedgedriver!(No symbol) [0x7ff783674052]
	msedgedriver!(No symbol) [0x7ff783602757]
	msedgedriver!(No symbol) [0x7ff7836706de]
	msedgedriver!(No symbol) [0x7ff78366ff6c]
	msedgedriver!(No symbol) [0x7ff7835e2ea5]
	msedgedriver!(No symbol) [0x7ff783713e49]
	msedgedriver!(No symbol) [0x7ff783710413]
	msedgedriver!(No symbol) [0x7ff783720672]
	msedgedriver!GetHandleVerifier [0x7ff7838fd498+2a7b8]
	msedgedriver!GetHandleVerifier [0x7ff783905e86+331a6]
	msedgedriver!(No symbol) [0x7ff7835e183c]
	msedgedriver!GetHandleVerifier [0x7ff783a662b8+1935d8]
	KERNEL32!BaseThreadInitThunk [0x7fffec53e8d7+17]
	ntdll!RtlUserThreadStart [0x7fffecfcc3fc+2c]
Traceback (most recent call last):
  File "C:\Users\millo\Downloads\hoja de vida\job_bot\main.py", line 87, in main
    platform.ensure_logged_in()
    ~~~~~~~~~~~~~~~~~~~~~~~~~^^
  File "C:\Users\millo\Downloads\hoja de vida\job_bot\platforms\magneto.py", line 50, in ensure_logged_in
    self.driver.get(f"{self.BASE_URL}/co")
    ~~~~~~~~~~~~~~~^^^^^^^^^^^^^^^^^^^^^^^
  File "C:\Users\millo\Downloads\hoja de vida\job_bot\.venv\Lib\site-packages\selenium\webdriver\remote\webdriver.py", line 470, in get
    self.execute(Command.GET, {"url": url})
    ~~~~~~~~~~~~^^^^^^^^^^^^^^^^^^^^^^^^^^^
  File "C:\Users\millo\Downloads\hoja de vida\job_bot\.venv\Lib\site-packages\selenium\webdriver\remote\webdriver.py", line 450, in execute
    self.error_handler.check_response(response)
    ~~~~~~~~~~~~~~~~~~~~~~~~~~~~~~~~~^^^^^^^^^^
  File "C:\Users\millo\Downloads\hoja de vida\job_bot\.venv\Lib\site-packages\selenium\webdriver\remote\errorhandler.py", line 232, in check_response
    raise exception_class(message, screen, stacktrace)
selenium.common.exceptions.InvalidSessionIdException: Message: invalid session id; For documentation on this error, please visit: https://www.selenium.dev/documentation/webdriver/troubleshooting/errors#invalidsessionidexception
Stacktrace:
	msedgedriver!GetHandleVerifier [0x7ff7838e0f15+e235]
	msedgedriver!GetHandleVerifier [0x7ff7838e0f74+e294]
	msedgedriver!(No symbol) [0x7ff78360ac4e]
	msedgedriver!(No symbol) [0x7ff783648d25]
	msedgedriver!(No symbol) [0x7ff783674052]
	msedgedriver!(No symbol) [0x7ff783602757]
	msedgedriver!(No symbol) [0x7ff7836706de]
	msedgedriver!(No symbol) [0x7ff78366ff6c]
	msedgedriver!(No symbol) [0x7ff7835e2ea5]
	msedgedriver!(No symbol) [0x7ff783713e49]
	msedgedriver!(No symbol) [0x7ff783710413]
	msedgedriver!(No symbol) [0x7ff783720672]
	msedgedriver!GetHandleVerifier [0x7ff7838fd498+2a7b8]
	msedgedriver!GetHandleVerifier [0x7ff783905e86+331a6]
	msedgedriver!(No symbol) [0x7ff7835e183c]
	msedgedriver!GetHandleVerifier [0x7ff783a662b8+1935d8]
	KERNEL32!BaseThreadInitThunk [0x7fffec53e8d7+17]
	ntdll!RtlUserThreadStart [0x7fffecfcc3fc+2c]


During handling of the above exception, another exception occurred:

Traceback (most recent call last):
  File "C:\Users\millo\Downloads\hoja de vida\job_bot\main.py", line 92, in main
    driver.refresh()
    ~~~~~~~~~~~~~~^^
  File "C:\Users\millo\Downloads\hoja de vida\job_bot\.venv\Lib\site-packages\selenium\webdriver\remote\webdriver.py", line 648, in refresh
    self.execute(Command.REFRESH)
    ~~~~~~~~~~~~^^^^^^^^^^^^^^^^^
  File "C:\Users\millo\Downloads\hoja de vida\job_bot\.venv\Lib\site-packages\selenium\webdriver\remote\webdriver.py", line 450, in execute
    self.error_handler.check_response(response)
    ~~~~~~~~~~~~~~~~~~~~~~~~~~~~~~~~~^^^^^^^^^^
  File "C:\Users\millo\Downloads\hoja de vida\job_bot\.venv\Lib\site-packages\selenium\webdriver\remote\errorhandler.py", line 232, in check_response
    raise exception_class(message, screen, stacktrace)
selenium.common.exceptions.InvalidSessionIdException: Message: invalid session id; For documentation on this error, please visit: https://www.selenium.dev/documentation/webdriver/troubleshooting/errors#invalidsessionidexception
Stacktrace:
	msedgedriver!GetHandleVerifier [0x7ff7838e0f15+e235]
	msedgedriver!GetHandleVerifier [0x7ff7838e0f74+e294]
	msedgedriver!(No symbol) [0x7ff78360ac4e]
	msedgedriver!(No symbol) [0x7ff783648d25]
	msedgedriver!(No symbol) [0x7ff783674052]
	msedgedriver!(No symbol) [0x7ff783602757]
	msedgedriver!(No symbol) [0x7ff7836706de]
	msedgedriver!(No symbol) [0x7ff78366ff6c]
	msedgedriver!(No symbol) [0x7ff7835e2ea5]
	msedgedriver!(No symbol) [0x7ff783713e49]
	msedgedriver!(No symbol) [0x7ff783710413]
	msedgedriver!(No symbol) [0x7ff783720672]
	msedgedriver!GetHandleVerifier [0x7ff7838fd498+2a7b8]
	msedgedriver!GetHandleVerifier [0x7ff783905e86+331a6]
	msedgedriver!(No symbol) [0x7ff7835e183c]
	msedgedriver!GetHandleVerifier [0x7ff783a662b8+1935d8]
	KERNEL32!BaseThreadInitThunk [0x7fffec53e8d7+17]
	ntdll!RtlUserThreadStart [0x7fffecfcc3fc+2c]

2026-05-08 18:17:00 | INFO | Limpiando recursos...
2026-05-08 18:17:02 | INFO | ✅ Driver de navegador cerrado
2026-05-08 18:17:02 | INFO | ================================================================================
2026-05-08 18:17:02 | INFO | Bot terminado. Ciclos completados: 20
2026-05-08 18:17:02 | INFO | ================================================================================
